order_id,delivery_person_id,delivery_person_age,delivery_person_rating,city,order_date,order_time,weather_conditions,road_traffic_density,vehicle_condition,type_of_order,type_of_vehicle,multiple_deliveries,festival,distance_km,order_value_inr,payment_type,order_status,cancellation_reason,delivery_time_min
ORD104470,CHERES25DEL08,18,4.4,Chennai,2026-03-01,01:35:00,Sunny,High,0,Drinks,motorcycle,0,No,3.74,578.48,Cash,Delivered,,37.4
ORD105904,DELRES39DEL03,23,4.6,Delhi,2026-03-01,02:53:00,Stormy,Low,2,Snack,motorcycle,0,No,1.06,406.41,UPI,Delivered,,26.7
ORD104386,DELRES03DEL06,18,4.0,Delhi,2026-03-01,03:45:00,Sunny,High,3,Snack,motorcycle,2,No,5.64,562.14,Card,Cancelled,Customer Cancelled,
ORD100242,PUNRES18DEL03,24,4.4,Pune,2026-03-01,04:59:00,Sunny,Medium,0,Meal,scooter,1,No,3.67,269.36,UPI,Delivered,,29.5
ORD103258,PUNRES02DEL01,31,4.9,Pune,2026-03-01,06:15:00,Sunny,Medium,3,Snack,motorcycle,0,No,2.98,331.59,Cash,Delivered,,25.7
ORD105026,CHERES26DEL03,32,4.2,Chennai,2026-03-01,07:11:00,Windy,Medium,0,Buffet,scooter,0,No,6.09,690.98,UPI,Delivered,,41.5
ORD102918,BENRES44DEL06,37,4.0,Bengaluru,2026-03-01,09:16:00,Sunny,Medium,3,Meal,motorcycle,1,No,9.74,451.89,Card,Delivered,,41.4
ORD101052,DELRES24DEL05,34,4.5,Delhi,2026-03-01,09:56:00,Fog,High,2,Drinks,motorcycle,2,No,1.74,462.24,Wallet,Delivered,,43.5
ORD101488,BENRES25DEL05,33,4.3,Bengaluru,2026-03-01,10:21:00,Sunny,Jam,2,Meal,scooter,2,No,3.5,248.07,Wallet,Delivered,,57.0
ORD105250,PUNRES10DEL03,31,4.5,Pune,2026-03-01,10:35:00,Cloudy,High,1,Meal,bicycle,0,No,2.04,296.41,Cash,Cancelled,Customer Cancelled,
ORD101937,BENRES28DEL07,28,4.5,Bengaluru,2026-03-01,10:55:00,Stormy,Medium,1,Buffet,scooter,0,No,2.57,254.62,UPI,Cancelled,Traffic Delay,
ORD104492,KOLRES34DEL03,27,5.0,Kolkata,2026-03-01,11:02:00,Windy,Low,1,Snack,motorcycle,0,No,3.36,249.69,UPI,Delivered,,29.5
ORD102707,BENRES04DEL02,22,3.9,Bengaluru,2026-03-01,11:10:00,Sunny,High,3,Drinks,motorcycle,0,No,13.97,306.17,UPI,Delivered,,55.6
ORD100453,HYDRES39DEL04,35,4.2,Hyderabad,2026-03-01,11:25:00,Sunny,Jam,2,Buffet,motorcycle,1,No,2.52,175.18,UPI,Delivered,,41.1
ORD104237,MUMRES03DEL08,29,4.5,Mumbai,2026-03-01,12:25:00,Sunny,Medium,1,Meal,motorcycle,0,No,1.15,189.67,Wallet,Delivered,,21.3
ORD103718,PUNRES16DEL01,42,3.9,Pune,2026-03-01,12:31:00,Sunny,Low,2,Drinks,scooter,0,No,13.34,295.3,Cash,Delivered,,31.2
ORD100799,CHERES05DEL05,36,3.7,Chennai,2026-03-01,12:34:00,Sunny,Low,0,Buffet,motorcycle,0,No,7.74,320.63,UPI,Delivered,,27.9
ORD105417,DELRES15DEL05,22,3.7,Delhi,2026-03-01,12:34:00,Cloudy,High,1,Buffet,scooter,0,No,9.9,219.63,Card,Delivered,,42.5
ORD102526,DELRES11DEL05,33,4.2,Delhi,2026-03-01,12:38:00,Sunny,Medium,3,Drinks,electric_scooter,0,No,6.62,379.95,Cash,Delivered,,34.4
ORD104717,CHERES16DEL01,41,4.5,Chennai,2026-03-01,12:41:00,Cloudy,Low,2,Drinks,motorcycle,1,No,6.65,113.87,UPI,Delivered,,34.8
ORD100201,BENRES34DEL07,30,5.0,Bengaluru,2026-03-01,12:43:00,Sandstorms,High,3,Snack,electric_scooter,1,No,0.82,225.82,UPI,Delivered,,38.1
ORD105678,KOLRES21DEL03,24,4.2,Kolkata,2026-03-01,13:25:00,Cloudy,Low,3,Buffet,motorcycle,1,No,5.4,262.77,Cash,Delivered,,35.6
ORD103465,DELRES13DEL07,34,5.0,Delhi,2026-03-01,13:26:00,Sunny,Low,0,Snack,scooter,0,No,4.97,615.45,Wallet,Cancelled,Delivery Partner Unavailable,
ORD104170,PUNRES12DEL02,36,4.5,Pune,2026-03-01,13:47:00,Sandstorms,High,0,Meal,motorcycle,2,No,7.7,261.89,UPI,Delivered,,58.3
ORD103135,MUMRES35DEL06,34,5.0,Mumbai,2026-03-01,14:54:00,Fog,High,0,Snack,motorcycle,0,No,7.91,309.02,Cash,Delivered,,41.9
ORD104612,MUMRES42DEL03,39,3.5,Mumbai,2026-03-01,15:48:00,Cloudy,High,1,Snack,motorcycle,0,No,6.06,395.57,UPI,Cancelled,Traffic Delay,
ORD100409,HYDRES05DEL08,27,3.5,Hyderabad,2026-03-01,16:35:00,Sunny,Jam,1,Drinks,motorcycle,3,No,2.58,250.6,UPI,Delivered,,47.1
ORD102460,HYDRES05DEL06,34,4.5,Hyderabad,2026-03-01,16:43:00,Cloudy,Medium,3,Meal,electric_scooter,1,No,1.38,403.2,UPI,Delivered,,34.6
ORD104323,HYDRES20DEL06,29,4.5,Hyderabad,2026-03-01,17:35:00,Sunny,Low,3,Snack,motorcycle,1,No,0.99,406.25,Cash,Delivered,,19.4
ORD104262,MUMRES25DEL05,24,4.6,Mumbai,2026-03-01,18:29:00,Cloudy,High,0,Snack,scooter,1,No,3.92,200.66,Wallet,Delivered,,45.4
ORD100420,KOLRES36DEL02,39,4.4,Kolkata,2026-03-01,18:32:00,Cloudy,Medium,2,Drinks,motorcycle,1,No,14.84,189.49,UPI,Delivered,,51.7
ORD102013,BENRES44DEL02,37,3.8,Bengaluru,2026-03-01,18:39:00,Cloudy,Low,1,Meal,scooter,0,No,5.1,235.43,Card,Delivered,,26.8
ORD102621,BENRES05DEL07,32,4.6,Bengaluru,2026-03-01,18:40:00,Sandstorms,High,2,Buffet,electric_scooter,0,No,2.81,306.68,Cash,Delivered,,41.7
ORD100302,CHERES39DEL02,18,4.7,Chennai,2026-03-01,19:07:00,Sunny,High,0,Snack,scooter,1,No,1.79,659.48,Card,Delivered,,34.5
ORD103969,CHERES15DEL05,20,4.6,Chennai,2026-03-01,19:11:00,Sunny,Jam,2,Drinks,motorcycle,0,No,2.8,479.23,UPI,Cancelled,Traffic Delay,
ORD100357,BENRES32DEL06,27,4.6,Bengaluru,2026-03-01,19:18:00,Sunny,High,1,Meal,motorcycle,0,No,5.01,318.3,UPI,Delivered,,38.2
ORD105048,MUMRES07DEL04,40,4.3,Mumbai,2026-03-01,19:23:00,Sunny,High,0,Drinks,electric_scooter,0,No,14.0,243.09,UPI,Delivered,,52.8
ORD105481,DELRES38DEL05,22,4.2,Delhi,2026-03-01,19:30:00,Stormy,Medium,0,Meal,motorcycle,2,No,3.93,350.32,Cash,Delivered,,54.3
ORD102468,PUNRES34DEL01,32,4.3,Pune,2026-03-01,19:32:00,Fog,Low,0,Meal,bicycle,1,No,1.58,390.37,UPI,Cancelled,Weather Disruption,
ORD100596,DELRES33DEL01,34,4.7,Delhi,2026-03-01,19:44:00,Fog,Medium,2,Meal,motorcycle,1,No,6.88,100.04,UPI,Cancelled,Customer Cancelled,
ORD104531,DELRES30DEL05,31,4.9,Delhi,2026-03-01,19:50:00,Sunny,Medium,3,Drinks,scooter,0,No,4.17,564.58,Cash,Cancelled,Restaurant Delay,
ORD100910,DELRES02DEL08,19,4.5,Delhi,2026-03-01,19:59:00,Cloudy,Medium,0,Buffet,motorcycle,0,No,2.32,184.77,UPI,Delivered,,27.3
ORD101536,DELRES20DEL01,36,4.1,Delhi,2026-03-01,20:03:00,Windy,High,0,Snack,motorcycle,0,No,1.27,140.89,UPI,Delivered,,27.2
ORD100832,DELRES28DEL01,25,4.1,Delhi,2026-03-01,20:20:00,Cloudy,High,2,Buffet,scooter,1,No,7.1,371.03,UPI,Delivered,,43.4
ORD104032,HYDRES32DEL04,34,4.3,Hyderabad,2026-03-01,20:20:00,Fog,Medium,3,Drinks,motorcycle,1,No,4.4,335.36,UPI,Delivered,,38.7
ORD104596,BENRES11DEL07,23,4.2,Bengaluru,2026-03-01,20:41:00,Cloudy,Medium,0,Meal,motorcycle,2,No,5.13,551.31,Cash,Delivered,,42.7
ORD101820,MUMRES41DEL08,41,4.4,Mumbai,2026-03-01,20:50:00,Sunny,High,1,Buffet,scooter,1,No,5.48,434.2,Wallet,Cancelled,Delivery Partner Unavailable,
ORD105826,MUMRES35DEL04,34,4.7,Mumbai,2026-03-01,22:01:00,Windy,Medium,0,Drinks,motorcycle,1,No,1.28,714.22,UPI,Delivered,,28.1
ORD102369,DELRES20DEL03,24,4.5,Delhi,2026-03-01,22:05:00,Cloudy,Low,3,Drinks,bicycle,2,No,5.78,185.13,UPI,Delivered,,40.6
ORD101834,KOLRES21DEL04,29,4.3,Kolkata,2026-03-01,22:06:00,Cloudy,Medium,1,Drinks,motorcycle,1,No,4.89,593.84,Card,Delivered,,38.3
ORD101032,BENRES09DEL02,31,4.9,Bengaluru,2026-03-01,22:20:00,Sandstorms,Medium,1,Buffet,electric_scooter,0,No,8.49,252.1,UPI,Delivered,,42.2
ORD105055,HYDRES12DEL07,29,3.8,Hyderabad,2026-03-01,22:58:00,Cloudy,Medium,2,Buffet,bicycle,1,No,21.53,450.22,UPI,Delivered,,63.1
ORD103220,PUNRES36DEL02,33,4.9,Pune,2026-03-01,23:19:00,Sunny,Medium,1,Meal,scooter,1,No,6.14,195.79,Card,Delivered,,33.8
ORD102056,BENRES41DEL01,26,4.3,Bengaluru,2026-03-02,06:44:00,Sunny,Low,2,Drinks,motorcycle,0,No,2.99,510.74,Cash,Cancelled,Delivery Partner Unavailable,
ORD101711,KOLRES32DEL07,30,4.2,Kolkata,2026-03-02,08:51:00,Fog,Low,1,Drinks,motorcycle,0,No,6.03,165.95,Card,Delivered,,30.3
ORD103720,CHERES03DEL03,30,4.5,Chennai,2026-03-02,09:18:00,Sunny,Low,0,Drinks,electric_scooter,0,No,2.36,136.49,Cash,Delivered,,27.0
ORD100856,DELRES26DEL04,33,4.7,Delhi,2026-03-02,09:52:00,Sunny,High,0,Buffet,motorcycle,0,No,8.62,202.5,UPI,Delivered,,45.7
ORD105203,DELRES28DEL04,25,4.4,Delhi,2026-03-02,11:10:00,Sunny,Medium,2,Drinks,motorcycle,0,No,1.41,149.82,UPI,Delivered,,26.1
ORD105025,MUMRES13DEL05,30,4.0,Mumbai,2026-03-02,11:39:00,Cloudy,High,0,Snack,motorcycle,1,No,2.4,342.35,Cash,Delivered,,33.3
ORD102969,CHERES41DEL04,23,4.5,Chennai,2026-03-02,11:41:00,Sunny,Medium,3,Snack,electric_scooter,0,No,5.21,220.61,UPI,Delivered,,31.8
ORD105874,BENRES30DEL03,30,5.0,Bengaluru,2026-03-02,11:51:00,Fog,Medium,1,Meal,motorcycle,1,No,2.3,380.55,UPI,Delivered,,41.9
ORD101713,BENRES16DEL03,25,4.2,Bengaluru,2026-03-02,11:53:00,Sunny,Jam,1,Meal,motorcycle,0,No,7.36,237.3,Cash,Delivered,,45.5
ORD104456,PUNRES08DEL06,23,4.2,Pune,2026-03-02,12:14:00,Sunny,Low,3,Snack,motorcycle,1,No,1.86,200.04,Wallet,Delivered,,22.2
ORD105403,BENRES37DEL08,33,4.1,Bengaluru,2026-03-02,12:40:00,Sunny,Medium,0,Drinks,scooter,1,No,7.62,98.91,UPI,Delivered,,35.8
ORD101822,BENRES31DEL03,20,4.1,Bengaluru,2026-03-02,12:45:00,Sunny,Low,0,Drinks,bicycle,1,No,11.46,277.74,Cash,Delivered,,30.5
ORD103303,CHERES09DEL02,27,4.7,Chennai,2026-03-02,12:47:00,Cloudy,Medium,0,Meal,electric_scooter,0,No,0.85,321.5,Card,Delivered,,19.4
ORD100111,BENRES21DEL04,25,4.0,Bengaluru,2026-03-02,12:55:00,Stormy,Medium,0,Drinks,motorcycle,2,No,6.33,546.41,Cash,Cancelled,Restaurant Delay,
ORD105458,DELRES13DEL03,28,4.6,Delhi,2026-03-02,13:07:00,Sunny,Low,2,Snack,motorcycle,0,No,2.96,307.26,UPI,Cancelled,Weather Disruption,
ORD102385,PUNRES09DEL08,18,4.7,Pune,2026-03-02,13:33:00,Windy,Medium,2,Snack,electric_scooter,0,No,3.37,207.09,UPI,Delivered,,29.1
ORD104408,HYDRES03DEL01,31,4.3,Hyderabad,2026-03-02,14:22:00,Cloudy,High,2,Buffet,motorcycle,0,No,18.49,308.29,UPI,Cancelled,Customer Cancelled,
ORD100510,CHERES35DEL04,23,4.3,Chennai,2026-03-02,14:48:00,Sunny,High,2,Buffet,motorcycle,0,No,2.33,727.57,Cash,Delivered,,31.5
ORD100895,CHERES19DEL08,26,4.3,Chennai,2026-03-02,15:05:00,Sunny,High,2,Drinks,motorcycle,0,No,7.8,137.45,Wallet,Delivered,,36.7
ORD103062,BENRES09DEL05,32,4.3,Bengaluru,2026-03-02,15:08:00,Cloudy,High,1,Snack,electric_scooter,1,No,4.3,196.3,UPI,Delivered,,41.0
ORD105631,CHERES39DEL06,19,3.7,Chennai,2026-03-02,16:49:00,Cloudy,High,0,Drinks,motorcycle,2,No,1.46,281.97,Card,Delivered,,36.8
ORD103537,BENRES24DEL07,31,5.0,Bengaluru,2026-03-02,17:07:00,Cloudy,Medium,1,Snack,scooter,1,No,8.9,131.92,UPI,Delivered,,34.3
ORD101455,BENRES37DEL08,33,4.8,Bengaluru,2026-03-02,17:33:00,Sandstorms,Medium,0,Snack,electric_scooter,1,No,21.11,338.81,Wallet,Cancelled,Restaurant Delay,
ORD104629,MUMRES35DEL05,26,4.9,Mumbai,2026-03-02,17:37:00,Fog,Medium,2,Snack,scooter,1,No,9.69,360.82,Wallet,Delivered,,46.2
ORD104361,DELRES44DEL05,37,4.5,Delhi,2026-03-02,18:12:00,Sunny,Low,0,Snack,scooter,0,No,5.57,426.42,UPI,Delivered,,23.4
ORD105128,HYDRES44DEL01,25,4.3,Hyderabad,2026-03-02,18:23:00,Cloudy,Jam,3,Snack,motorcycle,2,No,3.12,319.3,UPI,Cancelled,Customer Cancelled,
ORD104008,BENRES10DEL07,34,3.9,Bengaluru,2026-03-02,18:27:00,Sunny,Medium,1,Snack,motorcycle,0,No,1.07,523.05,UPI,Delivered,,24.9
ORD103926,BENRES26DEL06,29,4.0,Bengaluru,2026-03-02,18:28:00,Sunny,Low,0,Buffet,motorcycle,1,No,0.93,365.6,UPI,Delivered,,25.2
ORD103564,BENRES44DEL01,20,3.7,Bengaluru,2026-03-02,18:35:00,Cloudy,High,1,Meal,motorcycle,1,No,4.66,653.29,Card,Delivered,,41.2
ORD101097,PUNRES36DEL08,31,4.1,Pune,2026-03-02,18:42:00,Cloudy,High,3,Drinks,electric_scooter,1,No,1.76,327.67,UPI,Delivered,,37.0
ORD102146,HYDRES27DEL03,28,4.1,Hyderabad,2026-03-02,18:52:00,Fog,Medium,0,Drinks,motorcycle,0,No,5.75,322.36,UPI,Cancelled,Delivery Partner Unavailable,
ORD105803,MUMRES39DEL03,29,3.9,Mumbai,2026-03-02,18:52:00,Sunny,Low,2,Drinks,electric_scooter,1,No,4.61,252.36,UPI,Delivered,,30.5
ORD100831,BENRES11DEL07,20,4.5,Bengaluru,2026-03-02,19:03:00,Sunny,High,0,Buffet,motorcycle,0,No,8.45,657.4,Cash,Delivered,,44.0
ORD101074,BENRES05DEL08,31,4.2,Bengaluru,2026-03-02,19:13:00,Cloudy,Low,2,Snack,scooter,1,No,3.46,268.48,UPI,Delivered,,28.7
ORD104245,DELRES07DEL03,39,3.9,Delhi,2026-03-02,19:24:00,Cloudy,High,2,Snack,electric_scooter,1,No,1.16,488.88,Cash,Delivered,,28.7
ORD103377,PUNRES30DEL02,34,4.6,Pune,2026-03-02,19:32:00,Sunny,Medium,1,Meal,motorcycle,2,No,6.33,257.72,UPI,Delivered,,36.0
ORD100548,CHERES30DEL07,35,4.9,Chennai,2026-03-02,19:38:00,Windy,Medium,0,Meal,scooter,1,No,8.69,254.95,Cash,Delivered,,35.5
ORD102575,MUMRES32DEL02,32,4.4,Mumbai,2026-03-02,19:42:00,Fog,Medium,0,Snack,scooter,1,No,1.29,347.13,UPI,Delivered,,36.2
ORD103512,MUMRES41DEL06,33,4.1,Mumbai,2026-03-02,20:27:00,Stormy,High,0,Meal,motorcycle,0,No,10.67,437.44,UPI,Delivered,,56.2
ORD100574,BENRES18DEL05,32,4.5,Bengaluru,2026-03-02,20:28:00,Cloudy,High,3,Drinks,scooter,0,No,3.22,299.53,UPI,Delivered,,36.4
ORD104801,HYDRES26DEL07,23,4.4,Hyderabad,2026-03-02,20:38:00,Sunny,High,3,Meal,scooter,0,No,7.82,272.1,UPI,Delivered,,35.5
ORD101110,PUNRES25DEL02,30,4.4,Pune,2026-03-02,20:51:00,Fog,High,2,Buffet,electric_scooter,0,No,7.94,226.17,Wallet,Delivered,,44.2
ORD103943,HYDRES12DEL06,30,4.2,Hyderabad,2026-03-02,21:08:00,Windy,Jam,1,Snack,scooter,0,No,1.85,417.76,Cash,Delivered,,42.4
ORD102930,DELRES07DEL01,26,4.2,Delhi,2026-03-02,21:15:00,Sunny,Medium,1,Meal,scooter,0,No,8.25,344.94,Card,Delivered,,37.5
ORD104233,CHERES01DEL02,21,4.0,Chennai,2026-03-02,21:24:00,Sandstorms,Medium,2,Snack,motorcycle,0,No,1.31,99.17,Cash,Delivered,,27.4
ORD100158,DELRES01DEL05,20,4.3,Delhi,2026-03-02,21:53:00,Cloudy,High,1,Snack,motorcycle,0,No,13.09,207.64,UPI,Delivered,,47.3
ORD101206,DELRES15DEL02,21,4.3,Delhi,2026-03-02,22:11:00,Fog,Jam,2,Buffet,scooter,0,No,3.62,145.44,UPI,Delivered,,45.3
ORD101968,MUMRES40DEL03,18,4.6,Mumbai,2026-03-02,22:12:00,Cloudy,Low,1,Meal,motorcycle,1,No,3.67,269.5,Card,Delivered,,32.8
ORD101784,DELRES34DEL06,31,4.0,Delhi,2026-03-02,22:15:00,Sunny,Low,0,Drinks,scooter,0,No,2.68,359.62,Cash,Delivered,,19.4
ORD100543,DELRES40DEL02,26,4.4,Delhi,2026-03-02,22:25:00,Windy,Jam,1,Drinks,scooter,1,No,1.02,188.68,UPI,Cancelled,Weather Disruption,
ORD100414,MUMRES26DEL05,30,3.9,Mumbai,2026-03-02,22:33:00,Sunny,Medium,0,Buffet,motorcycle,0,No,2.61,233.48,UPI,Delivered,,25.5
ORD101404,DELRES33DEL07,21,4.0,Delhi,2026-03-03,00:54:00,Stormy,Low,2,Meal,motorcycle,1,No,3.33,655.44,UPI,Delivered,,37.4
ORD103546,MUMRES18DEL08,27,4.6,Mumbai,2026-03-03,03:34:00,Sunny,Medium,3,Buffet,motorcycle,0,No,1.19,606.27,UPI,Delivered,,29.2
ORD104711,DELRES37DEL04,23,4.6,Delhi,2026-03-03,05:40:00,Cloudy,Low,0,Buffet,motorcycle,3,No,7.43,502.2,Wallet,Delivered,,48.1
ORD102653,DELRES25DEL06,26,4.3,Delhi,2026-03-03,07:02:00,Sunny,Jam,3,Drinks,scooter,0,No,4.73,157.11,UPI,Delivered,,46.5
ORD103020,MUMRES05DEL07,36,4.1,Mumbai,2026-03-03,08:22:00,Sunny,Jam,0,Drinks,motorcycle,0,No,3.08,85.92,Card,Delivered,,47.4
ORD101553,HYDRES29DEL08,30,4.5,Hyderabad,2026-03-03,10:01:00,Sunny,High,2,Drinks,motorcycle,0,No,5.25,484.12,UPI,Delivered,,34.7
ORD103223,MUMRES12DEL01,39,4.6,Mumbai,2026-03-03,10:59:00,Fog,Low,2,Drinks,scooter,0,No,0.83,223.95,UPI,Delivered,,29.9
ORD103653,HYDRES05DEL08,25,4.6,Hyderabad,2026-03-03,11:19:00,Sunny,High,1,Meal,electric_scooter,0,No,11.71,661.42,UPI,Cancelled,Restaurant Delay,
ORD104437,HYDRES14DEL03,23,4.5,Hyderabad,2026-03-03,11:59:00,Sunny,High,0,Meal,bicycle,0,No,1.53,254.29,Cash,Delivered,,32.4
ORD103165,DELRES29DEL08,32,4.7,Delhi,2026-03-03,12:25:00,Fog,Medium,0,Drinks,motorcycle,0,No,2.98,224.79,UPI,Delivered,,32.4
ORD102163,KOLRES27DEL02,39,4.3,Kolkata,2026-03-03,12:31:00,Cloudy,Medium,2,Buffet,motorcycle,2,No,2.9,188.27,UPI,Delivered,,31.4
ORD100167,MUMRES25DEL06,29,4.2,Mumbai,2026-03-03,13:28:00,Sunny,Low,1,Meal,motorcycle,0,No,3.76,122.26,UPI,Delivered,,20.4
ORD104373,BENRES25DEL04,31,4.7,Bengaluru,2026-03-03,13:29:00,Windy,Medium,0,Snack,scooter,0,No,3.03,93.47,Cash,Delivered,,33.8
ORD104042,HYDRES26DEL07,26,4.4,Hyderabad,2026-03-03,13:35:00,Cloudy,Medium,1,Meal,motorcycle,1,No,3.59,273.78,UPI,Delivered,,38.8
ORD104097,MUMRES27DEL03,30,4.4,Mumbai,2026-03-03,13:41:00,Stormy,Low,3,Meal,motorcycle,1,No,9.08,578.66,UPI,Delivered,,47.0
ORD102410,KOLRES25DEL01,35,4.9,Kolkata,2026-03-03,14:01:00,Fog,High,2,Drinks,motorcycle,0,No,1.3,84.14,Cash,Cancelled,Traffic Delay,
ORD100707,DELRES32DEL08,28,3.8,Delhi,2026-03-03,14:32:00,Cloudy,High,0,Snack,scooter,0,No,3.17,420.86,UPI,Delivered,,38.2
ORD103009,DELRES44DEL08,27,5.0,Delhi,2026-03-03,14:40:00,Fog,High,2,Meal,electric_scooter,2,No,1.5,371.94,UPI,Delivered,,46.3
ORD100442,MUMRES17DEL08,29,4.5,Mumbai,2026-03-03,15:02:00,Sunny,High,0,Drinks,scooter,3,No,13.26,254.36,Cash,Delivered,,52.0
ORD104532,BENRES01DEL02,34,4.8,Bengaluru,2026-03-03,15:29:00,Sunny,High,0,Buffet,electric_scooter,0,No,1.66,198.01,Cash,Cancelled,Delivery Partner Unavailable,
ORD104579,MUMRES37DEL05,31,4.3,Mumbai,2026-03-03,16:18:00,Sandstorms,Medium,0,Buffet,scooter,3,No,7.56,206.84,Wallet,Delivered,,56.3
ORD104453,DELRES31DEL01,35,3.8,Delhi,2026-03-03,16:55:00,Stormy,Low,3,Snack,scooter,0,No,9.0,206.94,Wallet,Delivered,,39.9
ORD102565,DELRES25DEL02,39,4.4,Delhi,2026-03-03,17:34:00,Cloudy,Medium,0,Drinks,bicycle,1,No,3.28,195.59,UPI,Delivered,,34.0
ORD101988,CHERES30DEL01,30,4.8,Chennai,2026-03-03,17:46:00,Sunny,Low,3,Meal,scooter,1,No,3.89,413.11,UPI,Delivered,,32.3
ORD103806,PUNRES39DEL07,44,4.9,Pune,2026-03-03,18:08:00,Sunny,Medium,0,Drinks,motorcycle,2,No,1.53,296.04,UPI,Delivered,,32.3
ORD100710,CHERES42DEL05,35,4.5,Chennai,2026-03-03,18:11:00,Sunny,High,0,Meal,motorcycle,1,No,3.71,493.57,UPI,Delivered,,35.7
ORD100110,MUMRES20DEL02,24,4.3,Mumbai,2026-03-03,18:13:00,Sunny,Medium,1,Buffet,motorcycle,1,No,1.59,162.52,UPI,Delivered,,30.1
ORD104318,PUNRES43DEL02,34,4.2,Pune,2026-03-03,19:06:00,Windy,Low,2,Drinks,motorcycle,2,No,3.81,260.49,UPI,Delivered,,33.1
ORD100283,MUMRES20DEL03,21,4.0,Mumbai,2026-03-03,19:20:00,Cloudy,High,1,Snack,scooter,0,No,6.99,131.38,Cash,Delivered,,39.8
ORD101168,PUNRES21DEL01,33,4.4,Pune,2026-03-03,19:36:00,Sunny,Medium,0,Meal,scooter,1,No,2.83,240.0,UPI,Delivered,,35.9
ORD105444,CHERES41DEL03,34,4.5,Chennai,2026-03-03,19:48:00,Sandstorms,Medium,3,Drinks,motorcycle,0,No,13.15,583.34,Cash,Delivered,,50.3
ORD102913,PUNRES10DEL04,29,4.3,Pune,2026-03-03,19:55:00,Fog,Low,0,Buffet,motorcycle,0,No,4.84,185.41,Card,Delivered,,29.9
ORD104710,DELRES04DEL01,27,3.8,Delhi,2026-03-03,20:23:00,Stormy,Low,1,Drinks,motorcycle,0,No,4.73,329.3,Card,Delivered,,35.8
ORD103217,MUMRES06DEL07,29,4.3,Mumbai,2026-03-03,20:32:00,Sunny,Low,2,Drinks,motorcycle,3,No,4.3,267.37,UPI,Delivered,,39.0
ORD105078,DELRES22DEL02,32,4.4,Delhi,2026-03-03,20:40:00,Windy,Medium,0,Snack,bicycle,0,No,6.23,702.88,UPI,Delivered,,34.2
ORD100726,DELRES20DEL06,36,4.3,Delhi,2026-03-03,20:52:00,Cloudy,High,2,Snack,motorcycle,1,No,7.09,311.23,UPI,Delivered,,40.0
ORD100921,CHERES42DEL01,35,4.6,Chennai,2026-03-03,21:43:00,Cloudy,Low,1,Meal,motorcycle,1,No,8.48,217.08,Wallet,Delivered,,34.2
ORD102782,MUMRES31DEL04,34,3.4,Mumbai,2026-03-03,22:04:00,Stormy,Low,0,Drinks,scooter,0,No,1.92,235.84,Wallet,Delivered,,29.8
ORD102531,CHERES30DEL05,24,4.0,Chennai,2026-03-03,22:28:00,Sunny,Medium,0,Drinks,scooter,3,No,10.44,204.74,UPI,Delivered,,55.8
ORD105774,HYDRES38DEL06,23,4.5,Hyderabad,2026-03-03,22:34:00,Cloudy,Medium,1,Buffet,scooter,3,No,16.2,198.94,UPI,Delivered,,66.3
ORD101797,BENRES19DEL01,22,4.1,Bengaluru,2026-03-03,22:41:00,Cloudy,Medium,3,Meal,motorcycle,2,No,6.3,181.01,Wallet,Delivered,,40.9
ORD102561,BENRES30DEL07,37,4.2,Bengaluru,2026-03-03,22:41:00,Cloudy,Low,3,Buffet,bicycle,0,No,1.64,274.94,Wallet,Delivered,,21.6
ORD103282,DELRES42DEL08,34,4.3,Delhi,2026-03-03,22:41:00,Windy,High,2,Buffet,scooter,1,No,1.66,227.59,UPI,Delivered,,32.8
ORD103226,BENRES22DEL02,29,3.7,Bengaluru,2026-03-03,23:25:00,Sunny,Medium,1,Drinks,motorcycle,0,No,9.54,185.75,UPI,Delivered,,38.5
ORD105622,HYDRES38DEL03,23,3.9,Hyderabad,2026-03-03,23:35:00,Sunny,Medium,1,Meal,scooter,0,No,2.85,238.75,UPI,Delivered,,25.2
ORD101787,DELRES10DEL08,33,5.0,Delhi,2026-03-04,03:47:00,Windy,Jam,1,Meal,motorcycle,2,No,1.75,128.34,UPI,Delivered,,50.1
ORD102864,MUMRES22DEL07,25,4.2,Mumbai,2026-03-04,04:15:00,Sunny,Medium,3,Snack,electric_scooter,0,No,7.99,306.67,UPI,Delivered,,35.2
ORD100258,MUMRES14DEL06,38,4.8,Mumbai,2026-03-04,07:16:00,Stormy,High,1,Meal,scooter,0,No,4.23,295.84,Cash,Cancelled,Delivery Partner Unavailable,
ORD101618,CHERES38DEL08,23,4.0,Chennai,2026-03-04,07:49:00,Windy,Medium,0,Drinks,motorcycle,0,No,12.95,569.52,Card,Delivered,,42.7
ORD105729,DELRES26DEL08,23,4.0,Delhi,2026-03-04,08:06:00,Cloudy,Medium,3,Snack,motorcycle,1,No,4.87,159.31,Cash,Delivered,,38.5
ORD105580,CHERES35DEL02,34,3.9,Chennai,2026-03-04,08:57:00,Sunny,Jam,1,Buffet,motorcycle,0,No,9.87,228.97,UPI,Delivered,,49.0
ORD103483,CHERES32DEL03,37,4.1,Chennai,2026-03-04,10:42:00,Sunny,Medium,0,Meal,electric_scooter,0,No,1.53,180.7,UPI,Delivered,,26.3
ORD100938,BENRES31DEL03,27,4.8,Bengaluru,2026-03-04,11:04:00,Cloudy,Medium,1,Meal,scooter,0,No,1.77,205.34,UPI,Delivered,,23.4
ORD102666,DELRES29DEL07,18,4.5,Delhi,2026-03-04,11:25:00,Windy,Low,2,Meal,scooter,0,No,3.34,249.3,Cash,Delivered,,28.7
ORD100941,BENRES19DEL03,24,4.2,Bengaluru,2026-03-04,11:38:00,Cloudy,High,3,Buffet,motorcycle,2,No,4.01,573.2,UPI,Delivered,,45.4
ORD101015,DELRES27DEL08,36,4.3,Delhi,2026-03-04,12:03:00,Stormy,Low,3,Snack,electric_scooter,0,No,2.27,643.08,UPI,Delivered,,29.4
ORD100293,BENRES07DEL05,29,3.8,Bengaluru,2026-03-04,12:13:00,Windy,Low,2,Buffet,scooter,2,No,2.76,426.68,UPI,Delivered,,28.5
ORD105771,HYDRES38DEL07,27,4.6,Hyderabad,2026-03-04,12:13:00,Fog,Jam,1,Drinks,electric_scooter,0,No,5.15,183.71,UPI,Delivered,,49.8
ORD105693,HYDRES40DEL08,33,4.6,Hyderabad,2026-03-04,12:16:00,Sunny,Medium,0,Snack,motorcycle,0,No,1.24,249.72,UPI,Delivered,,25.5
ORD104035,MUMRES12DEL03,31,4.9,Mumbai,2026-03-04,12:27:00,Windy,Medium,0,Meal,motorcycle,0,No,3.96,370.66,Card,Delivered,,29.8
ORD100212,HYDRES09DEL05,37,5.0,Hyderabad,2026-03-04,12:32:00,Sunny,Low,3,Drinks,motorcycle,0,No,1.57,408.13,UPI,Delivered,,20.3
ORD103502,MUMRES15DEL05,27,4.1,Mumbai,2026-03-04,12:41:00,Windy,Low,3,Drinks,motorcycle,1,No,0.86,337.08,UPI,Delivered,,27.2
ORD104694,MUMRES32DEL08,21,4.5,Mumbai,2026-03-04,13:26:00,Cloudy,Low,3,Buffet,bicycle,2,No,16.86,258.01,Cash,Delivered,,51.5
ORD104809,PUNRES40DEL06,28,4.4,Pune,2026-03-04,13:42:00,Sunny,Medium,3,Meal,bicycle,0,No,4.29,312.1,Cash,Delivered,,30.4
ORD105358,DELRES43DEL02,22,4.0,Delhi,2026-03-04,13:44:00,Cloudy,High,0,Meal,scooter,3,No,3.88,164.94,Cash,Delivered,,52.7
ORD101499,CHERES39DEL06,26,4.0,Chennai,2026-03-04,14:05:00,Cloudy,Low,1,Buffet,bicycle,0,No,5.87,322.2,Card,Delivered,,25.5
ORD105400,BENRES09DEL07,30,4.1,Bengaluru,2026-03-04,14:54:00,Sunny,Medium,3,Buffet,motorcycle,0,No,12.06,519.6,UPI,Delivered,,37.9
ORD104086,BENRES40DEL02,18,4.5,Bengaluru,2026-03-04,14:55:00,Cloudy,High,1,Snack,motorcycle,0,No,8.21,370.36,Cash,Delivered,,39.6
ORD100362,PUNRES20DEL06,31,4.6,Pune,2026-03-04,15:24:00,Sunny,High,1,Snack,scooter,1,No,3.02,139.73,UPI,Delivered,,36.6
ORD101124,BENRES21DEL04,30,4.3,Bengaluru,2026-03-04,16:21:00,Sunny,High,0,Buffet,motorcycle,0,No,10.31,295.89,UPI,Delivered,,50.0
ORD102231,PUNRES27DEL05,25,4.3,Pune,2026-03-04,16:57:00,Cloudy,Medium,2,Snack,scooter,1,No,0.99,428.57,Card,Delivered,,26.4
ORD100034,KOLRES34DEL04,23,4.5,Kolkata,2026-03-04,16:59:00,Cloudy,Medium,2,Meal,motorcycle,3,No,3.84,346.74,UPI,Delivered,,41.6
ORD101926,MUMRES20DEL04,27,4.4,Mumbai,2026-03-04,17:01:00,Stormy,Medium,3,Snack,motorcycle,2,No,8.23,356.73,UPI,Delivered,,56.0
ORD103279,DELRES13DEL08,26,4.8,Delhi,2026-03-04,17:39:00,Windy,Low,1,Meal,motorcycle,0,No,1.37,425.58,Card,Cancelled,Traffic Delay,
ORD104376,HYDRES37DEL01,26,4.2,Hyderabad,2026-03-04,18:14:00,Stormy,Low,1,Snack,motorcycle,0,No,4.54,256.62,UPI,Delivered,,29.2
ORD100616,HYDRES19DEL04,36,4.4,Hyderabad,2026-03-04,18:16:00,Stormy,Medium,0,Drinks,electric_scooter,1,No,0.92,427.35,Card,Delivered,,33.8
ORD103073,BENRES33DEL02,30,4.5,Bengaluru,2026-03-04,18:16:00,Stormy,High,1,Drinks,electric_scooter,0,No,1.94,441.09,UPI,Delivered,,43.1
ORD104699,DELRES18DEL08,35,3.9,Delhi,2026-03-04,19:25:00,Fog,Medium,0,Meal,motorcycle,0,No,5.76,206.77,UPI,Delivered,,35.4
ORD101899,BENRES40DEL02,27,4.7,Bengaluru,2026-03-04,19:40:00,Sunny,Low,0,Meal,motorcycle,0,No,1.23,508.12,Cash,Delivered,,18.7
ORD101474,BENRES32DEL04,34,4.6,Bengaluru,2026-03-04,19:58:00,Fog,Medium,0,Meal,motorcycle,1,No,4.77,383.68,Cash,Delivered,,41.2
ORD104780,DELRES28DEL05,39,3.8,Delhi,2026-03-04,20:00:00,Sandstorms,Medium,2,Drinks,motorcycle,1,No,3.22,233.46,UPI,Delivered,,37.4
ORD104709,PUNRES42DEL08,36,4.2,Pune,2026-03-04,20:12:00,Sunny,Low,1,Meal,motorcycle,2,No,2.15,191.0,Cash,Delivered,,33.0
ORD101268,BENRES28DEL05,31,3.9,Bengaluru,2026-03-04,20:18:00,Sunny,Jam,1,Meal,scooter,2,No,3.3,328.02,UPI,Delivered,,48.1
ORD104051,CHERES24DEL02,36,5.0,Chennai,2026-03-04,20:59:00,Stormy,High,2,Buffet,motorcycle,0,No,1.34,713.56,UPI,Delivered,,43.7
ORD103337,MUMRES39DEL03,27,4.4,Mumbai,2026-03-04,22:06:00,Windy,Jam,1,Drinks,motorcycle,2,No,10.67,422.16,Card,Delivered,,69.5
ORD100192,KOLRES42DEL02,20,4.2,Kolkata,2026-03-04,22:48:00,Sunny,Low,3,Buffet,scooter,1,No,1.07,376.81,UPI,Delivered,,27.4
ORD103213,BENRES20DEL07,38,3.6,Bengaluru,2026-03-04,23:18:00,Cloudy,Low,1,Drinks,motorcycle,0,No,1.38,243.77,Cash,Delivered,,27.1
ORD105783,DELRES28DEL01,23,4.4,Delhi,2026-03-04,23:51:00,Sandstorms,Medium,0,Snack,motorcycle,1,No,1.4,478.25,Card,Delivered,,38.6
ORD101122,CHERES24DEL02,25,4.6,Chennai,2026-03-05,04:05:00,Sunny,Medium,2,Drinks,scooter,1,No,2.16,94.08,Card,Delivered,,30.2
ORD103382,PUNRES13DEL03,25,4.3,Pune,2026-03-05,07:23:00,Sunny,Low,2,Buffet,motorcycle,2,No,1.31,196.46,UPI,Delivered,,38.0
ORD103516,HYDRES04DEL05,24,4.5,Hyderabad,2026-03-05,07:31:00,Fog,Medium,1,Meal,motorcycle,1,No,7.26,498.61,Card,Delivered,,35.5
ORD103018,MUMRES05DEL02,18,4.8,Mumbai,2026-03-05,07:44:00,Cloudy,Low,2,Drinks,bicycle,3,No,1.91,165.58,Cash,Delivered,,30.8
ORD104932,DELRES01DEL07,32,4.3,Delhi,2026-03-05,08:10:00,Sunny,Low,3,Buffet,scooter,2,No,4.84,292.3,Cash,Delivered,,31.6
ORD104949,BENRES25DEL03,27,4.6,Bengaluru,2026-03-05,08:38:00,Windy,High,1,Meal,bicycle,2,No,1.04,237.32,UPI,Delivered,,41.5
ORD103055,BENRES15DEL01,25,4.4,Bengaluru,2026-03-05,08:56:00,Sunny,Medium,0,Buffet,motorcycle,0,No,2.21,254.09,Card,Delivered,,15.0
ORD105995,BENRES28DEL02,27,4.5,Bengaluru,2026-03-05,09:54:00,Fog,High,2,Buffet,motorcycle,2,No,6.6,416.71,UPI,Delivered,,55.6
ORD104582,HYDRES32DEL06,30,4.4,Hyderabad,2026-03-05,09:57:00,Sunny,Low,3,Snack,motorcycle,0,No,5.52,310.69,Card,Delivered,,24.1
ORD104552,DELRES14DEL03,43,4.0,Delhi,2026-03-05,10:22:00,Sunny,Low,1,Drinks,scooter,1,No,0.99,253.45,UPI,Delivered,,25.5
ORD101346,CHERES26DEL07,42,3.9,Chennai,2026-03-05,11:50:00,Windy,Jam,1,Snack,motorcycle,2,No,1.85,485.7,UPI,Cancelled,Customer Cancelled,
ORD105962,CHERES25DEL06,20,4.2,Chennai,2026-03-05,12:30:00,Stormy,Medium,0,Meal,scooter,0,No,6.21,306.79,UPI,Delivered,,38.0
ORD105518,PUNRES37DEL03,31,4.2,Pune,2026-03-05,13:15:00,Sunny,High,1,Drinks,electric_scooter,1,No,8.07,449.28,Wallet,Delivered,,39.2
ORD100195,BENRES26DEL03,39,4.7,Bengaluru,2026-03-05,13:16:00,Sunny,Medium,1,Meal,motorcycle,1,No,2.59,137.4,Cash,Delivered,,27.0
ORD100364,HYDRES41DEL06,28,4.3,Hyderabad,2026-03-05,13:17:00,Sunny,Low,3,Snack,bicycle,0,No,8.8,317.33,Cash,Delivered,,36.6
ORD100427,MUMRES29DEL01,26,4.6,Mumbai,2026-03-05,13:17:00,Stormy,High,1,Drinks,bicycle,0,No,13.07,323.02,UPI,Delivered,,53.5
ORD103814,PUNRES39DEL05,30,4.6,Pune,2026-03-05,13:24:00,Fog,High,1,Meal,scooter,1,No,6.94,145.59,Cash,Cancelled,Delivery Partner Unavailable,
ORD103584,CHERES24DEL01,28,5.0,Chennai,2026-03-05,13:54:00,Cloudy,Medium,2,Buffet,motorcycle,1,No,7.36,133.73,Cash,Delivered,,40.6
ORD100398,DELRES08DEL06,43,3.5,Delhi,2026-03-05,14:54:00,Cloudy,Low,3,Drinks,scooter,0,No,6.72,423.71,Cash,Delivered,,29.1
ORD103313,PUNRES06DEL04,33,3.8,Pune,2026-03-05,14:56:00,Fog,Low,3,Buffet,motorcycle,0,No,2.26,442.47,UPI,Delivered,,23.8
ORD104663,KOLRES41DEL04,27,4.5,Kolkata,2026-03-05,15:02:00,Windy,Jam,0,Snack,scooter,0,No,11.47,335.08,UPI,Delivered,,58.1
ORD104204,HYDRES43DEL02,32,4.4,Hyderabad,2026-03-05,15:09:00,Sunny,Medium,2,Snack,motorcycle,0,No,2.99,247.79,Cash,Delivered,,21.9
ORD104603,BENRES05DEL06,24,4.7,Bengaluru,2026-03-05,15:16:00,Fog,Medium,2,Buffet,scooter,1,No,2.95,226.47,UPI,Delivered,,38.6
ORD105486,CHERES38DEL06,35,4.3,Chennai,2026-03-05,17:24:00,Cloudy,Low,2,Buffet,motorcycle,0,No,8.22,342.56,UPI,Delivered,,37.1
ORD101174,BENRES12DEL07,44,4.4,Bengaluru,2026-03-05,17:58:00,Sunny,High,3,Drinks,motorcycle,0,No,1.89,277.71,Cash,Delivered,,27.6
ORD103401,CHERES11DEL04,30,4.0,Chennai,2026-03-05,18:01:00,Cloudy,High,3,Snack,scooter,3,No,1.56,226.45,Cash,Delivered,,44.1
ORD102113,MUMRES09DEL02,41,4.7,Mumbai,2026-03-05,18:34:00,Cloudy,Jam,0,Drinks,motorcycle,0,No,1.6,170.48,Cash,Delivered,,40.1
ORD105081,PUNRES12DEL06,25,4.4,Pune,2026-03-05,18:38:00,Stormy,Low,3,Drinks,motorcycle,0,No,1.78,380.82,Cash,Delivered,,38.1
ORD105507,DELRES44DEL07,33,4.3,Delhi,2026-03-05,18:44:00,Sunny,High,0,Snack,scooter,0,No,25.0,449.07,Wallet,Delivered,,63.5
ORD100025,BENRES44DEL02,25,3.9,Bengaluru,2026-03-05,19:31:00,Sunny,Medium,2,Drinks,scooter,0,No,7.48,135.39,Card,Delivered,,35.6
ORD102850,PUNRES25DEL07,27,4.4,Pune,2026-03-05,19:32:00,Windy,Medium,3,Buffet,motorcycle,0,No,6.97,408.51,Wallet,Delivered,,38.6
ORD104065,BENRES39DEL03,21,4.7,Bengaluru,2026-03-05,19:55:00,Sunny,Jam,0,Buffet,electric_scooter,1,No,2.05,167.11,UPI,Delivered,,37.0
ORD101269,CHERES18DEL04,22,4.2,Chennai,2026-03-05,20:19:00,Stormy,High,1,Buffet,motorcycle,0,No,1.36,241.9,Card,Delivered,,37.2
ORD102294,HYDRES40DEL05,30,3.8,Hyderabad,2026-03-05,20:37:00,Fog,High,0,Buffet,scooter,1,No,9.49,213.09,UPI,Delivered,,55.8
ORD105577,HYDRES36DEL05,31,4.6,Hyderabad,2026-03-05,20:45:00,Sunny,Low,1,Meal,motorcycle,0,No,1.27,713.71,UPI,Delivered,,29.2
ORD100577,PUNRES10DEL01,25,4.5,Pune,2026-03-05,21:05:00,Cloudy,Medium,0,Meal,electric_scooter,1,No,2.14,158.27,UPI,Delivered,,41.1
ORD100076,CHERES17DEL02,33,4.4,Chennai,2026-03-05,21:59:00,Cloudy,Low,2,Snack,electric_scooter,1,No,2.09,426.0,UPI,Delivered,,25.5
ORD105430,CHERES34DEL08,25,4.3,Chennai,2026-03-05,22:25:00,Sunny,Jam,2,Drinks,electric_scooter,2,No,10.69,224.43,UPI,Delivered,,63.1
ORD102074,BENRES06DEL05,34,4.4,Bengaluru,2026-03-05,22:29:00,Stormy,High,1,Snack,motorcycle,0,No,6.63,254.39,UPI,Delivered,,54.4
ORD103241,HYDRES05DEL06,29,4.0,Hyderabad,2026-03-05,22:59:00,Stormy,Jam,2,Meal,scooter,0,No,9.11,564.98,Cash,Delivered,,51.4
ORD103261,CHERES03DEL05,27,4.8,Chennai,2026-03-05,23:22:00,Sandstorms,Low,1,Buffet,electric_scooter,0,No,2.36,210.66,UPI,Delivered,,32.1
ORD103811,MUMRES38DEL01,31,4.5,Mumbai,2026-03-06,00:46:00,Sunny,Medium,3,Drinks,electric_scooter,0,No,1.31,451.46,UPI,Delivered,,18.5
ORD100007,DELRES43DEL06,23,4.3,Delhi,2026-03-06,05:09:00,Sunny,Low,0,Drinks,scooter,0,No,8.19,169.29,UPI,Delivered,,38.1
ORD102008,BENRES32DEL01,23,4.8,Bengaluru,2026-03-06,06:45:00,Fog,Medium,2,Drinks,motorcycle,3,No,9.12,593.75,Card,Delivered,,52.7
ORD103704,DELRES09DEL08,21,4.6,Delhi,2026-03-06,08:32:00,Sandstorms,High,0,Buffet,motorcycle,0,No,1.39,241.27,UPI,Delivered,,33.9
ORD100690,DELRES06DEL05,25,3.9,Delhi,2026-03-06,09:02:00,Windy,Medium,3,Meal,scooter,0,No,2.24,212.89,Cash,Delivered,,26.7
ORD104430,CHERES21DEL03,28,4.9,Chennai,2026-03-06,09:22:00,Cloudy,Medium,0,Meal,motorcycle,0,No,4.77,285.55,Card,Delivered,,24.8
ORD102956,BENRES11DEL01,28,4.2,Bengaluru,2026-03-06,10:32:00,Sunny,Low,0,Drinks,motorcycle,0,No,5.52,366.17,Wallet,Delivered,,31.0
ORD104075,BENRES35DEL04,26,4.2,Bengaluru,2026-03-06,10:42:00,Sunny,Low,2,Snack,motorcycle,0,No,2.99,287.31,Cash,Delivered,,22.0
ORD105687,DELRES19DEL07,37,3.9,Delhi,2026-03-06,11:12:00,Stormy,High,2,Snack,motorcycle,1,No,10.69,83.53,UPI,Delivered,,60.3
ORD104260,MUMRES43DEL03,24,4.1,Mumbai,2026-03-06,12:26:00,Sunny,High,0,Meal,motorcycle,0,No,11.61,249.83,UPI,Cancelled,Traffic Delay,
ORD105619,MUMRES06DEL02,28,4.5,Mumbai,2026-03-06,12:27:00,Windy,Medium,3,Snack,scooter,0,No,10.07,398.1,Card,Delivered,,42.1
ORD102993,CHERES39DEL07,38,4.5,Chennai,2026-03-06,12:40:00,Stormy,Medium,3,Buffet,bicycle,0,No,2.39,187.34,UPI,Delivered,,32.6
ORD102777,DELRES26DEL06,35,4.7,Delhi,2026-03-06,13:39:00,Sunny,Medium,3,Meal,motorcycle,1,No,7.64,411.66,Card,Delivered,,26.5
ORD100180,BENRES29DEL04,23,4.5,Bengaluru,2026-03-06,13:42:00,Cloudy,Low,0,Meal,bicycle,1,No,6.39,477.09,UPI,Delivered,,33.4
ORD104030,DELRES22DEL04,33,4.3,Delhi,2026-03-06,13:52:00,Sunny,Medium,2,Snack,electric_scooter,1,No,5.08,386.95,Cash,Delivered,,40.6
ORD100010,DELRES05DEL01,30,4.9,Delhi,2026-03-06,13:53:00,Sandstorms,High,2,Meal,electric_scooter,1,No,13.51,570.74,Card,Delivered,,57.3
ORD104669,MUMRES41DEL06,26,4.5,Mumbai,2026-03-06,13:55:00,Cloudy,Medium,3,Meal,bicycle,3,No,1.98,168.83,Card,Delivered,,38.1
ORD101900,BENRES10DEL06,28,4.3,Bengaluru,2026-03-06,13:58:00,Fog,Medium,3,Snack,motorcycle,0,No,4.45,274.56,Wallet,Delivered,,39.3
ORD100598,MUMRES17DEL01,34,4.0,Mumbai,2026-03-06,14:27:00,Sunny,Jam,3,Meal,bicycle,0,No,24.31,220.41,Wallet,Delivered,,71.9
ORD102036,MUMRES24DEL01,25,4.4,Mumbai,2026-03-06,14:43:00,Cloudy,Low,3,Buffet,electric_scooter,1,No,6.71,94.32,UPI,Delivered,,32.8
ORD103005,KOLRES41DEL05,33,5.0,Kolkata,2026-03-06,14:54:00,Stormy,High,1,Meal,motorcycle,0,No,6.86,485.69,Card,Delivered,,45.8
ORD101071,CHERES01DEL04,36,4.2,Chennai,2026-03-06,15:49:00,Sunny,Medium,3,Drinks,scooter,0,No,13.48,233.54,UPI,Delivered,,40.4
ORD104247,MUMRES41DEL04,26,4.6,Mumbai,2026-03-06,16:14:00,Stormy,Low,3,Meal,scooter,0,No,3.91,231.4,Wallet,Cancelled,Customer Cancelled,
ORD103973,CHERES15DEL02,39,4.9,Chennai,2026-03-06,16:59:00,Sunny,High,2,Buffet,motorcycle,0,No,11.53,218.26,Wallet,Delivered,,50.1
ORD100730,HYDRES15DEL05,29,4.2,Hyderabad,2026-03-06,17:09:00,Cloudy,High,2,Meal,motorcycle,0,No,9.29,177.59,UPI,Delivered,,46.3
ORD101201,BENRES29DEL03,24,4.1,Bengaluru,2026-03-06,18:10:00,Cloudy,Medium,2,Meal,bicycle,0,No,2.5,357.65,UPI,Delivered,,33.2
ORD100750,CHERES25DEL06,29,4.5,Chennai,2026-03-06,18:12:00,Fog,Jam,0,Buffet,motorcycle,0,No,3.51,301.41,Wallet,Cancelled,Weather Disruption,
ORD105564,BENRES39DEL03,26,4.0,Bengaluru,2026-03-06,18:17:00,Cloudy,Medium,0,Buffet,motorcycle,0,No,1.09,354.52,Wallet,Delivered,,25.4
ORD105817,BENRES42DEL07,33,4.6,Bengaluru,2026-03-06,18:32:00,Sunny,Low,1,Drinks,motorcycle,0,No,3.05,239.04,UPI,Delivered,,24.9
ORD105483,MUMRES24DEL04,36,4.2,Mumbai,2026-03-06,18:36:00,Sunny,Jam,3,Snack,electric_scooter,0,No,18.62,185.22,UPI,Delivered,,60.8
ORD100865,CHERES39DEL03,32,4.9,Chennai,2026-03-06,18:39:00,Cloudy,Jam,1,Meal,scooter,2,No,6.11,374.31,Card,Delivered,,57.8
ORD104306,MUMRES04DEL08,31,3.8,Mumbai,2026-03-06,18:52:00,Sunny,Low,2,Buffet,bicycle,1,No,3.29,129.74,Card,Delivered,,27.7
ORD105209,BENRES31DEL05,18,4.1,Bengaluru,2026-03-06,19:05:00,Cloudy,Medium,0,Drinks,motorcycle,1,No,0.91,208.68,Card,Delivered,,30.3
ORD104965,MUMRES07DEL03,32,4.7,Mumbai,2026-03-06,19:11:00,Windy,Medium,2,Snack,motorcycle,0,No,0.88,387.92,Wallet,Delivered,,20.2
ORD102314,MUMRES13DEL05,35,4.4,Mumbai,2026-03-06,19:13:00,Fog,Jam,1,Buffet,bicycle,0,No,1.96,184.87,Card,Delivered,,45.2
ORD105562,BENRES32DEL06,24,4.7,Bengaluru,2026-03-06,19:19:00,Sunny,Low,1,Buffet,motorcycle,0,No,3.75,226.59,Card,Delivered,,21.0
ORD101950,BENRES40DEL05,27,4.5,Bengaluru,2026-03-06,19:40:00,Stormy,High,0,Snack,motorcycle,1,No,0.87,363.47,UPI,Delivered,,40.5
ORD101306,DELRES36DEL05,25,4.5,Delhi,2026-03-06,19:57:00,Fog,Low,3,Drinks,motorcycle,1,No,1.64,136.84,Card,Delivered,,31.9
ORD102951,BENRES21DEL02,30,4.3,Bengaluru,2026-03-06,20:03:00,Windy,Medium,0,Drinks,motorcycle,2,No,8.33,422.0,Card,Delivered,,42.6
ORD104109,CHERES23DEL04,28,4.2,Chennai,2026-03-06,20:07:00,Sunny,Jam,2,Buffet,electric_scooter,1,No,2.16,193.84,UPI,Delivered,,38.2
ORD105010,CHERES44DEL01,34,4.4,Chennai,2026-03-06,20:12:00,Cloudy,Medium,0,Buffet,electric_scooter,0,No,6.56,406.9,Wallet,Delivered,,31.8
ORD104079,KOLRES34DEL05,34,4.9,Kolkata,2026-03-06,20:16:00,Stormy,Medium,3,Snack,motorcycle,1,No,19.45,527.39,Card,Delivered,,69.0
ORD103713,PUNRES15DEL03,26,4.8,Pune,2026-03-06,20:22:00,Cloudy,High,2,Snack,motorcycle,0,No,1.82,468.58,UPI,Cancelled,Traffic Delay,
ORD102916,BENRES37DEL01,24,4.0,Bengaluru,2026-03-06,20:28:00,Cloudy,Medium,2,Buffet,motorcycle,1,No,2.32,371.38,UPI,Delivered,,34.1
ORD105848,HYDRES07DEL07,30,5.0,Hyderabad,2026-03-06,20:40:00,Sunny,High,1,Drinks,bicycle,0,No,3.6,552.92,UPI,Delivered,,32.7
ORD105423,BENRES28DEL05,27,4.3,Bengaluru,2026-03-06,20:50:00,Sunny,Medium,0,Meal,motorcycle,2,No,6.43,133.46,UPI,Delivered,,40.2
ORD102017,BENRES28DEL02,25,4.3,Bengaluru,2026-03-06,22:39:00,Cloudy,Jam,1,Meal,motorcycle,1,No,1.31,599.31,Card,Delivered,,42.5
ORD100052,DELRES44DEL02,27,4.4,Delhi,2026-03-06,23:36:00,Sandstorms,Medium,1,Drinks,motorcycle,2,No,1.75,154.21,UPI,Cancelled,Restaurant Delay,
ORD105594,CHERES01DEL08,27,5.0,Chennai,2026-03-06,23:47:00,Sunny,Low,1,Drinks,motorcycle,0,No,2.86,132.44,UPI,Delivered,,27.7
ORD104972,DELRES36DEL06,31,4.6,Delhi,2026-03-07,00:36:00,Sunny,Medium,0,Meal,motorcycle,1,No,2.11,551.67,Card,Delivered,,27.2
ORD104631,CHERES31DEL02,18,4.8,Chennai,2026-03-07,01:30:00,Sunny,High,1,Buffet,motorcycle,3,No,4.93,255.9,Wallet,Delivered,,49.4
ORD101338,HYDRES09DEL03,26,4.8,Hyderabad,2026-03-07,06:41:00,Fog,Medium,1,Drinks,motorcycle,0,No,0.81,228.35,UPI,Delivered,,28.0
ORD102184,CHERES02DEL02,18,4.8,Chennai,2026-03-07,09:41:00,Fog,Medium,1,Buffet,scooter,1,No,8.45,260.85,UPI,Delivered,,49.4
ORD104847,PUNRES03DEL02,34,5.0,Pune,2026-03-07,09:58:00,Cloudy,Low,1,Meal,motorcycle,1,No,3.28,485.74,UPI,Delivered,,30.7
ORD104303,BENRES33DEL01,37,4.3,Bengaluru,2026-03-07,09:59:00,Windy,Jam,1,Buffet,motorcycle,0,No,8.18,250.28,UPI,Delivered,,52.9
ORD104454,KOLRES22DEL03,41,5.0,Kolkata,2026-03-07,10:05:00,Windy,Jam,1,Buffet,motorcycle,0,No,1.36,102.36,Cash,Delivered,,33.4
ORD104342,DELRES31DEL03,32,4.2,Delhi,2026-03-07,10:44:00,Sunny,Low,1,Meal,scooter,0,No,5.09,364.38,UPI,Delivered,,26.6
ORD101362,HYDRES01DEL04,31,5.0,Hyderabad,2026-03-07,11:08:00,Windy,Low,3,Drinks,motorcycle,1,No,2.81,532.43,Wallet,Delivered,,25.5
ORD103966,BENRES23DEL01,21,4.1,Bengaluru,2026-03-07,11:08:00,Sunny,Low,2,Meal,motorcycle,0,No,6.25,380.49,UPI,Delivered,,28.9
ORD100381,DELRES38DEL03,29,3.8,Delhi,2026-03-07,12:04:00,Sunny,Low,2,Buffet,motorcycle,2,No,3.67,181.59,Cash,Delivered,,34.7
ORD104970,MUMRES17DEL07,29,4.5,Mumbai,2026-03-07,12:49:00,Cloudy,High,1,Snack,scooter,0,No,9.92,573.21,Cash,Delivered,,43.6
ORD103660,MUMRES36DEL04,24,4.2,Mumbai,2026-03-07,13:11:00,Cloudy,Low,3,Meal,scooter,0,No,4.45,297.59,UPI,Delivered,,27.4
ORD103405,HYDRES06DEL07,34,4.2,Hyderabad,2026-03-07,13:21:00,Sunny,Medium,3,Snack,motorcycle,1,No,12.15,278.5,Cash,Delivered,,49.9
ORD105237,BENRES12DEL02,26,4.1,Bengaluru,2026-03-07,13:29:00,Sunny,Jam,0,Buffet,bicycle,3,No,2.2,266.98,Wallet,Delivered,,48.0
ORD100950,KOLRES13DEL07,22,4.3,Kolkata,2026-03-07,13:43:00,Windy,Medium,1,Buffet,scooter,0,No,7.38,326.5,Cash,Delivered,,38.1
ORD104238,MUMRES11DEL05,30,3.9,Mumbai,2026-03-07,13:44:00,Sunny,Medium,0,Snack,motorcycle,0,No,10.26,269.47,Wallet,Delivered,,33.0
ORD100213,BENRES27DEL03,41,4.4,Bengaluru,2026-03-07,13:50:00,Stormy,High,2,Meal,motorcycle,0,No,7.82,321.68,UPI,Delivered,,49.3
ORD100826,MUMRES25DEL02,37,3.6,Mumbai,2026-03-07,13:54:00,Windy,High,3,Drinks,scooter,1,No,2.6,281.99,Wallet,Delivered,,44.1
ORD104868,DELRES10DEL03,31,4.3,Delhi,2026-03-07,13:58:00,Cloudy,Medium,2,Meal,motorcycle,1,No,1.15,413.28,UPI,Delivered,,37.3
ORD105919,HYDRES07DEL07,24,4.8,Hyderabad,2026-03-07,14:21:00,Cloudy,Medium,2,Drinks,motorcycle,1,No,0.89,478.17,UPI,Delivered,,29.5
ORD100669,PUNRES16DEL07,26,4.0,Pune,2026-03-07,14:41:00,Sunny,Medium,1,Drinks,scooter,1,No,4.29,414.29,UPI,Delivered,,34.4
ORD103380,BENRES06DEL06,36,4.5,Bengaluru,2026-03-07,14:42:00,Sunny,Medium,3,Drinks,electric_scooter,2,No,3.15,315.95,Cash,Delivered,,40.1
ORD102495,HYDRES24DEL06,34,3.7,Hyderabad,2026-03-07,14:58:00,Sunny,Medium,1,Meal,motorcycle,3,No,1.08,187.11,Cash,Delivered,,33.2
ORD102663,PUNRES10DEL02,30,4.3,Pune,2026-03-07,17:54:00,Sunny,Medium,1,Meal,motorcycle,1,No,3.92,171.33,UPI,Delivered,,31.5
ORD101884,KOLRES35DEL04,21,4.1,Kolkata,2026-03-07,17:56:00,Fog,High,3,Drinks,scooter,2,No,13.31,393.84,UPI,Delivered,,66.3
ORD103499,KOLRES44DEL04,18,4.2,Kolkata,2026-03-07,17:58:00,Sunny,Medium,0,Drinks,motorcycle,1,No,12.01,340.62,UPI,Cancelled,Delivery Partner Unavailable,
ORD101531,PUNRES22DEL03,25,4.8,Pune,2026-03-07,18:26:00,Sunny,Low,2,Buffet,bicycle,1,No,4.01,198.81,UPI,Delivered,,22.4
ORD103004,MUMRES21DEL05,31,4.3,Mumbai,2026-03-07,18:27:00,Stormy,High,3,Drinks,scooter,2,No,1.24,328.82,Cash,Delivered,,40.7
ORD101584,BENRES44DEL06,33,4.9,Bengaluru,2026-03-07,18:30:00,Sunny,Medium,3,Buffet,motorcycle,0,No,16.28,283.01,Card,Delivered,,45.9
ORD105645,HYDRES13DEL01,27,5.0,Hyderabad,2026-03-07,18:42:00,Windy,Medium,1,Buffet,motorcycle,0,No,1.05,193.59,UPI,Delivered,,25.0
ORD104727,CHERES41DEL01,19,3.9,Chennai,2026-03-07,19:01:00,Stormy,Medium,1,Meal,motorcycle,1,No,1.54,338.93,UPI,Delivered,,42.6
ORD104038,CHERES24DEL08,29,4.1,Chennai,2026-03-07,19:12:00,Cloudy,High,3,Snack,motorcycle,1,No,3.14,214.8,UPI,Delivered,,39.5
ORD104746,MUMRES24DEL05,21,4.9,Mumbai,2026-03-07,19:18:00,Fog,Medium,3,Drinks,scooter,0,No,0.82,477.68,Cash,Delivered,,28.4
ORD104671,MUMRES21DEL06,18,4.5,Mumbai,2026-03-07,19:21:00,Sunny,High,0,Snack,motorcycle,0,No,8.87,450.25,Card,Delivered,,41.0
ORD101882,DELRES43DEL05,30,4.6,Delhi,2026-03-07,19:49:00,Cloudy,High,3,Drinks,motorcycle,0,No,0.84,241.37,UPI,Delivered,,32.3
ORD101063,MUMRES16DEL07,39,4.5,Mumbai,2026-03-07,19:52:00,Sunny,High,0,Buffet,motorcycle,1,No,6.15,345.17,Card,Cancelled,Restaurant Delay,
ORD104098,CHERES05DEL07,46,4.8,Chennai,2026-03-07,19:52:00,Cloudy,Medium,1,Meal,motorcycle,0,No,0.95,260.58,UPI,Delivered,,23.4
ORD104999,MUMRES22DEL02,25,4.2,Mumbai,2026-03-07,19:59:00,Stormy,Medium,0,Buffet,scooter,3,No,21.67,450.57,UPI,Delivered,,79.7
ORD100199,PUNRES25DEL02,32,4.1,Pune,2026-03-07,20:43:00,Stormy,Medium,2,Snack,motorcycle,2,No,8.12,245.08,UPI,Delivered,,58.4
ORD104659,PUNRES12DEL01,31,5.0,Pune,2026-03-07,20:44:00,Sunny,Low,0,Meal,scooter,2,No,5.53,297.54,UPI,Delivered,,32.9
ORD104249,BENRES19DEL05,30,4.1,Bengaluru,2026-03-07,20:54:00,Cloudy,Low,1,Meal,motorcycle,0,No,2.28,172.38,UPI,Delivered,,25.7
ORD101643,HYDRES10DEL02,23,4.1,Hyderabad,2026-03-07,21:10:00,Cloudy,Medium,0,Drinks,scooter,0,No,4.36,487.32,UPI,Delivered,,24.1
ORD103561,BENRES09DEL05,20,4.5,Bengaluru,2026-03-07,21:33:00,Windy,Jam,2,Drinks,motorcycle,2,No,3.7,359.44,UPI,Delivered,,55.6
ORD102569,HYDRES04DEL05,37,4.8,Hyderabad,2026-03-07,21:36:00,Cloudy,High,2,Snack,motorcycle,0,No,2.24,301.2,UPI,Delivered,,31.5
ORD100086,KOLRES28DEL06,28,4.3,Kolkata,2026-03-07,21:46:00,Cloudy,High,1,Snack,motorcycle,0,No,4.78,628.36,Card,Delivered,,33.1
ORD102533,BENRES10DEL08,31,4.6,Bengaluru,2026-03-07,21:50:00,Windy,Medium,2,Drinks,motorcycle,0,No,3.02,460.67,Cash,Delivered,,24.7
ORD102384,CHERES12DEL06,28,4.5,Chennai,2026-03-07,22:16:00,Cloudy,Low,0,Buffet,motorcycle,0,No,14.36,398.32,Card,Delivered,,39.7
ORD105201,BENRES06DEL06,29,4.3,Bengaluru,2026-03-07,22:33:00,Fog,Jam,0,Buffet,bicycle,3,No,3.21,554.95,UPI,Delivered,,56.0
ORD105628,MUMRES42DEL08,26,4.9,Mumbai,2026-03-07,22:50:00,Sunny,Medium,2,Snack,motorcycle,0,No,2.17,166.11,Wallet,Delivered,,29.2
ORD102887,MUMRES21DEL04,34,5.0,Mumbai,2026-03-07,22:55:00,Sunny,Medium,3,Drinks,motorcycle,0,No,2.57,192.92,UPI,Cancelled,Restaurant Delay,
ORD105574,HYDRES34DEL01,32,4.7,Hyderabad,2026-03-08,00:04:00,Windy,High,1,Buffet,motorcycle,1,No,3.41,301.01,UPI,Delivered,,40.5
ORD102050,DELRES27DEL08,26,4.4,Delhi,2026-03-08,08:14:00,Stormy,Low,1,Snack,scooter,1,No,6.64,243.68,Cash,Cancelled,Customer Cancelled,
ORD103888,DELRES25DEL05,27,4.1,Delhi,2026-03-08,08:25:00,Sandstorms,Low,3,Buffet,motorcycle,1,No,25.0,330.81,UPI,Delivered,,67.2
ORD103598,KOLRES33DEL08,21,4.3,Kolkata,2026-03-08,08:45:00,Sunny,High,0,Drinks,scooter,1,No,5.08,139.27,Cash,Delivered,,41.5
ORD102647,CHERES18DEL07,35,4.4,Chennai,2026-03-08,09:11:00,Windy,High,1,Snack,scooter,0,No,2.68,278.84,UPI,Delivered,,32.2
ORD100985,MUMRES35DEL05,27,4.5,Mumbai,2026-03-08,09:15:00,Cloudy,Low,0,Buffet,scooter,1,No,4.63,275.5,UPI,Delivered,,27.5
ORD103547,PUNRES27DEL06,36,4.0,Pune,2026-03-08,09:46:00,Sandstorms,High,0,Drinks,motorcycle,1,No,2.27,148.33,UPI,Delivered,,49.1
ORD102450,BENRES32DEL02,22,4.2,Bengaluru,2026-03-08,09:51:00,Stormy,Jam,2,Meal,motorcycle,0,No,3.51,162.67,Card,Cancelled,Weather Disruption,
ORD102403,CHERES36DEL02,39,4.5,Chennai,2026-03-08,10:22:00,Sunny,High,3,Drinks,motorcycle,0,No,1.95,181.61,Card,Cancelled,Customer Cancelled,
ORD105485,MUMRES28DEL06,39,4.4,Mumbai,2026-03-08,10:23:00,Cloudy,Low,3,Buffet,motorcycle,0,No,3.28,251.34,Cash,Delivered,,21.9
ORD100402,BENRES22DEL06,18,4.7,Bengaluru,2026-03-08,12:04:00,Sunny,Low,3,Buffet,motorcycle,0,No,7.46,399.34,Cash,Delivered,,27.9
ORD104829,KOLRES09DEL04,20,4.3,Kolkata,2026-03-08,12:08:00,Windy,Medium,1,Drinks,motorcycle,1,No,5.37,177.28,UPI,Delivered,,44.5
ORD102353,MUMRES11DEL04,32,4.2,Mumbai,2026-03-08,12:36:00,Cloudy,Medium,0,Buffet,scooter,0,No,1.27,329.16,UPI,Delivered,,16.3
ORD100991,CHERES01DEL01,24,4.1,Chennai,2026-03-08,12:54:00,Cloudy,Low,1,Buffet,scooter,1,No,13.2,161.5,Cash,Delivered,,46.9
ORD100319,KOLRES39DEL06,34,4.1,Kolkata,2026-03-08,13:01:00,Sunny,High,0,Meal,motorcycle,0,No,1.17,234.53,UPI,Delivered,,29.4
ORD101093,HYDRES38DEL03,26,4.9,Hyderabad,2026-03-08,13:09:00,Sunny,Medium,3,Snack,motorcycle,0,No,3.12,212.39,Wallet,Delivered,,26.1
ORD100791,KOLRES30DEL08,20,4.3,Kolkata,2026-03-08,13:17:00,Stormy,Low,2,Snack,bicycle,0,No,6.42,487.62,Card,Delivered,,37.8
ORD104257,KOLRES01DEL03,37,4.9,Kolkata,2026-03-08,14:23:00,Fog,Low,3,Buffet,scooter,0,No,2.14,479.17,UPI,Delivered,,25.6
ORD104029,HYDRES37DEL03,33,4.1,Hyderabad,2026-03-08,15:39:00,Cloudy,High,2,Snack,bicycle,1,No,6.54,221.67,Cash,Cancelled,Traffic Delay,
ORD101435,BENRES18DEL08,22,4.1,Bengaluru,2026-03-08,17:13:00,Sunny,Medium,0,Snack,scooter,1,No,17.83,369.13,Wallet,Delivered,,48.4
ORD102650,PUNRES32DEL04,22,4.0,Pune,2026-03-08,17:19:00,Sandstorms,Medium,2,Drinks,motorcycle,2,No,1.07,424.2,UPI,Delivered,,37.9
ORD101956,HYDRES33DEL08,38,4.5,Hyderabad,2026-03-08,17:21:00,Fog,Medium,2,Buffet,motorcycle,0,No,1.22,140.64,UPI,Delivered,,27.9
ORD104194,BENRES31DEL05,34,4.4,Bengaluru,2026-03-08,18:07:00,Sandstorms,Medium,3,Meal,motorcycle,0,No,5.21,192.91,Card,Cancelled,Traffic Delay,
ORD102426,DELRES03DEL03,29,4.1,Delhi,2026-03-08,18:20:00,Sandstorms,Jam,0,Meal,scooter,3,No,6.26,115.81,Card,Delivered,,66.4
ORD103323,BENRES28DEL06,23,4.3,Bengaluru,2026-03-08,18:22:00,Fog,Jam,0,Meal,motorcycle,0,No,1.16,578.43,UPI,Cancelled,Customer Cancelled,
ORD103599,CHERES32DEL04,21,4.3,Chennai,2026-03-08,18:32:00,Fog,Medium,1,Meal,motorcycle,0,No,5.35,150.98,UPI,Delivered,,38.1
ORD102502,DELRES33DEL04,23,3.9,Delhi,2026-03-08,18:39:00,Sunny,Medium,3,Snack,scooter,0,No,8.18,283.76,Cash,Delivered,,34.1
ORD102248,HYDRES33DEL04,23,4.3,Hyderabad,2026-03-08,18:46:00,Sunny,Jam,2,Buffet,motorcycle,0,No,3.42,215.17,Card,Delivered,,36.5
ORD102997,MUMRES04DEL03,18,3.9,Mumbai,2026-03-08,18:47:00,Sandstorms,High,3,Meal,motorcycle,3,No,1.36,283.87,UPI,Delivered,,52.4
ORD103862,KOLRES19DEL01,25,4.1,Kolkata,2026-03-08,18:53:00,Sunny,Medium,3,Drinks,motorcycle,0,No,6.82,328.62,Wallet,Delivered,,30.6
ORD100779,BENRES36DEL04,18,4.1,Bengaluru,2026-03-08,19:08:00,Sunny,High,3,Drinks,scooter,2,No,4.96,192.28,Cash,Cancelled,Restaurant Delay,
ORD105090,HYDRES42DEL07,30,4.6,Hyderabad,2026-03-08,19:20:00,Sunny,Medium,2,Snack,motorcycle,0,No,11.12,390.83,UPI,Delivered,,40.1
ORD103115,BENRES44DEL03,32,3.9,Bengaluru,2026-03-08,19:33:00,Sunny,High,2,Meal,scooter,0,No,18.67,303.25,Wallet,Delivered,,50.6
ORD102758,DELRES25DEL05,18,4.4,Delhi,2026-03-08,19:44:00,Sunny,Low,2,Drinks,motorcycle,1,No,2.2,109.13,UPI,Delivered,,25.0
ORD104455,CHERES26DEL01,31,4.1,Chennai,2026-03-08,20:05:00,Cloudy,Low,0,Buffet,motorcycle,1,No,1.04,501.59,UPI,Delivered,,22.6
ORD100446,MUMRES07DEL06,26,4.7,Mumbai,2026-03-08,20:10:00,Sunny,High,3,Drinks,motorcycle,1,No,12.89,210.32,UPI,Delivered,,54.3
ORD103621,KOLRES20DEL04,31,4.6,Kolkata,2026-03-08,20:27:00,Sunny,Jam,1,Snack,scooter,1,No,4.0,318.57,Cash,Delivered,,44.2
ORD102263,PUNRES12DEL04,24,4.6,Pune,2026-03-08,20:39:00,Stormy,Low,3,Snack,electric_scooter,0,No,5.73,196.92,Cash,Delivered,,39.7
ORD104789,PUNRES04DEL01,20,3.9,Pune,2026-03-08,21:53:00,Windy,High,2,Drinks,motorcycle,3,No,1.77,190.2,UPI,Delivered,,48.7
ORD105162,PUNRES04DEL03,28,4.6,Pune,2026-03-08,22:09:00,Fog,Jam,2,Meal,motorcycle,0,No,2.85,162.52,UPI,Delivered,,40.1
ORD103099,KOLRES22DEL08,26,4.8,Kolkata,2026-03-08,22:26:00,Fog,High,0,Drinks,scooter,1,No,2.53,429.13,UPI,Cancelled,Customer Cancelled,
ORD104294,PUNRES38DEL01,23,3.5,Pune,2026-03-08,23:02:00,Fog,Low,1,Buffet,scooter,1,No,2.0,168.33,UPI,Delivered,,32.3
ORD100541,HYDRES21DEL01,25,4.7,Hyderabad,2026-03-08,23:26:00,Stormy,Medium,2,Drinks,motorcycle,2,No,6.2,425.8,Card,Cancelled,Weather Disruption,
ORD101149,CHERES27DEL04,33,3.9,Chennai,2026-03-09,00:10:00,Sunny,High,2,Drinks,motorcycle,1,No,3.4,526.53,UPI,Delivered,,31.6
ORD100106,DELRES20DEL08,19,4.5,Delhi,2026-03-09,00:38:00,Cloudy,Jam,1,Snack,motorcycle,0,No,1.17,250.77,Wallet,Cancelled,Delivery Partner Unavailable,
ORD101187,PUNRES15DEL03,32,4.0,Pune,2026-03-09,04:46:00,Cloudy,Medium,0,Buffet,motorcycle,0,No,6.36,350.45,UPI,Delivered,,28.3
ORD100944,PUNRES07DEL02,32,3.9,Pune,2026-03-09,06:21:00,Windy,High,2,Meal,motorcycle,0,No,1.82,465.44,Wallet,Delivered,,33.7
ORD104976,DELRES31DEL06,27,4.5,Delhi,2026-03-09,06:27:00,Cloudy,High,1,Buffet,motorcycle,0,No,2.53,424.61,UPI,Delivered,,37.9
ORD105623,DELRES07DEL07,30,4.2,Delhi,2026-03-09,07:13:00,Fog,Medium,2,Snack,bicycle,0,No,2.99,350.26,UPI,Delivered,,40.5
ORD105492,DELRES17DEL06,21,5.0,Delhi,2026-03-09,08:32:00,Cloudy,Medium,2,Meal,scooter,0,No,2.91,179.56,Wallet,Delivered,,26.0
ORD100864,CHERES20DEL07,24,4.4,Chennai,2026-03-09,09:24:00,Windy,Medium,0,Snack,scooter,2,No,0.87,310.21,UPI,Delivered,,28.7
ORD104678,DELRES12DEL07,31,3.7,Delhi,2026-03-09,09:46:00,Cloudy,Low,2,Snack,motorcycle,0,No,3.14,430.08,UPI,Delivered,,24.8
ORD101841,MUMRES11DEL04,31,4.5,Mumbai,2026-03-09,11:10:00,Stormy,Medium,0,Drinks,motorcycle,2,No,1.11,354.47,Cash,Delivered,,45.4
ORD101848,PUNRES16DEL03,28,4.4,Pune,2026-03-09,11:27:00,Sunny,Low,3,Drinks,motorcycle,0,No,2.5,222.86,UPI,Delivered,,21.5
ORD101976,DELRES32DEL03,32,5.0,Delhi,2026-03-09,11:31:00,Cloudy,Medium,1,Snack,scooter,0,No,1.98,80.0,UPI,Delivered,,32.2
ORD102210,BENRES12DEL04,22,4.7,Bengaluru,2026-03-09,12:06:00,Stormy,Low,2,Meal,scooter,1,No,1.39,224.27,UPI,Delivered,,38.2
ORD103277,MUMRES38DEL08,28,3.8,Mumbai,2026-03-09,12:15:00,Cloudy,Jam,3,Drinks,electric_scooter,1,No,19.84,324.42,UPI,Delivered,,69.0
ORD100136,HYDRES25DEL08,25,4.3,Hyderabad,2026-03-09,12:28:00,Sunny,High,0,Meal,electric_scooter,0,No,9.34,347.69,Card,Delivered,,42.0
ORD102362,PUNRES03DEL02,29,4.4,Pune,2026-03-09,12:41:00,Sunny,Jam,0,Buffet,motorcycle,1,No,5.13,220.94,Card,Delivered,,46.8
ORD103860,BENRES33DEL01,28,4.3,Bengaluru,2026-03-09,12:44:00,Sunny,Low,1,Buffet,motorcycle,0,No,13.39,200.18,UPI,Delivered,,32.7
ORD102225,DELRES18DEL04,32,4.4,Delhi,2026-03-09,13:24:00,Cloudy,Low,3,Drinks,motorcycle,0,No,7.48,433.41,UPI,Delivered,,27.4
ORD103232,PUNRES30DEL08,33,4.5,Pune,2026-03-09,13:42:00,Sunny,High,1,Buffet,motorcycle,0,No,2.84,404.68,Wallet,Delivered,,30.1
ORD103756,HYDRES17DEL01,28,3.9,Hyderabad,2026-03-09,14:19:00,Sunny,Medium,2,Snack,motorcycle,0,No,7.48,266.29,UPI,Delivered,,29.9
ORD103962,DELRES10DEL05,26,4.0,Delhi,2026-03-09,15:14:00,Fog,Low,0,Meal,motorcycle,0,No,8.75,484.21,Cash,Delivered,,35.4
ORD103588,DELRES37DEL01,35,4.5,Delhi,2026-03-09,15:18:00,Cloudy,High,0,Meal,motorcycle,0,No,3.95,342.59,Wallet,Delivered,,38.4
ORD105004,KOLRES23DEL05,28,4.8,Kolkata,2026-03-09,15:24:00,Fog,Medium,0,Snack,motorcycle,0,No,7.22,671.54,Cash,Delivered,,37.0
ORD102651,DELRES19DEL04,31,4.3,Delhi,2026-03-09,16:23:00,Cloudy,Low,2,Meal,motorcycle,1,No,2.99,663.88,Cash,Delivered,,30.2
ORD104645,CHERES42DEL08,34,3.9,Chennai,2026-03-09,16:50:00,Fog,Medium,0,Meal,motorcycle,2,No,1.05,89.92,UPI,Delivered,,41.2
ORD104301,BENRES26DEL03,28,4.1,Bengaluru,2026-03-09,16:51:00,Cloudy,Medium,1,Snack,motorcycle,2,No,1.22,218.76,Wallet,Delivered,,32.1
ORD103835,MUMRES24DEL04,26,4.9,Mumbai,2026-03-09,17:10:00,Sunny,High,3,Drinks,motorcycle,0,No,2.49,249.81,UPI,Delivered,,25.5
ORD103837,DELRES27DEL04,43,4.4,Delhi,2026-03-09,17:13:00,Fog,Medium,2,Snack,electric_scooter,0,No,3.72,580.57,Cash,Cancelled,Weather Disruption,
ORD101239,CHERES38DEL04,35,4.3,Chennai,2026-03-09,17:33:00,Sunny,Medium,2,Buffet,scooter,1,No,2.69,399.32,Wallet,Delivered,,33.3
ORD104946,CHERES16DEL03,34,4.3,Chennai,2026-03-09,17:57:00,Windy,Medium,1,Buffet,scooter,1,No,23.64,164.56,Card,Delivered,,67.5
ORD101405,CHERES15DEL03,27,4.6,Chennai,2026-03-09,18:13:00,Fog,Low,1,Buffet,scooter,0,No,3.06,319.01,Cash,Delivered,,27.7
ORD101830,BENRES12DEL05,21,4.6,Bengaluru,2026-03-09,18:15:00,Fog,High,3,Buffet,motorcycle,1,No,19.8,181.8,Card,Cancelled,Weather Disruption,
ORD102778,DELRES17DEL05,28,4.2,Delhi,2026-03-09,18:19:00,Windy,Medium,2,Buffet,scooter,2,No,12.78,131.38,UPI,Delivered,,60.5
ORD101954,MUMRES07DEL05,32,4.1,Mumbai,2026-03-09,18:21:00,Sunny,High,2,Drinks,scooter,1,No,3.64,376.26,Card,Delivered,,36.5
ORD105782,BENRES15DEL08,25,4.8,Bengaluru,2026-03-09,18:28:00,Fog,Jam,0,Buffet,electric_scooter,0,No,4.02,455.85,UPI,Delivered,,49.4
ORD102623,PUNRES19DEL04,31,4.7,Pune,2026-03-09,18:48:00,Windy,Low,0,Snack,electric_scooter,1,No,4.37,221.07,UPI,Delivered,,31.1
ORD104517,KOLRES17DEL06,35,4.6,Kolkata,2026-03-09,18:56:00,Sunny,Low,2,Drinks,motorcycle,3,No,10.93,280.08,Cash,Delivered,,48.7
ORD100155,DELRES16DEL06,24,4.4,Delhi,2026-03-09,19:03:00,Cloudy,Medium,1,Drinks,motorcycle,0,No,6.11,204.54,UPI,Delivered,,30.8
ORD102234,BENRES17DEL07,34,4.5,Bengaluru,2026-03-09,19:06:00,Sunny,High,0,Snack,motorcycle,0,No,1.22,125.45,Card,Delivered,,37.6
ORD105375,PUNRES26DEL01,23,4.2,Pune,2026-03-09,19:09:00,Sunny,Medium,3,Drinks,scooter,0,No,3.31,404.03,UPI,Delivered,,24.1
ORD104018,MUMRES18DEL04,40,5.0,Mumbai,2026-03-09,19:11:00,Sunny,Medium,1,Meal,motorcycle,0,No,1.53,288.95,Cash,Cancelled,Customer Cancelled,
ORD102513,KOLRES29DEL06,27,4.6,Kolkata,2026-03-09,19:12:00,Cloudy,Medium,0,Drinks,motorcycle,1,No,1.43,307.04,UPI,Delivered,,25.6
ORD105179,MUMRES05DEL08,26,4.1,Mumbai,2026-03-09,19:13:00,Stormy,Medium,0,Buffet,scooter,1,No,3.98,440.67,Card,Delivered,,45.1
ORD105532,MUMRES09DEL07,22,4.1,Mumbai,2026-03-09,19:22:00,Stormy,Medium,1,Meal,motorcycle,0,No,9.88,80.0,Card,Delivered,,45.6
ORD100141,CHERES20DEL06,25,4.6,Chennai,2026-03-09,19:24:00,Fog,High,3,Meal,scooter,2,No,5.05,285.28,Cash,Cancelled,Customer Cancelled,
ORD103199,BENRES33DEL02,23,4.3,Bengaluru,2026-03-09,19:36:00,Windy,Jam,2,Meal,bicycle,0,No,6.4,563.75,Card,Delivered,,51.7
ORD103976,DELRES44DEL05,28,4.5,Delhi,2026-03-09,20:04:00,Cloudy,Jam,2,Snack,scooter,0,No,5.34,275.26,Cash,Delivered,,41.3
ORD104644,MUMRES41DEL02,31,4.4,Mumbai,2026-03-09,20:19:00,Sunny,Medium,1,Buffet,scooter,1,No,1.34,211.99,UPI,Delivered,,22.7
ORD101028,BENRES08DEL04,27,4.1,Bengaluru,2026-03-09,20:31:00,Windy,High,3,Meal,scooter,1,No,6.29,352.89,UPI,Delivered,,46.8
ORD100998,DELRES19DEL05,35,4.0,Delhi,2026-03-09,20:35:00,Stormy,Low,1,Buffet,scooter,1,No,2.54,407.51,UPI,Delivered,,33.4
ORD101781,BENRES32DEL06,27,4.4,Bengaluru,2026-03-09,20:38:00,Sunny,High,2,Snack,scooter,1,No,5.82,407.13,UPI,Delivered,,38.5
ORD104576,MUMRES38DEL08,28,4.6,Mumbai,2026-03-09,21:33:00,Sandstorms,Jam,2,Snack,scooter,0,No,4.84,228.59,UPI,Delivered,,50.0
ORD103132,BENRES28DEL01,30,4.6,Bengaluru,2026-03-09,21:39:00,Cloudy,High,1,Meal,scooter,1,No,2.23,192.04,Cash,Delivered,,34.4
ORD102595,KOLRES27DEL06,25,3.8,Kolkata,2026-03-09,21:51:00,Sunny,Low,3,Snack,scooter,1,No,2.27,294.4,UPI,Delivered,,24.8
ORD105739,PUNRES32DEL04,30,4.7,Pune,2026-03-09,22:29:00,Cloudy,Medium,3,Drinks,scooter,0,No,2.42,305.55,UPI,Delivered,,19.6
ORD100419,MUMRES06DEL08,29,4.2,Mumbai,2026-03-09,22:36:00,Sunny,Medium,0,Snack,scooter,0,No,11.44,309.75,UPI,Delivered,,43.0
ORD104570,DELRES42DEL07,29,4.8,Delhi,2026-03-09,23:01:00,Sunny,High,1,Drinks,motorcycle,0,No,3.09,433.31,Cash,Delivered,,31.1
ORD105738,PUNRES34DEL04,30,4.2,Pune,2026-03-10,00:02:00,Cloudy,Medium,0,Buffet,scooter,0,No,7.89,288.8,Cash,Delivered,,29.8
ORD103365,BENRES11DEL07,29,4.5,Bengaluru,2026-03-10,06:15:00,Cloudy,Low,3,Meal,scooter,2,No,5.5,280.23,UPI,Delivered,,32.8
ORD101420,KOLRES41DEL06,31,3.8,Kolkata,2026-03-10,07:30:00,Stormy,Low,2,Drinks,scooter,0,No,2.97,196.93,UPI,Delivered,,41.0
ORD105143,BENRES26DEL08,22,4.7,Bengaluru,2026-03-10,07:33:00,Cloudy,Jam,2,Meal,motorcycle,1,No,2.03,207.23,UPI,Delivered,,41.4
ORD100919,BENRES32DEL04,33,4.7,Bengaluru,2026-03-10,08:16:00,Cloudy,High,2,Snack,motorcycle,0,No,2.79,239.27,UPI,Delivered,,32.9
ORD101041,BENRES32DEL07,19,4.5,Bengaluru,2026-03-10,09:52:00,Cloudy,Medium,2,Meal,motorcycle,1,No,4.44,305.86,UPI,Cancelled,Restaurant Delay,
ORD101200,DELRES05DEL08,33,4.4,Delhi,2026-03-10,10:43:00,Windy,Medium,0,Snack,motorcycle,0,No,8.8,486.33,Cash,Delivered,,34.2
ORD101936,BENRES12DEL07,31,4.3,Bengaluru,2026-03-10,11:01:00,Sunny,Medium,0,Buffet,motorcycle,0,No,2.55,213.97,Cash,Delivered,,21.1
ORD100986,HYDRES20DEL05,29,4.5,Hyderabad,2026-03-10,11:13:00,Windy,Jam,3,Meal,motorcycle,2,No,2.39,274.14,UPI,Delivered,,45.4
ORD101865,BENRES44DEL04,20,4.6,Bengaluru,2026-03-10,11:22:00,Cloudy,Medium,2,Buffet,motorcycle,0,No,1.36,458.42,Cash,Delivered,,26.1
ORD105832,PUNRES43DEL07,36,5.0,Pune,2026-03-10,11:22:00,Sunny,High,0,Drinks,motorcycle,1,No,2.4,311.73,UPI,Cancelled,Customer Cancelled,
ORD105935,PUNRES14DEL05,30,4.4,Pune,2026-03-10,11:29:00,Sunny,Low,0,Snack,motorcycle,2,No,3.93,335.58,UPI,Delivered,,34.4
ORD101809,HYDRES21DEL03,29,4.9,Hyderabad,2026-03-10,11:30:00,Sunny,Medium,2,Meal,motorcycle,0,No,2.13,162.36,Cash,Delivered,,28.0
ORD104806,BENRES16DEL01,18,4.4,Bengaluru,2026-03-10,11:53:00,Cloudy,Medium,2,Meal,motorcycle,0,No,8.57,430.49,Card,Delivered,,40.4
ORD102405,BENRES02DEL02,34,4.5,Bengaluru,2026-03-10,12:00:00,Sunny,Low,3,Snack,electric_scooter,1,No,4.46,419.43,UPI,Cancelled,Delivery Partner Unavailable,
ORD104547,BENRES16DEL06,29,3.6,Bengaluru,2026-03-10,12:03:00,Cloudy,High,3,Meal,motorcycle,0,No,13.01,254.58,Card,Delivered,,44.7
ORD105102,CHERES06DEL01,29,3.8,Chennai,2026-03-10,12:22:00,Sunny,Low,2,Snack,scooter,0,No,11.81,283.44,UPI,Delivered,,38.9
ORD102422,HYDRES11DEL05,38,4.3,Hyderabad,2026-03-10,12:36:00,Sunny,Medium,1,Snack,scooter,0,No,4.04,357.39,UPI,Delivered,,25.8
ORD102047,BENRES06DEL08,25,4.1,Bengaluru,2026-03-10,12:39:00,Sunny,Medium,0,Meal,motorcycle,0,No,8.05,108.12,Card,Delivered,,40.5
ORD101136,BENRES39DEL07,32,4.1,Bengaluru,2026-03-10,12:46:00,Stormy,High,2,Snack,motorcycle,3,No,18.77,366.95,UPI,Cancelled,Traffic Delay,
ORD100744,PUNRES14DEL07,23,4.3,Pune,2026-03-10,12:53:00,Sunny,Medium,1,Meal,electric_scooter,2,No,6.93,278.58,UPI,Delivered,,44.7
ORD101689,BENRES02DEL06,32,4.2,Bengaluru,2026-03-10,14:01:00,Stormy,High,2,Snack,electric_scooter,0,No,4.52,244.76,UPI,Delivered,,41.6
ORD105316,BENRES20DEL06,28,4.6,Bengaluru,2026-03-10,17:50:00,Windy,High,3,Buffet,scooter,0,No,3.72,232.71,UPI,Delivered,,38.1
ORD102752,HYDRES07DEL05,34,4.5,Hyderabad,2026-03-10,18:06:00,Cloudy,Jam,2,Meal,electric_scooter,1,No,1.44,641.0,Cash,Delivered,,49.5
ORD101246,BENRES25DEL03,18,4.0,Bengaluru,2026-03-10,18:10:00,Windy,High,2,Meal,scooter,0,No,12.87,211.01,Card,Delivered,,48.9
ORD103119,PUNRES40DEL08,29,4.1,Pune,2026-03-10,18:14:00,Sunny,Medium,0,Drinks,motorcycle,1,No,1.28,118.37,Card,Delivered,,30.4
ORD104176,HYDRES34DEL01,33,4.1,Hyderabad,2026-03-10,18:29:00,Windy,High,0,Snack,electric_scooter,0,No,5.82,192.36,Wallet,Delivered,,36.3
ORD101318,DELRES19DEL06,24,4.2,Delhi,2026-03-10,18:47:00,Sunny,Medium,1,Drinks,motorcycle,1,No,1.88,298.33,UPI,Delivered,,33.4
ORD103766,MUMRES09DEL02,27,4.8,Mumbai,2026-03-10,19:14:00,Windy,Low,3,Snack,motorcycle,0,No,12.99,387.22,Card,Delivered,,29.8
ORD101745,MUMRES34DEL02,37,4.4,Mumbai,2026-03-10,19:42:00,Windy,High,2,Meal,bicycle,0,No,3.64,286.2,Cash,Delivered,,28.5
ORD102356,PUNRES13DEL06,42,4.9,Pune,2026-03-10,19:47:00,Sunny,Low,2,Meal,motorcycle,2,No,3.95,512.51,UPI,Delivered,,33.9
ORD105063,BENRES28DEL06,28,4.0,Bengaluru,2026-03-10,19:54:00,Sunny,Jam,2,Drinks,scooter,2,No,13.92,414.82,Cash,Cancelled,Weather Disruption,
ORD100394,HYDRES21DEL08,25,4.2,Hyderabad,2026-03-10,20:21:00,Stormy,Medium,0,Buffet,motorcycle,0,No,2.72,436.97,Cash,Delivered,,37.1
ORD103256,KOLRES24DEL06,35,4.1,Kolkata,2026-03-10,20:25:00,Sunny,Low,2,Buffet,electric_scooter,0,No,1.68,251.11,Card,Delivered,,18.2
ORD104755,HYDRES13DEL02,36,4.4,Hyderabad,2026-03-10,20:29:00,Cloudy,Medium,1,Snack,motorcycle,0,No,1.83,242.9,UPI,Delivered,,25.2
ORD104110,BENRES31DEL06,30,4.6,Bengaluru,2026-03-10,20:44:00,Sunny,High,1,Meal,electric_scooter,2,No,4.09,97.13,Wallet,Delivered,,46.0
ORD103441,BENRES31DEL01,34,4.0,Bengaluru,2026-03-10,21:21:00,Cloudy,High,1,Buffet,motorcycle,0,No,8.09,578.18,UPI,Delivered,,38.2
ORD101213,MUMRES28DEL08,18,4.2,Mumbai,2026-03-10,23:54:00,Fog,Low,2,Snack,motorcycle,1,No,1.95,133.47,UPI,Delivered,,29.7
ORD103274,BENRES18DEL08,43,4.3,Bengaluru,2026-03-11,01:36:00,Cloudy,Medium,2,Snack,scooter,0,Yes,9.28,416.24,Card,Delivered,,50.4
ORD104887,BENRES12DEL08,24,4.4,Bengaluru,2026-03-11,05:25:00,Sunny,High,1,Meal,electric_scooter,2,Yes,1.08,396.5,UPI,Delivered,,43.4
ORD102773,PUNRES36DEL05,32,4.3,Pune,2026-03-11,07:05:00,Sunny,High,3,Drinks,motorcycle,0,Yes,25.0,284.28,Card,Cancelled,Restaurant Delay,
ORD103123,CHERES11DEL07,25,4.6,Chennai,2026-03-11,07:05:00,Sunny,Jam,0,Meal,motorcycle,0,Yes,3.52,334.83,UPI,Cancelled,Restaurant Delay,
ORD104867,CHERES26DEL06,30,4.9,Chennai,2026-03-11,07:56:00,Cloudy,Jam,2,Buffet,motorcycle,1,Yes,1.78,291.38,UPI,Delivered,,46.2
ORD103094,MUMRES16DEL06,28,4.4,Mumbai,2026-03-11,08:07:00,Sunny,High,1,Snack,scooter,0,Yes,6.77,252.69,Cash,Delivered,,43.3
ORD102293,KOLRES04DEL04,34,4.5,Kolkata,2026-03-11,09:09:00,Windy,Medium,2,Meal,motorcycle,1,Yes,1.38,229.72,Cash,Delivered,,36.7
ORD105749,KOLRES17DEL05,28,4.4,Kolkata,2026-03-11,09:46:00,Sunny,Jam,2,Snack,electric_scooter,1,Yes,1.98,265.07,Cash,Delivered,,43.2
ORD103142,HYDRES05DEL06,30,4.4,Hyderabad,2026-03-11,10:10:00,Windy,Medium,2,Drinks,motorcycle,0,Yes,0.96,308.04,UPI,Delivered,,26.0
ORD105612,CHERES42DEL07,30,4.4,Chennai,2026-03-11,10:55:00,Fog,Medium,0,Buffet,motorcycle,0,Yes,3.27,685.63,UPI,Cancelled,Delivery Partner Unavailable,
ORD101456,BENRES16DEL07,25,4.4,Bengaluru,2026-03-11,11:17:00,Cloudy,Jam,0,Drinks,motorcycle,0,Yes,11.9,144.95,Card,Cancelled,Restaurant Delay,
ORD104469,DELRES29DEL04,23,4.0,Delhi,2026-03-11,11:25:00,Sunny,Medium,2,Meal,bicycle,0,Yes,1.0,204.97,UPI,Cancelled,Weather Disruption,
ORD105806,MUMRES25DEL03,23,4.2,Mumbai,2026-03-11,11:30:00,Sunny,Jam,3,Meal,motorcycle,3,Yes,1.1,184.43,Cash,Delivered,,53.4
ORD102536,BENRES34DEL04,39,4.7,Bengaluru,2026-03-11,11:37:00,Sunny,High,0,Buffet,motorcycle,0,Yes,2.63,239.28,Card,Delivered,,35.9
ORD105538,DELRES16DEL03,30,4.8,Delhi,2026-03-11,11:50:00,Sandstorms,High,1,Buffet,motorcycle,0,Yes,5.53,150.83,Cash,Delivered,,47.6
ORD104511,PUNRES06DEL03,30,4.1,Pune,2026-03-11,12:13:00,Sunny,Medium,1,Meal,electric_scooter,0,Yes,4.59,95.34,UPI,Delivered,,38.4
ORD105134,CHERES17DEL04,27,4.6,Chennai,2026-03-11,13:15:00,Cloudy,High,0,Meal,bicycle,0,Yes,2.38,366.91,UPI,Delivered,,43.8
ORD100314,BENRES31DEL06,18,4.7,Bengaluru,2026-03-11,13:22:00,Cloudy,Jam,2,Meal,motorcycle,0,Yes,5.24,384.41,Wallet,Cancelled,Restaurant Delay,
ORD100733,MUMRES44DEL01,36,4.1,Mumbai,2026-03-11,13:23:00,Cloudy,Low,1,Drinks,motorcycle,0,Yes,2.29,645.41,Cash,Delivered,,28.9
ORD100218,HYDRES12DEL04,27,3.8,Hyderabad,2026-03-11,13:28:00,Sunny,High,1,Buffet,motorcycle,1,Yes,3.89,367.08,UPI,Delivered,,37.0
ORD105263,BENRES07DEL01,26,4.2,Bengaluru,2026-03-11,13:51:00,Stormy,Low,2,Meal,motorcycle,0,Yes,7.62,361.62,UPI,Delivered,,47.6
ORD103909,BENRES28DEL03,25,4.3,Bengaluru,2026-03-11,14:01:00,Stormy,Medium,0,Snack,motorcycle,0,Yes,2.55,215.41,Cash,Cancelled,Restaurant Delay,
ORD103068,DELRES19DEL07,29,3.9,Delhi,2026-03-11,15:07:00,Windy,High,1,Meal,motorcycle,1,Yes,1.78,686.28,Cash,Delivered,,41.1
ORD104795,CHERES20DEL05,18,4.3,Chennai,2026-03-11,15:10:00,Sunny,Low,0,Meal,motorcycle,0,Yes,1.87,437.0,UPI,Delivered,,31.1
ORD104667,DELRES43DEL08,26,4.4,Delhi,2026-03-11,15:38:00,Cloudy,Low,3,Snack,electric_scooter,1,Yes,8.03,340.57,UPI,Delivered,,42.9
ORD100608,BENRES27DEL07,35,4.5,Bengaluru,2026-03-11,15:54:00,Windy,Low,0,Drinks,motorcycle,0,Yes,17.52,280.57,UPI,Delivered,,63.5
ORD104475,KOLRES21DEL04,24,4.8,Kolkata,2026-03-11,16:18:00,Windy,High,0,Buffet,motorcycle,1,Yes,1.09,92.88,UPI,Cancelled,Restaurant Delay,
ORD102685,PUNRES11DEL05,30,3.3,Pune,2026-03-11,17:24:00,Cloudy,Jam,2,Drinks,scooter,1,Yes,4.38,573.67,Wallet,Delivered,,53.2
ORD102807,BENRES33DEL02,43,4.3,Bengaluru,2026-03-11,18:18:00,Sunny,High,1,Drinks,motorcycle,1,Yes,5.3,292.05,UPI,Delivered,,42.9
ORD103126,HYDRES17DEL02,26,4.5,Hyderabad,2026-03-11,19:04:00,Cloudy,Medium,2,Drinks,electric_scooter,1,Yes,4.03,144.27,Cash,Delivered,,37.1
ORD100556,HYDRES04DEL01,32,3.6,Hyderabad,2026-03-11,19:12:00,Sunny,Medium,2,Meal,bicycle,2,Yes,1.73,724.62,UPI,Delivered,,41.0
ORD103892,PUNRES10DEL01,33,3.9,Pune,2026-03-11,19:20:00,Fog,Medium,2,Snack,motorcycle,0,Yes,2.01,316.09,UPI,Delivered,,36.7
ORD101090,HYDRES17DEL04,22,4.7,Hyderabad,2026-03-11,19:38:00,Cloudy,Low,1,Buffet,motorcycle,1,Yes,2.02,230.97,Cash,Delivered,,34.9
ORD101679,CHERES19DEL03,26,4.7,Chennai,2026-03-11,19:53:00,Cloudy,Medium,2,Snack,scooter,0,Yes,1.35,789.3,Card,Delivered,,34.1
ORD104784,BENRES43DEL01,20,4.8,Bengaluru,2026-03-11,19:53:00,Sunny,Medium,1,Drinks,bicycle,0,Yes,2.33,258.53,UPI,Cancelled,Weather Disruption,
ORD101576,PUNRES27DEL08,33,4.3,Pune,2026-03-11,19:57:00,Cloudy,Medium,1,Meal,motorcycle,0,Yes,6.95,724.8,UPI,Delivered,,43.9
ORD105920,BENRES25DEL07,21,4.3,Bengaluru,2026-03-11,20:12:00,Cloudy,High,3,Snack,motorcycle,0,Yes,5.62,178.42,Wallet,Delivered,,47.6
ORD104183,BENRES28DEL04,34,4.4,Bengaluru,2026-03-11,20:17:00,Windy,High,0,Snack,motorcycle,1,Yes,3.63,220.61,UPI,Delivered,,40.8
ORD103446,DELRES08DEL07,30,4.6,Delhi,2026-03-11,20:31:00,Windy,Low,0,Snack,scooter,0,Yes,6.5,120.6,UPI,Delivered,,37.3
ORD105613,DELRES06DEL05,29,4.2,Delhi,2026-03-11,20:36:00,Stormy,Low,1,Snack,motorcycle,0,Yes,6.37,137.29,UPI,Cancelled,Customer Cancelled,
ORD100874,HYDRES38DEL01,23,4.6,Hyderabad,2026-03-11,20:42:00,Sunny,Medium,3,Meal,scooter,1,Yes,11.93,95.39,UPI,Delivered,,53.2
ORD101974,BENRES25DEL02,35,4.4,Bengaluru,2026-03-11,20:43:00,Sunny,High,3,Drinks,motorcycle,0,Yes,2.35,237.35,Wallet,Delivered,,39.5
ORD105022,KOLRES02DEL01,30,4.3,Kolkata,2026-03-11,20:43:00,Sandstorms,Low,0,Drinks,motorcycle,0,Yes,2.53,280.37,UPI,Delivered,,39.0
ORD104719,HYDRES12DEL04,21,4.8,Hyderabad,2026-03-11,21:27:00,Sunny,High,3,Snack,motorcycle,0,Yes,14.82,395.96,UPI,Delivered,,57.6
ORD103945,DELRES10DEL07,30,5.0,Delhi,2026-03-11,21:36:00,Windy,High,3,Snack,scooter,0,Yes,1.9,360.15,UPI,Delivered,,37.3
ORD103136,KOLRES04DEL01,35,4.1,Kolkata,2026-03-11,21:37:00,Cloudy,High,1,Buffet,motorcycle,0,Yes,7.75,461.11,UPI,Delivered,,46.3
ORD102929,DELRES21DEL05,34,4.2,Delhi,2026-03-11,22:19:00,Stormy,High,2,Snack,scooter,0,Yes,3.02,336.92,UPI,Cancelled,Customer Cancelled,
ORD103764,PUNRES37DEL03,22,4.6,Pune,2026-03-11,22:40:00,Cloudy,Low,0,Meal,scooter,0,Yes,0.92,292.0,Cash,Delivered,,30.2
ORD105903,KOLRES13DEL02,33,4.3,Kolkata,2026-03-12,03:13:00,Sunny,Low,1,Meal,motorcycle,0,No,9.29,199.99,Card,Delivered,,31.7
ORD100780,BENRES23DEL07,27,4.2,Bengaluru,2026-03-12,06:52:00,Sunny,Medium,3,Snack,motorcycle,1,No,2.47,347.9,UPI,Delivered,,29.7
ORD105170,DELRES11DEL07,25,4.6,Delhi,2026-03-12,07:15:00,Sunny,Medium,2,Snack,scooter,2,No,0.9,275.26,Cash,Delivered,,33.6
ORD105537,HYDRES22DEL08,26,4.2,Hyderabad,2026-03-12,08:24:00,Stormy,Low,2,Drinks,scooter,3,No,2.5,317.35,UPI,Delivered,,46.2
ORD102354,HYDRES29DEL02,31,4.7,Hyderabad,2026-03-12,08:57:00,Sunny,Medium,3,Snack,motorcycle,2,No,4.51,196.19,UPI,Delivered,,40.5
ORD103669,MUMRES15DEL05,34,4.4,Mumbai,2026-03-12,09:29:00,Sunny,Medium,1,Buffet,motorcycle,1,No,8.97,380.05,UPI,Delivered,,37.2
ORD100186,BENRES05DEL06,33,4.2,Bengaluru,2026-03-12,09:58:00,Stormy,High,3,Snack,electric_scooter,0,No,1.44,512.49,Cash,Delivered,,46.2
ORD100060,CHERES13DEL06,25,3.8,Chennai,2026-03-12,10:52:00,Fog,High,0,Snack,motorcycle,0,No,3.62,246.14,UPI,Delivered,,39.9
ORD103376,CHERES36DEL03,26,4.1,Chennai,2026-03-12,11:23:00,Windy,Medium,1,Drinks,scooter,0,No,19.84,317.53,Wallet,Delivered,,52.5
ORD102194,PUNRES29DEL06,24,3.9,Pune,2026-03-12,11:47:00,Cloudy,Jam,1,Buffet,scooter,0,No,2.92,658.02,Card,Delivered,,31.8
ORD104090,DELRES35DEL02,18,3.8,Delhi,2026-03-12,12:07:00,Sunny,Low,1,Drinks,motorcycle,1,No,18.53,390.84,Card,Delivered,,53.5
ORD105677,DELRES33DEL07,35,4.2,Delhi,2026-03-12,12:20:00,Sunny,High,0,Meal,motorcycle,0,No,3.94,593.88,Wallet,Delivered,,31.7
ORD105498,CHERES32DEL01,27,4.0,Chennai,2026-03-12,12:35:00,Cloudy,High,3,Drinks,motorcycle,0,No,3.36,416.71,Cash,Delivered,,30.8
ORD104150,BENRES15DEL01,31,4.3,Bengaluru,2026-03-12,12:36:00,Cloudy,Medium,0,Buffet,scooter,0,No,0.88,207.49,Wallet,Delivered,,26.9
ORD101298,MUMRES02DEL04,23,4.2,Mumbai,2026-03-12,12:49:00,Stormy,High,2,Snack,electric_scooter,2,No,13.38,670.52,Cash,Delivered,,67.0
ORD101997,BENRES01DEL05,29,4.8,Bengaluru,2026-03-12,13:05:00,Windy,Medium,3,Buffet,motorcycle,0,No,4.45,368.14,UPI,Delivered,,28.5
ORD104753,MUMRES11DEL02,40,4.4,Mumbai,2026-03-12,13:12:00,Stormy,High,1,Buffet,motorcycle,0,No,5.09,217.68,Card,Cancelled,Delivery Partner Unavailable,
ORD101776,BENRES26DEL06,23,4.8,Bengaluru,2026-03-12,13:33:00,Cloudy,High,3,Snack,motorcycle,0,No,11.68,421.93,UPI,Delivered,,49.6
ORD102041,CHERES15DEL01,19,5.0,Chennai,2026-03-12,14:49:00,Fog,High,1,Drinks,motorcycle,0,No,1.43,135.56,UPI,Delivered,,35.2
ORD105024,MUMRES37DEL05,28,4.7,Mumbai,2026-03-12,15:36:00,Sunny,High,3,Buffet,motorcycle,0,No,6.22,573.91,Card,Delivered,,33.5
ORD105829,PUNRES43DEL02,31,4.6,Pune,2026-03-12,17:21:00,Sunny,Low,0,Snack,motorcycle,0,No,7.96,189.23,UPI,Delivered,,30.6
ORD104267,CHERES33DEL07,24,4.0,Chennai,2026-03-12,18:08:00,Fog,Jam,0,Meal,scooter,2,No,2.3,453.87,UPI,Delivered,,53.7
ORD102738,MUMRES21DEL04,40,4.6,Mumbai,2026-03-12,18:13:00,Sunny,Low,2,Drinks,motorcycle,2,No,4.18,80.0,UPI,Delivered,,30.5
ORD100099,MUMRES29DEL03,29,4.6,Mumbai,2026-03-12,18:17:00,Stormy,Low,3,Drinks,motorcycle,1,No,3.24,199.74,Wallet,Delivered,,34.1
ORD104270,KOLRES17DEL03,25,3.8,Kolkata,2026-03-12,18:25:00,Cloudy,Medium,0,Meal,motorcycle,2,No,3.09,244.63,Wallet,Delivered,,36.1
ORD102024,CHERES19DEL05,29,4.4,Chennai,2026-03-12,18:27:00,Cloudy,Medium,1,Drinks,electric_scooter,0,No,1.53,329.93,UPI,Delivered,,28.6
ORD100923,HYDRES20DEL01,32,4.3,Hyderabad,2026-03-12,18:30:00,Cloudy,Medium,0,Drinks,scooter,1,No,3.22,283.68,Card,Delivered,,28.8
ORD103708,DELRES40DEL04,28,4.5,Delhi,2026-03-12,19:07:00,Cloudy,Jam,0,Drinks,scooter,0,No,10.88,196.91,UPI,Cancelled,Restaurant Delay,
ORD100493,BENRES38DEL06,29,4.6,Bengaluru,2026-03-12,19:21:00,Sandstorms,Low,0,Drinks,bicycle,2,No,8.93,329.28,Card,Delivered,,50.4
ORD102869,DELRES36DEL05,34,4.1,Delhi,2026-03-12,19:22:00,Stormy,High,2,Drinks,electric_scooter,0,No,4.01,620.61,UPI,Delivered,,46.4
ORD104413,HYDRES35DEL01,27,4.2,Hyderabad,2026-03-12,19:31:00,Fog,Medium,0,Buffet,scooter,2,No,1.08,388.23,UPI,Delivered,,38.1
ORD105139,MUMRES01DEL06,38,4.2,Mumbai,2026-03-12,19:44:00,Cloudy,Low,1,Buffet,motorcycle,0,No,0.96,129.92,Cash,Delivered,,23.3
ORD102086,PUNRES15DEL08,32,4.6,Pune,2026-03-12,19:58:00,Fog,Medium,0,Snack,motorcycle,0,No,1.77,337.36,UPI,Cancelled,Weather Disruption,
ORD105331,PUNRES01DEL05,22,4.0,Pune,2026-03-12,20:24:00,Sunny,High,3,Buffet,motorcycle,0,No,3.3,298.9,UPI,Delivered,,32.8
ORD105968,MUMRES43DEL01,29,4.2,Mumbai,2026-03-12,20:24:00,Windy,High,1,Drinks,motorcycle,0,No,0.97,407.5,UPI,Delivered,,24.8
ORD101731,HYDRES01DEL04,28,5.0,Hyderabad,2026-03-12,20:27:00,Cloudy,High,3,Buffet,motorcycle,0,No,7.95,367.77,Wallet,Delivered,,47.5
ORD104623,MUMRES05DEL03,32,4.3,Mumbai,2026-03-12,20:41:00,Windy,Jam,0,Snack,scooter,0,No,8.49,618.48,Wallet,Delivered,,50.3
ORD104191,PUNRES17DEL08,29,3.9,Pune,2026-03-12,21:01:00,Sunny,Medium,2,Meal,motorcycle,1,No,1.24,416.07,Card,Delivered,,24.4
ORD101602,PUNRES18DEL05,24,4.6,Pune,2026-03-12,21:07:00,Cloudy,Low,0,Snack,scooter,0,No,3.52,609.68,Card,Delivered,,18.3
ORD103907,DELRES27DEL05,18,4.2,Delhi,2026-03-12,21:21:00,Fog,Medium,0,Buffet,bicycle,1,No,3.32,330.73,UPI,Delivered,,34.7
ORD104506,HYDRES22DEL02,32,4.5,Hyderabad,2026-03-12,21:21:00,Cloudy,High,0,Snack,scooter,1,No,1.88,226.66,UPI,Delivered,,38.2
ORD101989,BENRES16DEL02,31,4.4,Bengaluru,2026-03-12,21:35:00,Sunny,Medium,2,Drinks,scooter,0,No,2.98,162.09,Card,Delivered,,22.3
ORD104840,MUMRES37DEL05,23,5.0,Mumbai,2026-03-12,21:51:00,Cloudy,High,1,Drinks,scooter,0,No,0.92,453.12,Card,Delivered,,31.9
ORD100926,DELRES44DEL07,37,4.2,Delhi,2026-03-12,21:56:00,Sunny,Medium,3,Meal,motorcycle,3,No,5.11,252.83,Wallet,Cancelled,Restaurant Delay,
ORD104586,CHERES14DEL05,22,4.7,Chennai,2026-03-12,22:15:00,Windy,Low,1,Snack,motorcycle,1,No,4.99,189.81,UPI,Delivered,,36.2
ORD105977,MUMRES06DEL02,23,4.6,Mumbai,2026-03-12,22:45:00,Cloudy,Low,1,Drinks,electric_scooter,1,No,3.85,169.7,Cash,Delivered,,25.2
ORD100020,CHERES06DEL08,29,4.5,Chennai,2026-03-12,22:50:00,Sunny,Medium,2,Meal,motorcycle,0,No,7.88,119.02,UPI,Delivered,,37.6
ORD102034,BENRES03DEL03,26,5.0,Bengaluru,2026-03-12,22:53:00,Sunny,Low,0,Buffet,motorcycle,0,No,1.05,477.97,Card,Delivered,,12.1
ORD101875,MUMRES39DEL07,29,4.3,Mumbai,2026-03-12,23:09:00,Sunny,High,2,Buffet,bicycle,0,No,4.62,175.05,Card,Delivered,,35.1
ORD105546,HYDRES38DEL05,38,5.0,Hyderabad,2026-03-13,01:19:00,Cloudy,Low,1,Meal,motorcycle,1,No,1.08,270.64,UPI,Delivered,,20.9
ORD101817,KOLRES22DEL08,36,4.2,Kolkata,2026-03-13,08:33:00,Sunny,Low,2,Drinks,motorcycle,1,No,1.41,463.64,UPI,Delivered,,23.8
ORD102727,MUMRES41DEL06,18,4.3,Mumbai,2026-03-13,09:45:00,Cloudy,Medium,3,Snack,scooter,1,No,1.37,432.59,UPI,Delivered,,28.7
ORD101958,DELRES33DEL02,36,4.7,Delhi,2026-03-13,10:53:00,Sunny,High,1,Drinks,motorcycle,0,No,2.04,375.49,UPI,Delivered,,29.9
ORD103318,BENRES16DEL07,27,4.7,Bengaluru,2026-03-13,11:12:00,Stormy,Medium,0,Buffet,scooter,0,No,3.93,97.64,Wallet,Delivered,,39.5
ORD100782,BENRES27DEL02,19,4.1,Bengaluru,2026-03-13,11:19:00,Stormy,Low,1,Snack,scooter,0,No,4.15,684.56,UPI,Delivered,,39.4
ORD104915,DELRES43DEL08,23,4.9,Delhi,2026-03-13,11:57:00,Fog,Low,3,Meal,motorcycle,1,No,2.55,102.72,UPI,Delivered,,34.0
ORD103887,CHERES43DEL07,18,4.4,Chennai,2026-03-13,11:58:00,Windy,High,2,Snack,scooter,0,No,3.26,300.86,Wallet,Delivered,,32.4
ORD104068,CHERES16DEL01,18,4.0,Chennai,2026-03-13,12:10:00,Cloudy,Medium,1,Drinks,electric_scooter,0,No,2.1,278.83,Wallet,Delivered,,28.9
ORD105009,DELRES35DEL06,26,4.2,Delhi,2026-03-13,12:26:00,Cloudy,Low,3,Buffet,scooter,1,No,18.29,283.5,UPI,Delivered,,60.4
ORD102132,DELRES25DEL06,23,4.2,Delhi,2026-03-13,12:53:00,Cloudy,Jam,0,Meal,motorcycle,0,No,4.27,203.91,UPI,Delivered,,43.8
ORD103470,HYDRES14DEL04,36,4.2,Hyderabad,2026-03-13,13:21:00,Sunny,Low,2,Snack,motorcycle,2,No,2.87,401.92,UPI,Delivered,,28.5
ORD104396,MUMRES19DEL05,30,4.2,Mumbai,2026-03-13,13:27:00,Sunny,Medium,1,Meal,motorcycle,0,No,1.69,270.6,UPI,Delivered,,23.3
ORD105758,MUMRES08DEL01,18,4.2,Mumbai,2026-03-13,14:18:00,Cloudy,High,3,Meal,scooter,2,No,10.75,535.59,Cash,Delivered,,52.6
ORD100812,KOLRES15DEL01,29,4.4,Kolkata,2026-03-13,14:32:00,Fog,Low,2,Snack,motorcycle,0,No,7.33,506.1,Wallet,Delivered,,39.6
ORD102106,DELRES23DEL05,20,4.2,Delhi,2026-03-13,14:37:00,Sandstorms,Jam,2,Buffet,motorcycle,3,No,1.0,279.89,Cash,Cancelled,Weather Disruption,
ORD101308,CHERES38DEL06,28,4.4,Chennai,2026-03-13,15:22:00,Cloudy,Low,2,Meal,scooter,1,No,10.1,335.61,Card,Delivered,,41.3
ORD104729,BENRES01DEL08,24,4.7,Bengaluru,2026-03-13,16:54:00,Cloudy,Medium,1,Meal,motorcycle,0,No,6.06,178.37,Card,Delivered,,33.7
ORD103322,MUMRES35DEL06,28,4.7,Mumbai,2026-03-13,16:55:00,Sunny,Low,3,Meal,motorcycle,1,No,1.02,340.89,Wallet,Delivered,,29.1
ORD102689,DELRES34DEL07,27,4.3,Delhi,2026-03-13,17:03:00,Sunny,Low,1,Snack,motorcycle,0,No,3.74,549.2,Card,Delivered,,20.2
ORD103751,KOLRES21DEL06,23,4.0,Kolkata,2026-03-13,17:09:00,Cloudy,Medium,2,Buffet,electric_scooter,1,No,3.27,305.25,Cash,Delivered,,37.2
ORD102994,KOLRES41DEL01,23,4.4,Kolkata,2026-03-13,17:58:00,Stormy,Medium,0,Snack,bicycle,0,No,2.14,294.52,Card,Delivered,,33.6
ORD100878,DELRES38DEL08,35,4.9,Delhi,2026-03-13,18:04:00,Cloudy,High,0,Snack,motorcycle,1,No,11.05,627.56,Cash,Delivered,,50.4
ORD102425,HYDRES30DEL01,28,4.8,Hyderabad,2026-03-13,18:19:00,Sandstorms,Medium,0,Buffet,motorcycle,2,No,3.16,202.75,UPI,Delivered,,44.0
ORD100050,BENRES19DEL03,28,4.4,Bengaluru,2026-03-13,18:23:00,Windy,Low,3,Meal,motorcycle,0,No,10.58,453.19,Cash,Delivered,,40.1
ORD105696,BENRES18DEL08,26,4.5,Bengaluru,2026-03-13,18:38:00,Fog,Low,2,Meal,scooter,1,No,2.29,277.0,Cash,Delivered,,33.1
ORD102104,MUMRES09DEL04,31,4.4,Mumbai,2026-03-13,19:00:00,Sunny,Medium,2,Meal,motorcycle,0,No,13.33,382.0,UPI,Delivered,,40.9
ORD104938,MUMRES44DEL07,37,5.0,Mumbai,2026-03-13,19:09:00,Stormy,High,1,Meal,electric_scooter,2,No,2.85,343.64,Card,Delivered,,52.2
ORD103953,BENRES03DEL08,25,4.2,Bengaluru,2026-03-13,19:15:00,Fog,Medium,1,Meal,motorcycle,1,No,14.28,517.61,UPI,Delivered,,52.4
ORD101990,PUNRES30DEL02,27,4.0,Pune,2026-03-13,19:22:00,Sunny,Low,0,Buffet,motorcycle,0,No,4.57,204.68,Card,Delivered,,25.3
ORD100497,CHERES02DEL07,33,4.2,Chennai,2026-03-13,19:25:00,Sunny,Jam,1,Snack,motorcycle,1,No,1.82,194.35,Card,Delivered,,49.3
ORD103288,KOLRES15DEL03,37,4.4,Kolkata,2026-03-13,19:47:00,Sunny,Low,3,Buffet,motorcycle,3,No,12.36,246.81,UPI,Cancelled,Customer Cancelled,
ORD104344,BENRES17DEL01,27,3.6,Bengaluru,2026-03-13,19:50:00,Sunny,Jam,3,Drinks,scooter,0,No,1.06,474.94,UPI,Delivered,,35.4
ORD101371,BENRES33DEL02,23,4.4,Bengaluru,2026-03-13,20:12:00,Sunny,Medium,1,Meal,scooter,0,No,2.91,346.12,UPI,Delivered,,26.4
ORD102148,KOLRES35DEL04,25,4.2,Kolkata,2026-03-13,20:35:00,Stormy,High,1,Drinks,motorcycle,1,No,4.07,111.98,Card,Delivered,,48.7
ORD102978,BENRES31DEL06,31,4.5,Bengaluru,2026-03-13,20:39:00,Sunny,Low,3,Meal,scooter,0,No,2.52,354.1,Wallet,Cancelled,Customer Cancelled,
ORD102671,BENRES43DEL06,34,4.5,Bengaluru,2026-03-13,20:45:00,Sunny,Low,1,Drinks,electric_scooter,0,No,3.87,288.69,UPI,Delivered,,24.6
ORD105086,CHERES12DEL04,27,3.9,Chennai,2026-03-13,21:41:00,Windy,High,3,Snack,motorcycle,1,No,1.02,509.47,Wallet,Delivered,,37.6
ORD105127,KOLRES04DEL08,36,4.5,Kolkata,2026-03-13,21:43:00,Sunny,Medium,0,Drinks,scooter,2,No,4.22,189.13,UPI,Delivered,,35.2
ORD105446,BENRES24DEL03,22,4.6,Bengaluru,2026-03-13,21:54:00,Stormy,High,1,Drinks,motorcycle,2,No,1.59,407.68,Cash,Delivered,,52.5
ORD102143,MUMRES15DEL05,33,4.9,Mumbai,2026-03-13,22:13:00,Sandstorms,Medium,3,Meal,motorcycle,2,No,2.62,182.01,UPI,Cancelled,Restaurant Delay,
ORD100042,MUMRES23DEL04,32,4.4,Mumbai,2026-03-14,00:06:00,Sunny,High,0,Snack,motorcycle,0,No,6.18,150.14,UPI,Delivered,,35.7
ORD101233,KOLRES23DEL05,25,3.8,Kolkata,2026-03-14,01:37:00,Cloudy,Jam,3,Snack,motorcycle,0,No,5.63,389.76,Card,Delivered,,42.8
ORD103489,CHERES28DEL06,21,4.3,Chennai,2026-03-14,02:06:00,Sunny,High,1,Buffet,motorcycle,1,No,7.5,533.68,Wallet,Delivered,,48.7
ORD100879,MUMRES40DEL01,19,4.6,Mumbai,2026-03-14,04:53:00,Sandstorms,Medium,0,Buffet,motorcycle,0,No,3.77,218.91,Cash,Delivered,,37.0
ORD104072,PUNRES32DEL03,29,4.1,Pune,2026-03-14,05:00:00,Sunny,Jam,1,Buffet,scooter,1,No,1.29,258.54,Cash,Delivered,,33.6
ORD101918,BENRES41DEL08,25,4.5,Bengaluru,2026-03-14,05:43:00,Cloudy,Medium,2,Meal,scooter,1,No,4.98,508.19,UPI,Delivered,,36.5
ORD102392,MUMRES42DEL07,32,4.1,Mumbai,2026-03-14,06:17:00,Windy,High,1,Drinks,motorcycle,0,No,2.25,688.62,Card,Delivered,,29.0
ORD105335,CHERES02DEL04,37,3.6,Chennai,2026-03-14,07:09:00,Sunny,Medium,0,Buffet,motorcycle,3,No,8.13,372.82,UPI,Delivered,,49.8
ORD104584,MUMRES14DEL05,30,3.5,Mumbai,2026-03-14,09:13:00,Cloudy,High,1,Snack,scooter,1,No,12.49,300.15,Wallet,Delivered,,51.9
ORD103149,BENRES43DEL02,18,5.0,Bengaluru,2026-03-14,10:23:00,Cloudy,Medium,1,Meal,scooter,0,No,2.18,301.07,UPI,Delivered,,23.5
ORD100205,MUMRES32DEL02,34,4.2,Mumbai,2026-03-14,11:37:00,Cloudy,Medium,0,Drinks,motorcycle,0,No,4.12,407.33,Card,Delivered,,30.4
ORD105843,DELRES35DEL02,37,3.8,Delhi,2026-03-14,11:38:00,Cloudy,High,1,Meal,motorcycle,1,No,1.83,171.37,UPI,Delivered,,34.1
ORD103617,CHERES32DEL07,25,4.4,Chennai,2026-03-14,11:44:00,Fog,Medium,0,Buffet,scooter,0,No,2.12,401.74,Wallet,Delivered,,37.1
ORD102153,DELRES29DEL03,34,4.4,Delhi,2026-03-14,12:13:00,Cloudy,Low,3,Drinks,scooter,1,No,0.93,221.66,UPI,Delivered,,24.8
ORD103915,BENRES21DEL07,39,4.2,Bengaluru,2026-03-14,12:33:00,Sunny,Jam,0,Buffet,electric_scooter,0,No,0.89,462.03,UPI,Delivered,,31.0
ORD101211,PUNRES36DEL05,23,5.0,Pune,2026-03-14,12:43:00,Sunny,Jam,0,Buffet,bicycle,1,No,1.07,214.19,Card,Delivered,,36.4
ORD101916,MUMRES33DEL04,25,4.5,Mumbai,2026-03-14,12:50:00,Cloudy,Medium,0,Buffet,motorcycle,0,No,14.51,223.4,UPI,Delivered,,43.5
ORD101027,BENRES30DEL02,27,4.1,Bengaluru,2026-03-14,13:16:00,Cloudy,High,0,Drinks,scooter,0,No,13.96,348.8,UPI,Delivered,,53.1
ORD105159,DELRES19DEL07,24,4.2,Delhi,2026-03-14,13:41:00,Fog,Medium,2,Meal,electric_scooter,0,No,1.74,173.06,UPI,Delivered,,34.3
ORD101534,PUNRES12DEL01,35,4.9,Pune,2026-03-14,15:02:00,Sunny,High,2,Snack,motorcycle,2,No,2.24,284.41,UPI,Delivered,,43.2
ORD100363,DELRES30DEL04,31,4.0,Delhi,2026-03-14,15:49:00,Sunny,Medium,1,Snack,electric_scooter,0,No,1.67,634.75,UPI,Delivered,,20.2
ORD105183,BENRES33DEL05,22,4.8,Bengaluru,2026-03-14,16:16:00,Fog,Medium,1,Snack,bicycle,2,No,2.58,781.06,Wallet,Delivered,,38.9
ORD103797,MUMRES34DEL06,28,4.7,Mumbai,2026-03-14,17:31:00,Windy,Jam,2,Meal,bicycle,0,No,5.46,195.79,UPI,Cancelled,Traffic Delay,
ORD100437,PUNRES33DEL02,28,4.0,Pune,2026-03-14,17:38:00,Windy,Medium,2,Drinks,scooter,0,No,5.65,158.36,UPI,Delivered,,37.7
ORD102509,DELRES33DEL03,26,4.1,Delhi,2026-03-14,17:40:00,Sunny,High,3,Snack,scooter,0,No,4.7,296.4,UPI,Delivered,,33.1
ORD101690,MUMRES01DEL04,40,4.4,Mumbai,2026-03-14,17:51:00,Windy,High,2,Snack,motorcycle,0,No,7.07,226.12,UPI,Delivered,,42.4
ORD100263,MUMRES32DEL06,30,4.5,Mumbai,2026-03-14,18:02:00,Cloudy,Low,3,Drinks,motorcycle,2,No,1.87,203.13,UPI,Delivered,,31.6
ORD100969,KOLRES39DEL01,38,4.2,Kolkata,2026-03-14,18:44:00,Sunny,Low,3,Meal,motorcycle,0,No,5.35,144.19,UPI,Delivered,,22.0
ORD103857,CHERES27DEL07,31,4.5,Chennai,2026-03-14,18:46:00,Sunny,Low,0,Meal,scooter,2,No,6.99,344.91,Cash,Delivered,,43.1
ORD105353,BENRES37DEL04,31,4.3,Bengaluru,2026-03-14,18:51:00,Windy,Medium,2,Snack,motorcycle,3,No,1.14,781.78,UPI,Delivered,,36.5
ORD100498,KOLRES33DEL05,38,4.8,Kolkata,2026-03-14,18:55:00,Sunny,Low,0,Meal,motorcycle,0,No,3.22,448.62,UPI,Delivered,,20.2
ORD101932,KOLRES32DEL08,28,4.3,Kolkata,2026-03-14,19:11:00,Sandstorms,Medium,2,Meal,motorcycle,0,No,7.4,150.49,UPI,Delivered,,40.2
ORD104981,DELRES32DEL03,27,4.8,Delhi,2026-03-14,19:15:00,Cloudy,High,3,Buffet,motorcycle,0,No,8.07,100.81,Cash,Delivered,,38.9
ORD101603,BENRES07DEL01,18,4.2,Bengaluru,2026-03-14,19:21:00,Windy,Jam,2,Meal,motorcycle,0,No,0.99,362.45,UPI,Cancelled,Restaurant Delay,
ORD103807,BENRES29DEL01,31,4.6,Bengaluru,2026-03-14,19:23:00,Cloudy,Low,1,Meal,motorcycle,0,No,3.97,526.58,Cash,Delivered,,31.8
ORD103625,BENRES37DEL06,30,4.4,Bengaluru,2026-03-14,19:26:00,Sunny,Low,2,Meal,motorcycle,2,No,8.38,358.14,Cash,Delivered,,41.0
ORD105108,HYDRES18DEL04,33,4.3,Hyderabad,2026-03-14,19:35:00,Fog,Medium,3,Buffet,motorcycle,0,No,3.09,173.6,Cash,Delivered,,26.4
ORD105305,CHERES19DEL06,33,5.0,Chennai,2026-03-14,19:49:00,Cloudy,High,1,Buffet,scooter,2,No,1.0,504.52,UPI,Delivered,,49.1
ORD100842,BENRES17DEL07,29,4.3,Bengaluru,2026-03-14,19:54:00,Cloudy,High,1,Buffet,scooter,1,No,4.69,551.74,Card,Delivered,,40.0
ORD101620,BENRES26DEL08,36,3.9,Bengaluru,2026-03-14,19:57:00,Fog,Low,1,Drinks,bicycle,0,No,25.0,333.49,Cash,Cancelled,Customer Cancelled,
ORD105743,PUNRES07DEL01,23,4.4,Pune,2026-03-14,20:00:00,Cloudy,High,1,Buffet,motorcycle,1,No,1.22,263.76,Wallet,Delivered,,35.7
ORD102567,CHERES38DEL05,32,5.0,Chennai,2026-03-14,20:10:00,Sunny,Low,2,Snack,motorcycle,1,No,8.12,295.43,UPI,Delivered,,35.9
ORD105656,BENRES39DEL03,30,4.2,Bengaluru,2026-03-14,20:34:00,Sunny,Medium,1,Meal,motorcycle,3,No,4.84,580.39,Cash,Delivered,,45.2
ORD102618,CHERES43DEL06,28,4.6,Chennai,2026-03-14,20:38:00,Sunny,Medium,2,Meal,motorcycle,0,No,0.99,284.4,Cash,Delivered,,20.7
ORD103422,CHERES14DEL04,36,4.1,Chennai,2026-03-14,20:45:00,Sunny,Medium,1,Buffet,motorcycle,2,No,4.88,200.75,Cash,Delivered,,38.9
ORD104398,BENRES03DEL02,27,4.1,Bengaluru,2026-03-14,21:03:00,Windy,Medium,0,Meal,motorcycle,0,No,2.98,352.91,UPI,Delivered,,27.8
ORD100829,HYDRES30DEL03,26,4.5,Hyderabad,2026-03-14,21:06:00,Sandstorms,Low,0,Buffet,scooter,0,No,2.25,527.7,UPI,Delivered,,35.6
ORD105849,PUNRES44DEL02,30,4.2,Pune,2026-03-14,21:26:00,Cloudy,Low,3,Drinks,scooter,1,No,7.55,298.9,UPI,Delivered,,37.2
ORD101604,MUMRES36DEL03,30,5.0,Mumbai,2026-03-14,21:36:00,Stormy,High,0,Buffet,motorcycle,1,No,3.36,868.45,UPI,Delivered,,49.3
ORD100188,DELRES14DEL05,33,4.2,Delhi,2026-03-14,21:47:00,Sunny,Low,0,Meal,bicycle,2,No,6.96,152.68,UPI,Delivered,,41.6
ORD103687,PUNRES14DEL05,30,4.7,Pune,2026-03-14,21:50:00,Fog,High,3,Buffet,motorcycle,1,No,8.95,745.79,Card,Delivered,,53.6
ORD102198,KOLRES10DEL03,21,4.0,Kolkata,2026-03-14,21:54:00,Windy,High,3,Buffet,motorcycle,1,No,3.59,234.65,UPI,Delivered,,44.7
ORD103186,MUMRES11DEL05,31,4.3,Mumbai,2026-03-14,22:51:00,Cloudy,High,2,Snack,scooter,0,No,7.71,198.76,UPI,Delivered,,38.4
ORD105545,DELRES28DEL07,32,4.8,Delhi,2026-03-14,23:24:00,Sunny,High,3,Meal,motorcycle,0,No,3.14,145.03,Cash,Delivered,,34.0
ORD101753,KOLRES01DEL07,19,3.9,Kolkata,2026-03-14,23:39:00,Fog,Medium,1,Buffet,electric_scooter,0,No,1.02,689.99,Wallet,Delivered,,35.1
ORD104121,BENRES30DEL03,18,4.3,Bengaluru,2026-03-15,05:41:00,Windy,Jam,1,Drinks,scooter,0,No,1.15,158.73,UPI,Delivered,,36.1
ORD100387,HYDRES41DEL05,23,4.4,Hyderabad,2026-03-15,05:56:00,Windy,Medium,0,Drinks,electric_scooter,0,No,1.01,206.96,UPI,Delivered,,27.9
ORD101788,CHERES11DEL04,24,4.7,Chennai,2026-03-15,06:41:00,Cloudy,High,3,Drinks,bicycle,0,No,8.65,693.49,Cash,Cancelled,Traffic Delay,
ORD104670,BENRES34DEL04,23,4.6,Bengaluru,2026-03-15,06:55:00,Fog,Jam,3,Buffet,motorcycle,0,No,6.42,375.62,Card,Delivered,,47.3
ORD100298,KOLRES20DEL08,27,4.3,Kolkata,2026-03-15,07:38:00,Cloudy,High,0,Buffet,motorcycle,1,No,7.82,113.61,Cash,Delivered,,46.1
ORD103793,DELRES22DEL03,39,4.0,Delhi,2026-03-15,08:00:00,Fog,Low,3,Meal,motorcycle,1,No,1.09,199.02,Cash,Delivered,,33.7
ORD105490,KOLRES07DEL05,22,3.7,Kolkata,2026-03-15,08:52:00,Stormy,High,2,Buffet,scooter,1,No,0.82,162.87,UPI,Delivered,,45.1
ORD102039,MUMRES38DEL01,35,4.5,Mumbai,2026-03-15,09:26:00,Sunny,Medium,2,Buffet,motorcycle,0,No,17.73,257.49,UPI,Delivered,,51.3
ORD104869,MUMRES24DEL08,43,3.7,Mumbai,2026-03-15,09:50:00,Stormy,Medium,1,Snack,scooter,0,No,2.85,512.2,Cash,Delivered,,30.5
ORD104536,KOLRES35DEL06,24,4.3,Kolkata,2026-03-15,10:02:00,Cloudy,Low,3,Buffet,electric_scooter,0,No,2.92,345.3,Cash,Delivered,,23.4
ORD102073,BENRES12DEL04,45,4.7,Bengaluru,2026-03-15,10:15:00,Sunny,High,2,Snack,motorcycle,1,No,3.8,266.42,Card,Delivered,,31.7
ORD104555,BENRES08DEL01,36,4.2,Bengaluru,2026-03-15,10:15:00,Sunny,Medium,3,Snack,motorcycle,2,No,5.62,246.39,Card,Delivered,,39.9
ORD100559,BENRES32DEL02,36,4.7,Bengaluru,2026-03-15,10:45:00,Fog,Low,0,Buffet,electric_scooter,0,No,8.89,352.2,Card,Delivered,,45.2
ORD100011,PUNRES01DEL03,23,4.6,Pune,2026-03-15,10:56:00,Sunny,Low,2,Snack,electric_scooter,3,No,5.7,542.54,UPI,Delivered,,33.4
ORD104493,MUMRES17DEL01,26,4.7,Mumbai,2026-03-15,11:17:00,Cloudy,Low,1,Drinks,motorcycle,1,No,2.95,414.51,UPI,Delivered,,30.0
ORD102176,BENRES09DEL06,28,4.5,Bengaluru,2026-03-15,11:29:00,Windy,High,0,Snack,scooter,0,No,2.18,194.87,UPI,Delivered,,33.5
ORD101180,PUNRES05DEL01,42,4.8,Pune,2026-03-15,11:32:00,Fog,Medium,0,Meal,scooter,0,No,13.64,282.58,UPI,Cancelled,Customer Cancelled,
ORD104462,MUMRES39DEL04,31,4.5,Mumbai,2026-03-15,11:43:00,Cloudy,Medium,3,Buffet,bicycle,1,No,3.98,432.3,Cash,Delivered,,40.3
ORD103278,BENRES04DEL05,27,4.6,Bengaluru,2026-03-15,11:52:00,Sunny,High,3,Meal,scooter,0,No,11.65,298.36,UPI,Delivered,,44.7
ORD101217,BENRES25DEL08,22,3.9,Bengaluru,2026-03-15,12:02:00,Sunny,Low,0,Buffet,motorcycle,0,No,3.97,313.46,UPI,Delivered,,25.9
ORD105802,BENRES14DEL04,27,4.4,Bengaluru,2026-03-15,12:02:00,Sunny,Low,1,Drinks,motorcycle,0,No,5.83,94.06,UPI,Delivered,,21.6
ORD100530,BENRES10DEL03,24,4.2,Bengaluru,2026-03-15,12:05:00,Sunny,Low,1,Drinks,electric_scooter,0,No,1.15,367.98,UPI,Delivered,,17.9
ORD100890,HYDRES42DEL04,18,4.8,Hyderabad,2026-03-15,12:12:00,Sunny,High,0,Buffet,motorcycle,0,No,2.09,829.2,UPI,Delivered,,29.5
ORD105219,BENRES15DEL08,28,4.4,Bengaluru,2026-03-15,12:40:00,Stormy,Low,1,Meal,motorcycle,2,No,4.69,194.14,UPI,Delivered,,50.4
ORD104234,BENRES08DEL06,36,4.7,Bengaluru,2026-03-15,12:49:00,Cloudy,Medium,0,Snack,motorcycle,0,No,1.72,270.97,Wallet,Delivered,,22.4
ORD101196,KOLRES39DEL07,21,4.7,Kolkata,2026-03-15,12:54:00,Windy,High,0,Drinks,motorcycle,0,No,8.91,229.25,Card,Delivered,,47.2
ORD102592,DELRES11DEL07,25,4.8,Delhi,2026-03-15,13:17:00,Cloudy,Medium,3,Drinks,bicycle,2,No,2.62,514.43,UPI,Delivered,,37.9
ORD101283,CHERES02DEL01,28,4.2,Chennai,2026-03-15,13:21:00,Sunny,Jam,1,Drinks,motorcycle,0,No,4.88,435.47,UPI,Delivered,,38.6
ORD103476,MUMRES38DEL07,25,4.5,Mumbai,2026-03-15,13:26:00,Sandstorms,Medium,3,Meal,motorcycle,3,No,2.75,330.78,UPI,Delivered,,41.6
ORD104941,BENRES38DEL06,28,4.0,Bengaluru,2026-03-15,13:31:00,Sunny,Low,3,Buffet,scooter,3,No,1.75,280.96,UPI,Delivered,,36.3
ORD103100,BENRES04DEL05,32,4.3,Bengaluru,2026-03-15,13:37:00,Sunny,Low,2,Meal,motorcycle,1,No,8.3,272.9,Wallet,Delivered,,36.7
ORD101436,MUMRES27DEL05,28,4.5,Mumbai,2026-03-15,16:26:00,Windy,Low,1,Drinks,motorcycle,0,No,6.47,271.69,UPI,Delivered,,29.2
ORD102062,MUMRES44DEL02,36,4.3,Mumbai,2026-03-15,16:37:00,Sunny,High,1,Drinks,scooter,0,No,1.81,193.63,UPI,Delivered,,29.5
ORD103948,BENRES07DEL03,31,4.2,Bengaluru,2026-03-15,16:40:00,Sandstorms,Low,2,Meal,motorcycle,0,No,3.33,300.52,Card,Delivered,,35.5
ORD102784,PUNRES19DEL05,27,4.3,Pune,2026-03-15,17:11:00,Stormy,Low,3,Buffet,motorcycle,0,No,1.08,326.01,UPI,Cancelled,Delivery Partner Unavailable,
ORD105840,MUMRES15DEL07,23,4.1,Mumbai,2026-03-15,17:12:00,Sunny,Jam,1,Buffet,electric_scooter,3,No,15.89,358.05,UPI,Cancelled,Delivery Partner Unavailable,
ORD105568,CHERES32DEL02,34,3.9,Chennai,2026-03-15,17:14:00,Windy,Low,2,Drinks,motorcycle,1,No,6.28,135.41,UPI,Delivered,,40.4
ORD100667,BENRES24DEL03,29,4.3,Bengaluru,2026-03-15,17:40:00,Fog,High,0,Buffet,motorcycle,1,No,5.83,126.92,Card,Delivered,,49.0
ORD101767,MUMRES15DEL02,34,4.3,Mumbai,2026-03-15,18:39:00,Windy,High,2,Drinks,motorcycle,0,No,6.54,279.19,Card,Delivered,,40.6
ORD105363,DELRES36DEL08,26,4.2,Delhi,2026-03-15,18:44:00,Sunny,Low,1,Meal,motorcycle,1,No,1.05,292.84,Wallet,Delivered,,30.3
ORD100078,HYDRES17DEL08,31,3.9,Hyderabad,2026-03-15,19:06:00,Windy,Low,1,Drinks,electric_scooter,1,No,1.99,120.5,UPI,Delivered,,28.7
ORD103871,DELRES12DEL04,31,4.0,Delhi,2026-03-15,19:10:00,Windy,Jam,3,Meal,electric_scooter,1,No,3.07,251.33,UPI,Delivered,,51.6
ORD101053,BENRES08DEL06,28,3.9,Bengaluru,2026-03-15,19:15:00,Sunny,Medium,3,Drinks,electric_scooter,0,No,4.7,266.48,Cash,Delivered,,33.4
ORD102249,PUNRES07DEL02,28,4.4,Pune,2026-03-15,19:16:00,Sunny,High,3,Buffet,motorcycle,0,No,2.38,345.71,UPI,Delivered,,27.7
ORD101908,BENRES30DEL07,35,4.4,Bengaluru,2026-03-15,19:19:00,Sunny,Medium,3,Buffet,motorcycle,0,No,11.82,253.56,Cash,Delivered,,39.8
ORD102786,HYDRES08DEL05,26,4.7,Hyderabad,2026-03-15,19:20:00,Cloudy,High,0,Buffet,motorcycle,1,No,4.44,196.98,UPI,Delivered,,38.1
ORD105909,DELRES33DEL04,27,3.8,Delhi,2026-03-15,19:43:00,Windy,High,3,Meal,motorcycle,2,No,2.0,137.05,UPI,Delivered,,41.5
ORD101188,BENRES25DEL04,37,4.2,Bengaluru,2026-03-15,20:05:00,Sandstorms,Medium,2,Drinks,motorcycle,0,No,10.12,469.42,UPI,Delivered,,47.7
ORD105453,DELRES09DEL03,25,4.1,Delhi,2026-03-15,20:07:00,Fog,Jam,3,Buffet,scooter,0,No,2.26,369.53,UPI,Delivered,,45.6
ORD104682,MUMRES39DEL07,26,3.8,Mumbai,2026-03-15,20:38:00,Sunny,High,3,Drinks,scooter,3,No,3.37,327.53,UPI,Delivered,,49.3
ORD105136,MUMRES01DEL03,34,4.7,Mumbai,2026-03-15,20:39:00,Sunny,High,2,Snack,motorcycle,2,No,6.07,493.73,UPI,Delivered,,48.1
ORD104424,MUMRES24DEL04,32,4.6,Mumbai,2026-03-15,20:58:00,Sunny,High,1,Meal,scooter,0,No,3.42,191.38,Card,Delivered,,32.2
ORD101700,PUNRES08DEL02,28,3.9,Pune,2026-03-15,21:12:00,Stormy,Low,3,Buffet,electric_scooter,0,No,11.14,439.23,UPI,Delivered,,43.5
ORD100425,DELRES29DEL03,30,4.0,Delhi,2026-03-15,21:23:00,Sunny,Medium,1,Meal,electric_scooter,1,No,1.37,114.04,UPI,Delivered,,30.5
ORD100893,BENRES17DEL07,24,4.3,Bengaluru,2026-03-15,21:31:00,Windy,Low,0,Meal,scooter,0,No,8.66,117.22,UPI,Delivered,,34.5
ORD100808,HYDRES14DEL02,28,5.0,Hyderabad,2026-03-15,21:57:00,Sunny,High,0,Snack,motorcycle,0,No,2.48,279.6,UPI,Delivered,,34.5
ORD104685,BENRES15DEL08,29,4.2,Bengaluru,2026-03-15,22:29:00,Sunny,Jam,2,Drinks,motorcycle,2,No,3.82,299.81,UPI,Delivered,,46.8
ORD102895,HYDRES33DEL01,29,4.2,Hyderabad,2026-03-15,23:12:00,Sunny,High,0,Buffet,scooter,0,No,3.82,351.4,Card,Delivered,,36.4
ORD104707,DELRES28DEL05,34,4.3,Delhi,2026-03-15,23:15:00,Cloudy,Medium,1,Drinks,scooter,0,No,2.81,471.02,UPI,Delivered,,26.1
ORD104639,PUNRES17DEL06,27,3.9,Pune,2026-03-15,23:27:00,Sunny,Low,0,Drinks,motorcycle,1,No,1.03,367.49,Cash,Delivered,,18.4
ORD105654,DELRES21DEL08,37,4.5,Delhi,2026-03-16,06:15:00,Sunny,Medium,2,Snack,scooter,2,No,10.1,222.25,Cash,Delivered,,46.3
ORD100508,BENRES24DEL03,20,4.4,Bengaluru,2026-03-16,08:05:00,Sunny,Medium,2,Drinks,motorcycle,0,No,1.56,212.13,Card,Delivered,,17.5
ORD104033,MUMRES42DEL08,18,4.3,Mumbai,2026-03-16,10:01:00,Cloudy,High,1,Snack,motorcycle,2,No,2.76,352.67,UPI,Cancelled,Restaurant Delay,
ORD103458,KOLRES09DEL07,27,5.0,Kolkata,2026-03-16,10:12:00,Sunny,High,2,Snack,motorcycle,2,No,12.15,647.86,UPI,Cancelled,Weather Disruption,
ORD103185,HYDRES22DEL07,39,4.2,Hyderabad,2026-03-16,10:40:00,Cloudy,High,3,Snack,scooter,1,No,5.75,240.6,UPI,Delivered,,47.8
ORD104587,MUMRES31DEL02,27,4.4,Mumbai,2026-03-16,10:52:00,Sunny,High,3,Meal,motorcycle,0,No,3.97,243.01,UPI,Delivered,,29.9
ORD103611,BENRES12DEL04,30,4.6,Bengaluru,2026-03-16,11:04:00,Windy,Low,1,Snack,motorcycle,2,No,1.7,450.88,UPI,Delivered,,32.5
ORD103108,PUNRES02DEL03,22,4.1,Pune,2026-03-16,11:36:00,Sunny,Low,0,Snack,scooter,0,No,4.66,228.22,UPI,Delivered,,30.3
ORD101008,CHERES25DEL06,24,4.7,Chennai,2026-03-16,11:57:00,Stormy,Medium,1,Buffet,motorcycle,0,No,7.42,434.33,UPI,Delivered,,44.0
ORD101582,PUNRES32DEL06,32,4.4,Pune,2026-03-16,12:17:00,Windy,Low,1,Meal,scooter,2,No,5.62,473.88,UPI,Delivered,,41.9
ORD101940,HYDRES13DEL06,32,4.8,Hyderabad,2026-03-16,12:27:00,Fog,Medium,3,Snack,electric_scooter,2,No,16.24,146.67,Card,Delivered,,60.4
ORD103101,MUMRES28DEL03,28,3.9,Mumbai,2026-03-16,12:37:00,Cloudy,Low,1,Buffet,bicycle,2,No,5.09,403.34,UPI,Delivered,,33.8
ORD100371,PUNRES09DEL05,28,4.2,Pune,2026-03-16,12:38:00,Sunny,Medium,0,Meal,scooter,3,No,10.55,252.35,Cash,Delivered,,55.5
ORD102054,MUMRES41DEL02,33,5.0,Mumbai,2026-03-16,12:43:00,Cloudy,Jam,3,Meal,electric_scooter,0,No,1.56,689.46,UPI,Delivered,,40.8
ORD105484,MUMRES14DEL07,26,4.5,Mumbai,2026-03-16,12:50:00,Fog,Medium,1,Buffet,motorcycle,0,No,3.13,240.19,Card,Delivered,,34.9
ORD103319,BENRES03DEL01,26,4.6,Bengaluru,2026-03-16,13:13:00,Cloudy,High,2,Snack,motorcycle,0,No,1.21,451.53,Wallet,Delivered,,31.9
ORD101367,BENRES23DEL01,27,4.3,Bengaluru,2026-03-16,13:52:00,Cloudy,Low,3,Buffet,motorcycle,0,No,1.4,156.81,Wallet,Delivered,,16.2
ORD104530,MUMRES38DEL04,30,4.6,Mumbai,2026-03-16,14:22:00,Sunny,Jam,3,Snack,motorcycle,0,No,1.01,312.92,Cash,Delivered,,33.8
ORD100168,BENRES41DEL03,34,4.7,Bengaluru,2026-03-16,14:26:00,Sandstorms,Medium,2,Drinks,bicycle,1,No,2.84,325.88,UPI,Delivered,,39.5
ORD101530,HYDRES09DEL04,32,4.2,Hyderabad,2026-03-16,15:20:00,Cloudy,Medium,0,Drinks,motorcycle,1,No,1.29,437.1,Card,Delivered,,33.3
ORD102491,BENRES21DEL03,24,4.8,Bengaluru,2026-03-16,16:33:00,Stormy,Medium,3,Buffet,motorcycle,0,No,10.05,331.27,Cash,Delivered,,50.1
ORD102825,DELRES26DEL05,24,3.9,Delhi,2026-03-16,16:37:00,Sunny,High,2,Snack,electric_scooter,2,No,11.5,395.12,Wallet,Delivered,,62.0
ORD100664,KOLRES15DEL04,25,4.5,Kolkata,2026-03-16,17:19:00,Sunny,Low,3,Meal,motorcycle,0,No,2.81,299.34,Cash,Delivered,,21.6
ORD101526,DELRES26DEL05,37,4.0,Delhi,2026-03-16,17:29:00,Sunny,Medium,0,Meal,motorcycle,0,No,3.23,307.15,Cash,Cancelled,Customer Cancelled,
ORD101735,MUMRES29DEL08,27,4.5,Mumbai,2026-03-16,17:59:00,Sunny,High,2,Drinks,electric_scooter,0,No,0.94,146.59,UPI,Delivered,,23.3
ORD102346,MUMRES14DEL06,22,4.7,Mumbai,2026-03-16,18:16:00,Sunny,Medium,1,Buffet,motorcycle,1,No,7.56,252.47,UPI,Cancelled,Customer Cancelled,
ORD102325,CHERES03DEL08,28,4.1,Chennai,2026-03-16,18:25:00,Stormy,Low,1,Buffet,motorcycle,1,No,0.95,199.23,UPI,Delivered,,33.4
ORD104292,DELRES42DEL07,27,4.0,Delhi,2026-03-16,18:41:00,Sunny,Medium,1,Drinks,motorcycle,3,No,8.13,432.7,Cash,Delivered,,47.8
ORD104411,CHERES20DEL07,18,5.0,Chennai,2026-03-16,19:03:00,Sunny,Low,2,Meal,scooter,1,No,1.93,368.98,UPI,Delivered,,25.3
ORD105045,BENRES09DEL01,35,4.9,Bengaluru,2026-03-16,19:20:00,Cloudy,Low,0,Buffet,motorcycle,1,No,2.33,146.75,Cash,Delivered,,21.1
ORD102406,BENRES38DEL04,33,3.9,Bengaluru,2026-03-16,19:41:00,Fog,High,0,Buffet,scooter,0,No,1.1,156.09,UPI,Delivered,,35.6
ORD100764,PUNRES17DEL02,29,4.2,Pune,2026-03-16,20:12:00,Windy,Medium,2,Snack,motorcycle,0,No,2.03,358.34,Card,Delivered,,22.1
ORD100535,BENRES02DEL02,28,3.9,Bengaluru,2026-03-16,20:20:00,Sunny,Low,2,Snack,motorcycle,0,No,3.08,346.11,UPI,Delivered,,18.3
ORD104235,DELRES31DEL01,36,4.4,Delhi,2026-03-16,20:22:00,Stormy,Jam,0,Buffet,bicycle,2,No,2.35,341.6,UPI,Delivered,,59.8
ORD100906,CHERES05DEL05,32,4.6,Chennai,2026-03-16,20:29:00,Fog,Medium,3,Meal,motorcycle,0,No,2.45,326.43,UPI,Delivered,,28.3
ORD105907,CHERES41DEL06,30,4.3,Chennai,2026-03-16,21:32:00,Sandstorms,Medium,1,Snack,motorcycle,1,No,15.26,424.61,UPI,Delivered,,59.2
ORD101757,DELRES39DEL01,23,5.0,Delhi,2026-03-16,21:42:00,Cloudy,High,1,Buffet,motorcycle,1,No,1.85,192.46,UPI,Delivered,,29.3
ORD100838,DELRES29DEL05,26,4.4,Delhi,2026-03-16,21:51:00,Sunny,Low,3,Meal,scooter,2,No,12.75,458.54,UPI,Delivered,,50.1
ORD104324,CHERES19DEL06,29,3.8,Chennai,2026-03-16,21:53:00,Cloudy,High,2,Meal,electric_scooter,1,No,8.95,234.48,UPI,Delivered,,45.2
ORD105119,DELRES42DEL05,32,4.1,Delhi,2026-03-16,21:53:00,Stormy,Low,1,Drinks,scooter,2,No,6.7,311.83,UPI,Cancelled,Weather Disruption,
ORD104989,BENRES08DEL01,27,4.7,Bengaluru,2026-03-16,21:55:00,Sunny,Low,3,Meal,scooter,0,No,1.56,203.11,Wallet,Cancelled,Traffic Delay,
ORD100585,KOLRES28DEL03,20,4.5,Kolkata,2026-03-16,21:56:00,Sunny,High,2,Meal,scooter,3,No,8.88,240.23,Card,Cancelled,Delivery Partner Unavailable,
ORD102055,MUMRES33DEL06,29,5.0,Mumbai,2026-03-16,23:38:00,Sunny,Medium,2,Snack,motorcycle,0,No,2.16,385.31,UPI,Delivered,,26.4
ORD100773,MUMRES18DEL04,19,4.4,Mumbai,2026-03-17,02:30:00,Sandstorms,Low,1,Drinks,electric_scooter,0,No,13.91,80.0,Wallet,Cancelled,Restaurant Delay,
ORD105035,KOLRES37DEL03,32,4.4,Kolkata,2026-03-17,07:13:00,Sunny,Medium,0,Buffet,motorcycle,2,No,2.26,444.36,Cash,Cancelled,Weather Disruption,
ORD105284,MUMRES40DEL04,22,4.5,Mumbai,2026-03-17,08:11:00,Sunny,Low,3,Meal,scooter,1,No,5.97,391.82,UPI,Delivered,,34.6
ORD104942,HYDRES44DEL02,24,4.0,Hyderabad,2026-03-17,08:17:00,Sunny,High,0,Snack,scooter,2,No,5.14,84.98,UPI,Delivered,,39.8
ORD103345,DELRES23DEL01,30,4.7,Delhi,2026-03-17,09:29:00,Cloudy,High,3,Snack,scooter,0,No,9.33,314.86,UPI,Delivered,,46.1
ORD103659,MUMRES07DEL04,36,4.0,Mumbai,2026-03-17,09:39:00,Sunny,Medium,0,Snack,scooter,1,No,1.02,181.38,UPI,Delivered,,33.4
ORD100428,PUNRES02DEL08,30,3.9,Pune,2026-03-17,10:04:00,Cloudy,Low,3,Drinks,motorcycle,0,No,5.66,227.3,UPI,Delivered,,29.6
ORD101828,BENRES29DEL06,29,4.6,Bengaluru,2026-03-17,10:11:00,Stormy,Medium,3,Meal,motorcycle,0,No,4.61,214.98,Cash,Delivered,,39.5
ORD105999,MUMRES35DEL05,36,4.6,Mumbai,2026-03-17,10:12:00,Sunny,Medium,1,Buffet,motorcycle,3,No,3.6,258.19,UPI,Delivered,,40.0
ORD104425,MUMRES01DEL02,25,4.2,Mumbai,2026-03-17,10:14:00,Sunny,High,2,Buffet,scooter,1,No,2.74,192.17,Wallet,Delivered,,38.1
ORD103517,CHERES13DEL02,25,4.1,Chennai,2026-03-17,10:22:00,Windy,Low,3,Drinks,electric_scooter,3,No,1.8,204.3,UPI,Delivered,,43.1
ORD105435,KOLRES14DEL07,31,4.5,Kolkata,2026-03-17,11:01:00,Stormy,Medium,2,Buffet,motorcycle,0,No,12.49,183.79,UPI,Delivered,,53.4
ORD104196,HYDRES27DEL02,24,3.7,Hyderabad,2026-03-17,11:18:00,Windy,Low,0,Snack,motorcycle,3,No,2.9,450.01,Cash,Delivered,,31.1
ORD104389,DELRES01DEL04,21,4.4,Delhi,2026-03-17,11:44:00,Sunny,High,1,Buffet,motorcycle,0,No,5.43,152.12,Cash,Delivered,,33.6
ORD102209,BENRES25DEL02,19,4.7,Bengaluru,2026-03-17,12:07:00,Cloudy,Medium,3,Drinks,motorcycle,1,No,5.26,80.0,UPI,Delivered,,36.6
ORD102632,CHERES26DEL08,35,4.4,Chennai,2026-03-17,12:14:00,Sunny,Jam,1,Buffet,bicycle,0,No,15.66,168.89,UPI,Cancelled,Traffic Delay,
ORD103048,HYDRES16DEL03,19,4.2,Hyderabad,2026-03-17,12:20:00,Windy,Medium,1,Meal,motorcycle,1,No,3.15,446.71,Cash,Delivered,,35.0
ORD104606,MUMRES33DEL03,34,4.5,Mumbai,2026-03-17,12:34:00,Sandstorms,High,2,Drinks,motorcycle,0,No,1.0,236.98,Cash,Delivered,,35.9
ORD101401,PUNRES12DEL05,23,4.5,Pune,2026-03-17,12:52:00,Sunny,High,3,Snack,motorcycle,3,No,9.25,275.47,Wallet,Delivered,,54.8
ORD103531,BENRES22DEL03,34,4.9,Bengaluru,2026-03-17,12:59:00,Sunny,Medium,3,Buffet,motorcycle,0,No,11.56,249.4,UPI,Delivered,,34.6
ORD100269,DELRES09DEL05,27,3.8,Delhi,2026-03-17,13:28:00,Cloudy,Medium,0,Snack,electric_scooter,1,No,4.68,272.41,Cash,Delivered,,30.8
ORD105548,DELRES34DEL05,30,4.6,Delhi,2026-03-17,13:54:00,Fog,High,0,Meal,scooter,0,No,3.07,347.79,Cash,Cancelled,Delivery Partner Unavailable,
ORD101994,HYDRES18DEL07,39,4.4,Hyderabad,2026-03-17,14:16:00,Sunny,Low,3,Snack,motorcycle,1,No,2.82,555.66,Wallet,Delivered,,22.2
ORD103567,HYDRES10DEL03,24,4.5,Hyderabad,2026-03-17,15:39:00,Cloudy,Jam,2,Snack,scooter,0,No,8.97,400.64,UPI,Delivered,,46.4
ORD104749,HYDRES42DEL03,23,4.9,Hyderabad,2026-03-17,16:22:00,Cloudy,Low,3,Meal,electric_scooter,1,No,1.79,263.65,UPI,Delivered,,25.7
ORD103412,CHERES31DEL08,27,4.2,Chennai,2026-03-17,17:14:00,Sunny,Medium,2,Snack,motorcycle,1,No,1.44,128.9,UPI,Cancelled,Restaurant Delay,
ORD101597,HYDRES02DEL04,18,4.8,Hyderabad,2026-03-17,17:19:00,Sunny,Jam,3,Meal,motorcycle,1,No,19.18,531.75,Cash,Delivered,,66.0
ORD103573,CHERES32DEL06,31,4.2,Chennai,2026-03-17,17:29:00,Stormy,Medium,3,Drinks,electric_scooter,0,No,3.99,444.58,UPI,Delivered,,38.1
ORD103203,HYDRES18DEL04,24,4.3,Hyderabad,2026-03-17,18:10:00,Cloudy,Medium,1,Drinks,motorcycle,0,No,1.48,81.13,Cash,Delivered,,25.7
ORD104433,BENRES37DEL07,24,4.9,Bengaluru,2026-03-17,18:13:00,Fog,High,3,Drinks,motorcycle,1,No,15.36,494.93,Cash,Delivered,,69.3
ORD105973,PUNRES10DEL03,33,4.2,Pune,2026-03-17,18:34:00,Cloudy,Low,1,Snack,motorcycle,1,No,10.11,258.8,UPI,Delivered,,45.1
ORD103562,BENRES10DEL04,34,4.3,Bengaluru,2026-03-17,18:45:00,Windy,Low,2,Snack,motorcycle,0,No,2.99,143.35,Cash,Delivered,,23.6
ORD104172,PUNRES35DEL02,39,4.4,Pune,2026-03-17,18:49:00,Stormy,High,3,Meal,bicycle,0,No,2.62,192.38,UPI,Cancelled,Customer Cancelled,
ORD100039,MUMRES13DEL03,36,4.3,Mumbai,2026-03-17,18:58:00,Sunny,Low,0,Drinks,motorcycle,2,No,3.13,280.16,Cash,Delivered,,33.7
ORD101482,DELRES28DEL04,31,4.4,Delhi,2026-03-17,19:08:00,Cloudy,Medium,1,Snack,scooter,2,No,1.12,270.73,UPI,Delivered,,34.4
ORD102900,CHERES06DEL04,21,4.8,Chennai,2026-03-17,19:10:00,Cloudy,High,3,Meal,scooter,0,No,8.25,324.83,UPI,Delivered,,39.6
ORD105921,BENRES37DEL06,27,4.5,Bengaluru,2026-03-17,19:18:00,Windy,Medium,1,Meal,motorcycle,0,No,2.21,373.58,UPI,Delivered,,22.0
ORD101426,BENRES22DEL03,30,4.9,Bengaluru,2026-03-17,19:49:00,Stormy,Medium,0,Snack,scooter,0,No,7.15,166.76,UPI,Delivered,,42.7
ORD102596,MUMRES27DEL02,19,4.1,Mumbai,2026-03-17,19:56:00,Windy,Low,1,Snack,scooter,1,No,14.91,156.59,Cash,Delivered,,46.6
ORD104526,DELRES17DEL01,30,4.8,Delhi,2026-03-17,20:24:00,Sunny,Medium,3,Meal,motorcycle,2,No,7.14,132.3,UPI,Delivered,,46.4
ORD105281,MUMRES22DEL01,19,4.0,Mumbai,2026-03-17,20:27:00,Fog,Low,3,Drinks,motorcycle,0,No,14.65,196.37,UPI,Delivered,,56.5
ORD103257,BENRES15DEL06,34,5.0,Bengaluru,2026-03-17,20:29:00,Cloudy,Low,0,Drinks,motorcycle,1,No,2.42,289.09,Card,Delivered,,27.9
ORD101003,CHERES04DEL03,23,3.7,Chennai,2026-03-17,21:15:00,Cloudy,Low,1,Buffet,motorcycle,0,No,2.25,337.34,Card,Delivered,,17.9
ORD105099,CHERES33DEL06,27,3.8,Chennai,2026-03-17,21:27:00,Windy,Medium,0,Drinks,motorcycle,0,No,4.42,242.67,Cash,Delivered,,31.7
ORD103267,BENRES18DEL06,19,4.5,Bengaluru,2026-03-17,21:42:00,Sandstorms,Medium,2,Drinks,motorcycle,0,No,2.04,160.93,Cash,Delivered,,34.9
ORD104293,BENRES38DEL01,30,4.6,Bengaluru,2026-03-17,21:51:00,Sunny,Medium,0,Buffet,scooter,3,No,3.03,404.19,UPI,Delivered,,42.4
ORD105426,MUMRES38DEL05,31,4.6,Mumbai,2026-03-17,22:06:00,Fog,High,3,Drinks,motorcycle,2,No,11.81,133.43,UPI,Delivered,,62.2
ORD101762,BENRES33DEL07,35,4.3,Bengaluru,2026-03-17,22:16:00,Sunny,Medium,2,Snack,bicycle,0,No,10.15,644.52,UPI,Delivered,,36.0
ORD103001,DELRES08DEL04,36,5.0,Delhi,2026-03-17,22:23:00,Sunny,Low,2,Meal,scooter,0,No,1.96,393.45,UPI,Delivered,,27.0
ORD101670,MUMRES39DEL02,25,5.0,Mumbai,2026-03-17,22:53:00,Cloudy,Medium,2,Meal,motorcycle,0,No,4.08,218.86,Card,Delivered,,30.9
ORD105701,MUMRES09DEL03,40,4.7,Mumbai,2026-03-18,08:11:00,Sunny,Low,3,Drinks,scooter,1,No,1.62,397.6,Cash,Delivered,,29.1
ORD102049,HYDRES24DEL02,33,4.7,Hyderabad,2026-03-18,08:41:00,Cloudy,High,2,Meal,electric_scooter,1,No,1.51,99.84,UPI,Delivered,,31.9
ORD104759,CHERES13DEL02,41,4.4,Chennai,2026-03-18,08:42:00,Sunny,Medium,2,Meal,motorcycle,0,No,0.86,202.4,Wallet,Delivered,,25.6
ORD103821,MUMRES40DEL08,22,3.7,Mumbai,2026-03-18,09:10:00,Sunny,Medium,1,Meal,bicycle,0,No,5.92,489.62,UPI,Delivered,,29.6
ORD102672,HYDRES25DEL06,28,4.5,Hyderabad,2026-03-18,11:07:00,Sunny,High,3,Drinks,motorcycle,0,No,2.64,444.34,UPI,Delivered,,35.1
ORD104778,DELRES36DEL08,23,4.6,Delhi,2026-03-18,11:09:00,Sunny,Low,2,Drinks,scooter,1,No,4.09,199.76,Card,Delivered,,28.7
ORD104939,BENRES29DEL08,29,4.1,Bengaluru,2026-03-18,11:15:00,Windy,Medium,1,Meal,motorcycle,3,No,11.4,281.05,UPI,Delivered,,55.3
ORD104823,BENRES20DEL05,41,4.1,Bengaluru,2026-03-18,11:29:00,Stormy,Jam,2,Meal,scooter,0,No,6.25,623.6,UPI,Delivered,,50.5
ORD104004,MUMRES18DEL06,33,4.1,Mumbai,2026-03-18,11:50:00,Sunny,Medium,0,Drinks,scooter,1,No,2.06,189.72,Cash,Delivered,,29.8
ORD101831,CHERES11DEL07,33,4.1,Chennai,2026-03-18,11:59:00,Stormy,High,1,Snack,motorcycle,1,No,7.29,329.21,UPI,Delivered,,53.3
ORD104593,HYDRES09DEL01,26,4.5,Hyderabad,2026-03-18,12:03:00,Cloudy,Medium,3,Snack,motorcycle,0,No,2.96,289.71,UPI,Delivered,,29.4
ORD101487,BENRES25DEL02,27,4.0,Bengaluru,2026-03-18,12:16:00,Cloudy,Medium,0,Snack,motorcycle,1,No,0.95,80.0,UPI,Delivered,,28.4
ORD100117,DELRES21DEL02,20,4.7,Delhi,2026-03-18,12:20:00,Cloudy,Medium,1,Snack,motorcycle,0,No,0.92,316.73,Cash,Delivered,,23.6
ORD104569,HYDRES21DEL04,28,4.3,Hyderabad,2026-03-18,12:28:00,Sunny,Low,2,Drinks,scooter,1,No,5.64,397.32,Card,Delivered,,28.1
ORD103891,DELRES08DEL04,31,4.0,Delhi,2026-03-18,12:34:00,Windy,Low,1,Snack,bicycle,0,No,5.51,823.55,Card,Delivered,,27.7
ORD100875,BENRES36DEL06,33,4.6,Bengaluru,2026-03-18,12:36:00,Sunny,High,3,Meal,scooter,0,No,1.73,625.32,UPI,Delivered,,28.9
ORD101856,CHERES29DEL03,28,4.2,Chennai,2026-03-18,12:40:00,Sunny,Low,1,Snack,scooter,1,No,4.76,163.38,Wallet,Delivered,,28.7
ORD102121,HYDRES26DEL02,35,4.5,Hyderabad,2026-03-18,12:44:00,Windy,Medium,1,Snack,motorcycle,1,No,1.57,289.28,UPI,Delivered,,22.4
ORD100651,BENRES41DEL02,24,4.3,Bengaluru,2026-03-18,12:48:00,Windy,Low,0,Meal,electric_scooter,0,No,5.25,189.01,Card,Cancelled,Traffic Delay,
ORD102720,BENRES01DEL04,30,4.4,Bengaluru,2026-03-18,13:10:00,Sandstorms,Jam,1,Drinks,motorcycle,0,No,2.96,269.43,UPI,Delivered,,52.2
ORD101906,BENRES02DEL06,28,4.7,Bengaluru,2026-03-18,13:21:00,Sandstorms,Low,3,Buffet,motorcycle,0,No,3.2,122.8,UPI,Delivered,,36.6
ORD100712,MUMRES15DEL08,23,4.5,Mumbai,2026-03-18,13:29:00,Cloudy,High,3,Drinks,scooter,1,No,7.56,254.1,Cash,Cancelled,Weather Disruption,
ORD102844,DELRES24DEL07,26,4.5,Delhi,2026-03-18,15:11:00,Sunny,High,1,Buffet,motorcycle,0,No,2.23,621.61,UPI,Delivered,,27.3
ORD100558,BENRES32DEL04,26,4.5,Bengaluru,2026-03-18,15:15:00,Fog,Medium,2,Buffet,motorcycle,0,No,5.32,350.59,Card,Delivered,,34.5
ORD101029,KOLRES36DEL02,27,4.6,Kolkata,2026-03-18,15:55:00,Stormy,High,3,Snack,motorcycle,0,No,4.15,357.3,Card,Cancelled,Traffic Delay,
ORD101471,MUMRES27DEL06,26,4.2,Mumbai,2026-03-18,18:05:00,Windy,Jam,2,Snack,motorcycle,0,No,1.08,179.86,Wallet,Delivered,,35.4
ORD105161,DELRES01DEL03,23,4.7,Delhi,2026-03-18,18:07:00,Sunny,High,0,Snack,scooter,2,No,1.01,107.82,UPI,Delivered,,39.5
ORD100516,CHERES25DEL03,18,4.6,Chennai,2026-03-18,18:23:00,Windy,Medium,3,Drinks,scooter,0,No,3.53,254.91,Card,Delivered,,29.8
ORD103685,KOLRES21DEL01,27,4.3,Kolkata,2026-03-18,18:45:00,Sunny,High,3,Snack,scooter,0,No,10.1,412.11,UPI,Delivered,,41.9
ORD103928,CHERES06DEL03,25,4.3,Chennai,2026-03-18,18:54:00,Sandstorms,High,1,Snack,electric_scooter,0,No,3.13,378.52,UPI,Delivered,,37.3
ORD100315,DELRES21DEL08,30,4.5,Delhi,2026-03-18,19:17:00,Windy,Medium,0,Meal,motorcycle,0,No,2.04,365.82,Card,Delivered,,35.8
ORD102606,HYDRES26DEL07,26,4.1,Hyderabad,2026-03-18,19:17:00,Cloudy,Medium,1,Drinks,motorcycle,2,No,6.46,291.2,Cash,Delivered,,47.3
ORD105543,CHERES38DEL01,35,4.4,Chennai,2026-03-18,19:17:00,Sunny,Jam,2,Buffet,electric_scooter,1,No,1.19,485.32,UPI,Delivered,,41.0
ORD105352,CHERES09DEL07,23,4.9,Chennai,2026-03-18,19:28:00,Sunny,Medium,1,Buffet,electric_scooter,0,No,7.17,211.45,UPI,Delivered,,34.6
ORD105948,BENRES41DEL01,23,4.6,Bengaluru,2026-03-18,20:06:00,Fog,Jam,0,Meal,scooter,0,No,12.28,446.8,UPI,Delivered,,63.5
ORD102745,HYDRES21DEL01,24,4.6,Hyderabad,2026-03-18,20:12:00,Fog,Medium,2,Drinks,motorcycle,0,No,2.15,540.39,Cash,Delivered,,32.7
ORD100796,BENRES12DEL05,35,4.4,Bengaluru,2026-03-18,20:29:00,Windy,Medium,0,Snack,motorcycle,0,No,4.4,165.6,Card,Delivered,,34.3
ORD105822,DELRES17DEL08,26,4.7,Delhi,2026-03-18,20:34:00,Sunny,High,3,Drinks,motorcycle,0,No,9.66,343.46,UPI,Delivered,,46.0
ORD105660,PUNRES19DEL08,20,4.2,Pune,2026-03-18,20:38:00,Cloudy,Medium,3,Meal,scooter,0,No,5.78,488.07,UPI,Delivered,,35.2
ORD100187,HYDRES30DEL02,34,4.4,Hyderabad,2026-03-18,20:58:00,Sunny,Low,1,Buffet,motorcycle,1,No,2.9,355.64,UPI,Delivered,,24.4
ORD104519,BENRES05DEL02,35,4.4,Bengaluru,2026-03-18,20:58:00,Windy,Low,0,Buffet,scooter,0,No,1.61,158.05,UPI,Delivered,,23.2
ORD100487,BENRES08DEL04,31,4.0,Bengaluru,2026-03-18,21:01:00,Sunny,Jam,3,Snack,electric_scooter,1,No,2.09,264.23,UPI,Delivered,,37.8
ORD101646,MUMRES43DEL07,26,4.3,Mumbai,2026-03-18,21:51:00,Sandstorms,Jam,2,Drinks,motorcycle,0,No,8.6,749.18,UPI,Delivered,,58.7
ORD103991,DELRES31DEL05,31,4.2,Delhi,2026-03-18,22:39:00,Fog,Medium,0,Snack,scooter,1,No,3.87,990.22,Cash,Delivered,,43.5
ORD102235,HYDRES43DEL03,26,4.1,Hyderabad,2026-03-18,22:42:00,Sunny,High,0,Snack,motorcycle,0,No,14.93,490.67,Cash,Delivered,,50.8
ORD102874,BENRES35DEL02,22,5.0,Bengaluru,2026-03-18,22:54:00,Sunny,High,2,Buffet,motorcycle,0,No,8.23,551.45,UPI,Cancelled,Weather Disruption,
ORD100762,MUMRES16DEL02,27,4.1,Mumbai,2026-03-18,22:56:00,Sunny,Low,0,Buffet,scooter,2,No,9.46,298.44,UPI,Delivered,,40.9
ORD101872,CHERES06DEL02,26,4.0,Chennai,2026-03-18,23:10:00,Sunny,Medium,0,Buffet,scooter,0,No,14.85,385.3,Cash,Delivered,,44.6
ORD101552,BENRES35DEL08,22,4.7,Bengaluru,2026-03-18,23:25:00,Stormy,Medium,0,Meal,electric_scooter,1,No,1.65,347.72,Cash,Delivered,,39.3
ORD100295,KOLRES10DEL07,34,4.8,Kolkata,2026-03-18,23:36:00,Cloudy,Medium,1,Meal,motorcycle,0,No,2.62,697.42,UPI,Delivered,,29.3
ORD100777,MUMRES09DEL02,34,4.8,Mumbai,2026-03-19,07:04:00,Cloudy,High,0,Snack,scooter,0,No,2.17,320.94,UPI,Delivered,,33.1
ORD100246,BENRES08DEL06,22,4.2,Bengaluru,2026-03-19,08:33:00,Stormy,Medium,0,Buffet,scooter,1,No,10.79,271.28,UPI,Delivered,,54.8
ORD103745,MUMRES15DEL05,33,4.3,Mumbai,2026-03-19,09:09:00,Sunny,Medium,2,Drinks,electric_scooter,1,No,1.52,133.58,UPI,Delivered,,33.6
ORD105880,PUNRES08DEL04,18,4.1,Pune,2026-03-19,09:12:00,Sunny,High,1,Drinks,motorcycle,1,No,4.84,243.37,UPI,Delivered,,41.3
ORD102865,DELRES03DEL04,28,4.0,Delhi,2026-03-19,10:09:00,Windy,Medium,1,Snack,bicycle,1,No,3.45,398.53,UPI,Cancelled,Restaurant Delay,
ORD101106,BENRES04DEL05,32,4.5,Bengaluru,2026-03-19,10:26:00,Windy,Low,1,Drinks,bicycle,0,No,2.43,93.61,Card,Delivered,,23.2
ORD104886,MUMRES18DEL01,29,4.6,Mumbai,2026-03-19,10:31:00,Sunny,Medium,1,Snack,scooter,0,No,2.92,277.62,Wallet,Delivered,,32.8
ORD103648,CHERES29DEL04,18,3.8,Chennai,2026-03-19,10:50:00,Cloudy,Low,1,Buffet,motorcycle,0,No,8.63,317.54,Cash,Delivered,,26.9
ORD104177,DELRES37DEL06,21,3.8,Delhi,2026-03-19,11:14:00,Stormy,High,3,Drinks,motorcycle,1,No,2.37,342.74,Cash,Delivered,,43.3
ORD105637,MUMRES05DEL01,27,4.2,Mumbai,2026-03-19,12:19:00,Windy,Low,1,Meal,electric_scooter,0,No,1.71,179.31,UPI,Cancelled,Customer Cancelled,
ORD101938,MUMRES21DEL03,20,4.6,Mumbai,2026-03-19,12:24:00,Cloudy,Low,0,Drinks,motorcycle,2,No,1.99,506.68,Wallet,Delivered,,27.3
ORD105572,MUMRES40DEL05,30,4.0,Mumbai,2026-03-19,12:29:00,Cloudy,High,3,Snack,scooter,1,No,5.3,268.8,Card,Delivered,,34.9
ORD102012,BENRES08DEL08,32,4.3,Bengaluru,2026-03-19,12:44:00,Cloudy,Low,0,Snack,scooter,2,No,3.04,216.08,Cash,Delivered,,30.1
ORD102119,HYDRES43DEL02,22,4.1,Hyderabad,2026-03-19,12:53:00,Sunny,Low,1,Snack,motorcycle,1,No,1.01,373.93,UPI,Delivered,,22.7
ORD105083,HYDRES39DEL04,31,4.2,Hyderabad,2026-03-19,12:59:00,Fog,Medium,1,Buffet,scooter,0,No,1.18,278.36,UPI,Delivered,,27.0
ORD103802,BENRES43DEL05,35,4.7,Bengaluru,2026-03-19,13:28:00,Cloudy,High,1,Buffet,electric_scooter,0,No,3.6,165.84,Cash,Delivered,,35.8
ORD100027,DELRES18DEL03,35,4.1,Delhi,2026-03-19,14:09:00,Cloudy,Medium,0,Meal,motorcycle,1,No,11.11,118.39,UPI,Delivered,,43.7
ORD103913,DELRES13DEL03,33,4.1,Delhi,2026-03-19,14:22:00,Sandstorms,Low,1,Drinks,motorcycle,0,No,1.84,412.87,Cash,Delivered,,25.2
ORD104686,MUMRES10DEL08,36,4.4,Mumbai,2026-03-19,14:33:00,Sunny,Low,2,Snack,electric_scooter,2,No,4.73,361.56,Wallet,Delivered,,25.7
ORD103914,MUMRES05DEL04,34,3.5,Mumbai,2026-03-19,16:54:00,Windy,Low,1,Meal,bicycle,0,No,6.42,250.71,UPI,Delivered,,24.2
ORD101278,DELRES12DEL06,29,4.4,Delhi,2026-03-19,17:06:00,Fog,Low,2,Meal,scooter,0,No,4.2,164.98,UPI,Delivered,,28.5
ORD103695,MUMRES27DEL06,31,4.3,Mumbai,2026-03-19,17:19:00,Fog,Medium,1,Buffet,scooter,1,No,4.79,102.0,Card,Delivered,,39.3
ORD102692,PUNRES23DEL07,30,4.7,Pune,2026-03-19,17:41:00,Cloudy,Medium,3,Snack,scooter,2,No,3.07,202.12,UPI,Delivered,,32.1
ORD103044,MUMRES02DEL01,26,4.6,Mumbai,2026-03-19,18:01:00,Fog,Medium,3,Drinks,motorcycle,2,No,1.73,293.88,UPI,Cancelled,Weather Disruption,
ORD103035,BENRES28DEL04,25,4.1,Bengaluru,2026-03-19,18:07:00,Cloudy,Medium,2,Meal,scooter,0,No,16.52,153.43,UPI,Delivered,,54.0
ORD103646,KOLRES33DEL07,22,4.9,Kolkata,2026-03-19,18:09:00,Fog,Low,1,Drinks,electric_scooter,1,No,2.15,283.65,Cash,Delivered,,25.4
ORD100532,DELRES13DEL01,21,4.6,Delhi,2026-03-19,18:23:00,Cloudy,High,2,Drinks,bicycle,2,No,1.87,261.96,Card,Delivered,,42.1
ORD101210,BENRES15DEL05,32,3.9,Bengaluru,2026-03-19,18:24:00,Sandstorms,Low,0,Drinks,scooter,0,No,2.19,351.13,Card,Delivered,,32.1
ORD104213,KOLRES23DEL07,27,4.5,Kolkata,2026-03-19,18:35:00,Windy,High,3,Buffet,bicycle,0,No,1.72,382.38,UPI,Delivered,,25.1
ORD105236,HYDRES16DEL08,22,4.0,Hyderabad,2026-03-19,18:44:00,Sandstorms,Low,0,Buffet,motorcycle,2,No,5.19,274.85,Wallet,Cancelled,Customer Cancelled,
ORD105685,DELRES33DEL06,24,4.8,Delhi,2026-03-19,18:56:00,Sunny,Medium,3,Drinks,scooter,1,No,4.26,265.95,Cash,Delivered,,40.6
ORD100373,DELRES10DEL05,36,4.9,Delhi,2026-03-19,19:07:00,Windy,Low,0,Snack,motorcycle,3,No,1.48,327.5,UPI,Delivered,,39.4
ORD105635,BENRES04DEL03,22,4.9,Bengaluru,2026-03-19,19:23:00,Fog,High,0,Meal,electric_scooter,1,No,8.86,207.7,Wallet,Delivered,,58.5
ORD100005,CHERES12DEL06,20,3.9,Chennai,2026-03-19,19:27:00,Cloudy,Medium,1,Meal,scooter,3,No,5.34,519.48,UPI,Delivered,,41.8
ORD105302,DELRES04DEL05,31,4.2,Delhi,2026-03-19,19:29:00,Sunny,Medium,2,Snack,motorcycle,1,No,4.91,359.62,Cash,Delivered,,36.4
ORD105295,DELRES19DEL06,28,4.3,Delhi,2026-03-19,19:32:00,Cloudy,Medium,3,Meal,scooter,0,No,1.32,255.99,UPI,Delivered,,27.2
ORD104658,KOLRES42DEL03,18,4.1,Kolkata,2026-03-19,19:34:00,Windy,Low,2,Drinks,scooter,0,No,5.8,197.55,UPI,Delivered,,29.2
ORD100709,MUMRES05DEL01,30,4.3,Mumbai,2026-03-19,19:38:00,Sunny,Medium,3,Drinks,motorcycle,1,No,12.73,435.21,UPI,Delivered,,41.9
ORD103490,DELRES35DEL05,28,4.5,Delhi,2026-03-19,19:39:00,Sunny,Medium,2,Snack,scooter,0,No,13.79,404.25,UPI,Delivered,,44.7
ORD103553,CHERES21DEL04,25,4.2,Chennai,2026-03-19,19:41:00,Sunny,Medium,3,Meal,motorcycle,0,No,7.31,306.08,UPI,Delivered,,37.9
ORD103163,DELRES36DEL05,26,3.7,Delhi,2026-03-19,19:54:00,Stormy,Low,0,Meal,motorcycle,0,No,4.02,198.1,UPI,Cancelled,Customer Cancelled,
ORD104360,HYDRES31DEL03,23,4.7,Hyderabad,2026-03-19,20:05:00,Cloudy,High,1,Drinks,bicycle,0,No,1.1,281.83,UPI,Delivered,,31.9
ORD104084,HYDRES34DEL06,25,4.1,Hyderabad,2026-03-19,20:09:00,Sunny,Low,2,Drinks,motorcycle,1,No,23.21,185.02,UPI,Delivered,,63.7
ORD102693,HYDRES28DEL04,38,4.7,Hyderabad,2026-03-19,20:12:00,Sunny,High,2,Drinks,scooter,3,No,0.9,143.41,UPI,Delivered,,42.2
ORD101861,BENRES11DEL04,20,4.3,Bengaluru,2026-03-19,20:13:00,Sandstorms,Jam,3,Snack,scooter,0,No,8.03,268.36,Cash,Delivered,,56.0
ORD100107,KOLRES38DEL06,29,3.7,Kolkata,2026-03-19,20:29:00,Sunny,Medium,1,Meal,scooter,2,No,3.72,92.16,UPI,Delivered,,36.9
ORD105351,CHERES19DEL04,28,4.2,Chennai,2026-03-19,20:57:00,Sunny,Low,2,Snack,motorcycle,0,No,0.91,351.78,Cash,Delivered,,22.1
ORD102016,PUNRES44DEL04,27,4.6,Pune,2026-03-19,21:16:00,Windy,Medium,3,Meal,electric_scooter,0,No,2.25,407.61,Card,Delivered,,25.7
ORD100465,DELRES43DEL07,27,4.6,Delhi,2026-03-19,21:23:00,Sunny,High,3,Drinks,electric_scooter,0,No,7.14,269.31,Wallet,Delivered,,34.2
ORD100670,PUNRES11DEL08,23,4.1,Pune,2026-03-19,21:28:00,Windy,High,2,Drinks,scooter,0,No,14.78,723.93,UPI,Cancelled,Customer Cancelled,
ORD104305,MUMRES05DEL08,29,4.3,Mumbai,2026-03-19,21:30:00,Cloudy,Medium,2,Meal,motorcycle,1,No,2.82,306.88,UPI,Delivered,,32.7
ORD103247,BENRES30DEL05,28,4.7,Bengaluru,2026-03-19,21:40:00,Sunny,Medium,1,Meal,motorcycle,1,No,5.37,453.77,UPI,Delivered,,38.1
ORD100629,MUMRES33DEL03,18,4.4,Mumbai,2026-03-19,21:42:00,Stormy,Medium,2,Snack,motorcycle,0,No,8.81,269.51,UPI,Delivered,,47.0
ORD104447,BENRES04DEL03,31,4.7,Bengaluru,2026-03-19,22:06:00,Sunny,Jam,0,Meal,scooter,3,No,12.22,386.57,UPI,Cancelled,Customer Cancelled,
ORD103921,BENRES40DEL07,23,4.7,Bengaluru,2026-03-19,22:37:00,Sunny,Jam,1,Buffet,motorcycle,0,No,20.3,324.58,UPI,Delivered,,67.2
ORD105075,BENRES43DEL07,20,4.3,Bengaluru,2026-03-19,22:42:00,Windy,High,1,Meal,scooter,0,No,4.64,151.66,Cash,Delivered,,37.3
ORD100138,PUNRES02DEL07,30,4.4,Pune,2026-03-19,23:16:00,Cloudy,Low,2,Snack,electric_scooter,0,No,10.33,468.79,UPI,Delivered,,34.9
ORD104922,BENRES15DEL05,19,5.0,Bengaluru,2026-03-20,06:15:00,Sandstorms,Low,3,Drinks,motorcycle,0,No,5.68,107.99,UPI,Delivered,,31.7
ORD105981,MUMRES29DEL02,31,4.6,Mumbai,2026-03-20,08:30:00,Cloudy,Low,0,Snack,electric_scooter,0,No,6.14,332.36,Card,Delivered,,27.8
ORD105892,CHERES17DEL08,28,4.1,Chennai,2026-03-20,08:38:00,Cloudy,High,0,Snack,motorcycle,0,No,6.5,189.98,UPI,Delivered,,32.3
ORD100974,HYDRES05DEL08,23,4.3,Hyderabad,2026-03-20,08:56:00,Cloudy,Low,3,Drinks,motorcycle,2,No,4.78,250.21,UPI,Delivered,,32.0
ORD105470,DELRES33DEL03,34,4.4,Delhi,2026-03-20,10:23:00,Windy,Medium,0,Drinks,scooter,0,No,7.24,678.49,UPI,Delivered,,29.1
ORD100351,PUNRES41DEL08,28,4.7,Pune,2026-03-20,10:34:00,Windy,Jam,3,Snack,electric_scooter,2,No,1.09,259.39,UPI,Delivered,,53.7
ORD100663,DELRES36DEL07,28,4.2,Delhi,2026-03-20,11:11:00,Stormy,Low,0,Buffet,electric_scooter,1,No,13.48,274.69,UPI,Delivered,,57.1
ORD104978,HYDRES25DEL05,29,4.9,Hyderabad,2026-03-20,11:19:00,Sunny,High,0,Buffet,motorcycle,2,No,11.38,214.27,UPI,Delivered,,55.9
ORD101843,KOLRES01DEL06,19,4.1,Kolkata,2026-03-20,11:50:00,Cloudy,Low,2,Buffet,motorcycle,0,No,6.16,353.01,UPI,Delivered,,30.4
ORD102322,PUNRES08DEL05,28,3.7,Pune,2026-03-20,12:24:00,Cloudy,Medium,3,Meal,motorcycle,1,No,5.61,691.58,UPI,Delivered,,35.9
ORD101939,MUMRES27DEL01,31,4.5,Mumbai,2026-03-20,12:39:00,Sunny,Jam,1,Buffet,motorcycle,0,No,6.95,306.13,Cash,Delivered,,48.8
ORD100289,DELRES39DEL07,32,4.1,Delhi,2026-03-20,12:41:00,Sunny,Low,0,Snack,motorcycle,1,No,1.96,105.39,UPI,Delivered,,20.5
ORD105361,BENRES02DEL08,28,4.3,Bengaluru,2026-03-20,13:17:00,Sandstorms,Medium,1,Snack,motorcycle,1,No,10.3,177.4,Wallet,Cancelled,Weather Disruption,
ORD104178,BENRES14DEL07,29,4.1,Bengaluru,2026-03-20,13:55:00,Cloudy,High,3,Snack,scooter,0,No,10.96,320.62,Cash,Delivered,,46.7
ORD102955,HYDRES30DEL02,30,3.7,Hyderabad,2026-03-20,13:57:00,Sunny,High,0,Drinks,electric_scooter,0,No,3.19,80.0,Cash,Delivered,,30.9
ORD104439,DELRES44DEL06,28,4.8,Delhi,2026-03-20,13:57:00,Sunny,Medium,1,Snack,scooter,0,No,1.2,473.93,UPI,Delivered,,28.8
ORD104811,MUMRES40DEL04,31,4.3,Mumbai,2026-03-20,14:06:00,Windy,Medium,3,Meal,motorcycle,0,No,2.66,204.18,UPI,Delivered,,23.7
ORD104045,DELRES22DEL01,41,4.8,Delhi,2026-03-20,14:33:00,Stormy,Low,1,Buffet,motorcycle,0,No,2.8,247.52,UPI,Delivered,,32.5
ORD105762,BENRES33DEL01,33,4.5,Bengaluru,2026-03-20,14:33:00,Windy,Low,2,Snack,motorcycle,0,No,6.27,319.74,UPI,Delivered,,34.7
ORD103864,BENRES19DEL01,35,3.9,Bengaluru,2026-03-20,16:48:00,Cloudy,Low,0,Buffet,motorcycle,0,No,1.77,263.53,UPI,Delivered,,24.8
ORD100951,KOLRES43DEL06,33,4.4,Kolkata,2026-03-20,16:55:00,Sunny,Medium,0,Drinks,scooter,1,No,2.62,328.01,UPI,Delivered,,33.0
ORD104122,CHERES16DEL07,18,4.4,Chennai,2026-03-20,17:05:00,Sunny,High,1,Snack,motorcycle,3,No,1.17,274.87,UPI,Cancelled,Customer Cancelled,
ORD104609,CHERES02DEL02,37,4.4,Chennai,2026-03-20,17:25:00,Sunny,High,3,Meal,scooter,0,No,1.37,502.33,Card,Delivered,,36.9
ORD104092,MUMRES06DEL05,40,4.6,Mumbai,2026-03-20,17:30:00,Fog,Medium,3,Drinks,scooter,1,No,8.36,521.93,UPI,Cancelled,Traffic Delay,
ORD101496,PUNRES06DEL08,39,4.5,Pune,2026-03-20,18:25:00,Cloudy,High,2,Meal,electric_scooter,0,No,18.88,337.87,UPI,Delivered,,56.4
ORD102118,DELRES41DEL05,34,4.2,Delhi,2026-03-20,18:25:00,Sunny,High,1,Snack,motorcycle,2,No,1.44,555.81,Wallet,Delivered,,39.3
ORD102931,BENRES13DEL03,32,4.2,Bengaluru,2026-03-20,18:29:00,Sunny,Low,1,Snack,electric_scooter,0,No,0.88,335.65,UPI,Delivered,,15.9
ORD105607,BENRES15DEL04,22,4.3,Bengaluru,2026-03-20,18:41:00,Sandstorms,Low,3,Buffet,electric_scooter,1,No,4.22,391.62,UPI,Cancelled,Delivery Partner Unavailable,
ORD105124,CHERES07DEL07,31,4.5,Chennai,2026-03-20,18:45:00,Cloudy,Medium,2,Buffet,motorcycle,0,No,25.0,797.3,UPI,Delivered,,59.9
ORD101842,PUNRES17DEL01,25,3.8,Pune,2026-03-20,18:46:00,Stormy,Medium,3,Snack,scooter,0,No,4.83,253.01,UPI,Cancelled,Restaurant Delay,
ORD102812,HYDRES05DEL08,24,4.8,Hyderabad,2026-03-20,18:46:00,Sunny,Medium,0,Meal,motorcycle,1,No,1.18,178.72,UPI,Delivered,,26.8
ORD104023,CHERES28DEL07,29,3.9,Chennai,2026-03-20,18:46:00,Sunny,Low,1,Drinks,scooter,1,No,2.23,177.02,UPI,Delivered,,25.7
ORD104153,HYDRES10DEL01,27,3.9,Hyderabad,2026-03-20,18:58:00,Cloudy,Jam,0,Drinks,motorcycle,0,No,7.43,250.13,Card,Delivered,,42.8
ORD101931,BENRES07DEL05,24,3.7,Bengaluru,2026-03-20,19:08:00,Sunny,Medium,3,Buffet,bicycle,0,No,3.04,377.5,Cash,Delivered,,30.9
ORD103994,MUMRES39DEL07,23,4.8,Mumbai,2026-03-20,19:25:00,Cloudy,Low,2,Snack,motorcycle,0,No,4.69,475.54,Cash,Delivered,,30.6
ORD101588,MUMRES34DEL03,35,3.8,Mumbai,2026-03-20,19:26:00,Windy,Medium,1,Meal,motorcycle,0,No,3.73,427.34,UPI,Delivered,,24.5
ORD105846,CHERES10DEL06,22,4.3,Chennai,2026-03-20,19:28:00,Sunny,Medium,2,Buffet,scooter,1,No,2.26,276.72,Wallet,Delivered,,21.5
ORD103545,MUMRES35DEL01,30,4.4,Mumbai,2026-03-20,19:33:00,Sunny,Low,3,Buffet,motorcycle,3,No,5.19,344.05,Cash,Delivered,,36.7
ORD104034,BENRES03DEL06,32,4.6,Bengaluru,2026-03-20,19:37:00,Sunny,High,3,Meal,electric_scooter,3,No,2.44,137.26,Card,Delivered,,45.5
ORD105173,BENRES23DEL04,24,4.4,Bengaluru,2026-03-20,20:02:00,Sunny,Medium,1,Meal,scooter,0,No,0.82,142.32,UPI,Delivered,,17.4
ORD104797,BENRES27DEL07,36,5.0,Bengaluru,2026-03-20,20:19:00,Sunny,Low,3,Snack,motorcycle,0,No,12.31,532.41,UPI,Delivered,,38.3
ORD101645,PUNRES36DEL05,38,4.5,Pune,2026-03-20,20:43:00,Fog,Low,1,Buffet,bicycle,0,No,6.57,137.45,UPI,Delivered,,34.4
ORD105584,BENRES01DEL02,22,3.7,Bengaluru,2026-03-20,21:01:00,Sunny,High,0,Meal,motorcycle,3,No,7.09,218.29,UPI,Delivered,,55.5
ORD102742,MUMRES13DEL07,34,4.1,Mumbai,2026-03-20,21:03:00,Sunny,Low,3,Buffet,electric_scooter,1,No,11.83,214.45,Cash,Delivered,,41.2
ORD105987,BENRES35DEL06,29,4.6,Bengaluru,2026-03-20,21:06:00,Sunny,High,3,Buffet,motorcycle,1,No,13.67,237.19,Wallet,Cancelled,Customer Cancelled,
ORD104056,BENRES24DEL01,28,4.8,Bengaluru,2026-03-20,21:26:00,Cloudy,Jam,2,Buffet,motorcycle,1,No,1.66,135.16,UPI,Cancelled,Restaurant Delay,
ORD101963,BENRES20DEL05,18,4.2,Bengaluru,2026-03-20,21:28:00,Cloudy,Medium,0,Snack,scooter,0,No,13.56,217.24,Cash,Delivered,,44.7
ORD101980,DELRES27DEL08,32,4.5,Delhi,2026-03-20,21:59:00,Fog,High,1,Drinks,scooter,0,No,1.23,582.31,UPI,Delivered,,27.2
ORD100055,KOLRES22DEL02,31,4.3,Kolkata,2026-03-20,22:05:00,Stormy,High,2,Snack,motorcycle,0,No,0.94,596.06,UPI,Delivered,,34.5
ORD101638,DELRES28DEL01,35,4.2,Delhi,2026-03-20,22:17:00,Cloudy,Low,0,Meal,electric_scooter,1,No,3.94,172.26,Card,Delivered,,28.9
ORD104564,BENRES40DEL02,31,4.2,Bengaluru,2026-03-20,22:20:00,Sunny,Low,2,Drinks,electric_scooter,0,No,1.31,523.25,UPI,Delivered,,18.0
ORD100496,CHERES18DEL01,20,4.6,Chennai,2026-03-20,22:34:00,Fog,Low,2,Snack,motorcycle,0,No,1.74,445.18,Wallet,Delivered,,28.4
ORD103348,MUMRES40DEL08,22,4.5,Mumbai,2026-03-20,22:37:00,Windy,Medium,2,Snack,motorcycle,0,No,0.87,577.67,Cash,Delivered,,18.7
ORD102670,MUMRES30DEL07,25,3.8,Mumbai,2026-03-21,00:56:00,Cloudy,Medium,0,Drinks,motorcycle,0,No,6.58,611.07,UPI,Delivered,,35.9
ORD101772,DELRES19DEL02,27,5.0,Delhi,2026-03-21,02:56:00,Fog,Medium,1,Snack,scooter,1,No,3.39,484.89,UPI,Delivered,,36.4
ORD105311,DELRES37DEL05,35,4.0,Delhi,2026-03-21,03:11:00,Sunny,Medium,1,Buffet,scooter,3,No,2.29,459.47,UPI,Cancelled,Weather Disruption,
ORD105549,BENRES25DEL04,23,5.0,Bengaluru,2026-03-21,07:12:00,Sunny,Medium,2,Snack,electric_scooter,0,No,3.66,241.15,Cash,Delivered,,28.7
ORD100075,HYDRES42DEL05,23,4.6,Hyderabad,2026-03-21,07:39:00,Cloudy,Low,2,Buffet,scooter,1,No,6.54,241.31,UPI,Delivered,,34.0
ORD102937,BENRES08DEL01,30,5.0,Bengaluru,2026-03-21,08:07:00,Fog,Low,1,Buffet,electric_scooter,0,No,4.25,378.98,Cash,Delivered,,31.8
ORD101235,PUNRES24DEL05,33,4.0,Pune,2026-03-21,09:11:00,Sunny,Jam,0,Snack,electric_scooter,0,No,13.37,119.8,UPI,Delivered,,59.1
ORD105036,DELRES16DEL03,35,4.3,Delhi,2026-03-21,10:14:00,Windy,Medium,3,Buffet,motorcycle,1,No,4.62,190.84,UPI,Delivered,,39.3
ORD101199,CHERES27DEL07,20,4.6,Chennai,2026-03-21,10:56:00,Sunny,High,2,Drinks,motorcycle,3,No,3.7,200.56,Wallet,Delivered,,41.9
ORD103911,BENRES16DEL01,30,4.6,Bengaluru,2026-03-21,11:01:00,Sunny,Low,3,Meal,scooter,0,No,2.03,240.73,UPI,Delivered,,22.9
ORD104604,BENRES38DEL06,30,4.5,Bengaluru,2026-03-21,11:10:00,Sunny,High,1,Buffet,motorcycle,0,No,8.02,351.66,UPI,Delivered,,42.6
ORD100321,MUMRES07DEL04,38,4.8,Mumbai,2026-03-21,11:26:00,Windy,Medium,0,Snack,scooter,3,No,1.29,586.22,UPI,Delivered,,37.3
ORD104802,KOLRES04DEL05,32,4.1,Kolkata,2026-03-21,11:31:00,Sunny,Low,0,Snack,motorcycle,0,No,1.39,276.23,UPI,Delivered,,23.2
ORD100331,DELRES34DEL05,22,4.7,Delhi,2026-03-21,11:57:00,Windy,Medium,3,Buffet,motorcycle,0,No,1.12,315.76,UPI,Delivered,,23.8
ORD101234,MUMRES38DEL08,33,5.0,Mumbai,2026-03-21,12:09:00,Stormy,Jam,0,Snack,motorcycle,0,No,3.11,288.21,UPI,Delivered,,45.0
ORD100626,KOLRES21DEL06,28,4.1,Kolkata,2026-03-21,12:28:00,Sandstorms,High,2,Meal,scooter,1,No,15.36,537.68,Card,Delivered,,65.2
ORD103295,HYDRES09DEL04,32,4.4,Hyderabad,2026-03-21,12:30:00,Sunny,High,0,Drinks,electric_scooter,2,No,1.75,419.13,Cash,Delivered,,43.6
ORD101719,MUMRES23DEL03,18,4.3,Mumbai,2026-03-21,12:37:00,Cloudy,High,2,Meal,scooter,0,No,4.91,348.68,Wallet,Delivered,,30.9
ORD102457,BENRES34DEL07,27,4.7,Bengaluru,2026-03-21,12:42:00,Cloudy,Low,1,Drinks,electric_scooter,0,No,6.5,236.54,UPI,Delivered,,28.9
ORD103197,BENRES08DEL03,32,3.9,Bengaluru,2026-03-21,12:44:00,Sunny,Medium,1,Buffet,motorcycle,1,No,8.79,176.04,UPI,Delivered,,43.0
ORD105971,DELRES26DEL07,32,4.6,Delhi,2026-03-21,12:54:00,Cloudy,High,0,Meal,motorcycle,0,No,2.73,321.81,Cash,Cancelled,Weather Disruption,
ORD104309,CHERES28DEL06,31,4.4,Chennai,2026-03-21,13:16:00,Stormy,High,0,Snack,scooter,0,No,6.57,186.58,UPI,Delivered,,41.0
ORD105517,BENRES39DEL03,39,4.1,Bengaluru,2026-03-21,13:17:00,Sandstorms,Low,2,Snack,motorcycle,1,No,4.58,481.1,Cash,Delivered,,33.9
ORD103630,KOLRES33DEL04,22,3.4,Kolkata,2026-03-21,14:16:00,Fog,Low,0,Buffet,motorcycle,3,No,4.49,291.57,Cash,Delivered,,46.0
ORD100613,CHERES41DEL04,32,4.6,Chennai,2026-03-21,14:29:00,Windy,High,2,Snack,motorcycle,1,No,2.26,222.03,UPI,Delivered,,41.9
ORD101520,MUMRES33DEL07,24,3.7,Mumbai,2026-03-21,15:16:00,Windy,Jam,1,Buffet,scooter,0,No,2.94,433.81,UPI,Cancelled,Traffic Delay,
ORD102064,HYDRES42DEL01,28,4.2,Hyderabad,2026-03-21,17:30:00,Windy,Medium,2,Snack,electric_scooter,0,No,1.72,420.08,Card,Delivered,,25.6
ORD104862,HYDRES36DEL05,18,4.5,Hyderabad,2026-03-21,17:36:00,Cloudy,Low,3,Drinks,scooter,0,No,4.33,382.72,Cash,Delivered,,30.9
ORD101770,MUMRES19DEL02,32,4.5,Mumbai,2026-03-21,17:58:00,Stormy,High,2,Meal,electric_scooter,0,No,3.14,350.97,UPI,Cancelled,Restaurant Delay,
ORD103524,PUNRES33DEL04,30,4.8,Pune,2026-03-21,17:59:00,Cloudy,Low,3,Buffet,electric_scooter,1,No,12.66,354.51,Cash,Delivered,,34.8
ORD104256,BENRES33DEL05,24,4.0,Bengaluru,2026-03-21,18:02:00,Cloudy,Low,3,Drinks,motorcycle,0,No,2.72,378.9,UPI,Delivered,,24.4
ORD102925,MUMRES29DEL08,25,4.6,Mumbai,2026-03-21,18:10:00,Cloudy,Medium,3,Meal,motorcycle,0,No,6.96,468.65,Card,Delivered,,32.2
ORD103093,CHERES02DEL03,28,4.5,Chennai,2026-03-21,18:20:00,Stormy,High,0,Drinks,motorcycle,0,No,1.1,599.7,UPI,Delivered,,34.4
ORD100511,MUMRES04DEL01,28,4.2,Mumbai,2026-03-21,18:37:00,Sunny,Medium,0,Meal,motorcycle,1,No,13.74,150.83,Cash,Delivered,,48.6
ORD101560,MUMRES32DEL02,33,4.7,Mumbai,2026-03-21,19:13:00,Sunny,Medium,1,Drinks,bicycle,0,No,21.9,158.08,UPI,Delivered,,58.6
ORD102656,CHERES36DEL07,35,4.5,Chennai,2026-03-21,19:55:00,Cloudy,Medium,0,Drinks,motorcycle,1,No,8.15,358.95,UPI,Delivered,,42.3
ORD102203,BENRES05DEL08,27,4.9,Bengaluru,2026-03-21,20:10:00,Sunny,High,2,Drinks,scooter,0,No,12.34,267.78,UPI,Delivered,,47.0
ORD103086,HYDRES22DEL07,36,4.6,Hyderabad,2026-03-21,20:17:00,Cloudy,High,2,Snack,electric_scooter,0,No,5.38,202.77,UPI,Delivered,,35.9
ORD104279,DELRES12DEL01,37,4.8,Delhi,2026-03-21,20:30:00,Sunny,Low,3,Meal,electric_scooter,0,No,0.84,360.22,UPI,Delivered,,20.6
ORD102215,MUMRES44DEL03,23,4.5,Mumbai,2026-03-21,20:31:00,Fog,High,0,Meal,motorcycle,0,No,9.38,86.54,UPI,Delivered,,43.0
ORD100843,CHERES10DEL07,31,4.1,Chennai,2026-03-21,20:32:00,Sunny,High,2,Drinks,scooter,0,No,2.88,352.34,Cash,Delivered,,36.7
ORD102901,HYDRES06DEL06,25,4.2,Hyderabad,2026-03-21,20:32:00,Windy,Low,0,Snack,scooter,0,No,8.05,366.41,Cash,Delivered,,34.6
ORD100481,BENRES11DEL07,25,4.8,Bengaluru,2026-03-21,20:36:00,Sunny,Medium,0,Meal,motorcycle,1,No,1.92,320.2,UPI,Delivered,,31.5
ORD102730,BENRES43DEL01,24,3.9,Bengaluru,2026-03-21,20:50:00,Sunny,Low,1,Meal,scooter,0,No,2.37,302.61,Card,Delivered,,21.1
ORD101349,KOLRES34DEL01,33,4.6,Kolkata,2026-03-21,20:55:00,Sunny,Low,2,Meal,scooter,0,No,2.8,120.26,UPI,Delivered,,26.4
ORD102230,HYDRES07DEL03,28,4.5,Hyderabad,2026-03-21,20:59:00,Sunny,High,0,Snack,motorcycle,0,No,2.96,252.01,Wallet,Delivered,,35.1
ORD100671,CHERES14DEL07,27,4.2,Chennai,2026-03-21,21:13:00,Sunny,Low,3,Snack,scooter,0,No,3.15,135.99,UPI,Delivered,,24.9
ORD102700,BENRES29DEL02,37,4.5,Bengaluru,2026-03-21,22:25:00,Stormy,Medium,0,Snack,scooter,1,No,16.25,451.36,Card,Delivered,,69.5
ORD105616,DELRES09DEL04,33,3.7,Delhi,2026-03-21,23:40:00,Sandstorms,Low,1,Buffet,motorcycle,0,No,2.9,468.04,Cash,Cancelled,Restaurant Delay,
ORD102970,DELRES20DEL01,18,4.0,Delhi,2026-03-22,00:42:00,Cloudy,High,2,Buffet,electric_scooter,0,No,11.68,80.0,Cash,Delivered,,50.1
ORD103513,BENRES31DEL02,28,4.6,Bengaluru,2026-03-22,06:30:00,Cloudy,High,0,Meal,scooter,3,No,2.28,672.78,Card,Delivered,,42.7
ORD102408,CHERES43DEL08,29,4.2,Chennai,2026-03-22,09:36:00,Sunny,Jam,2,Meal,motorcycle,0,No,4.31,519.19,Cash,Cancelled,Traffic Delay,
ORD103959,HYDRES03DEL01,35,4.1,Hyderabad,2026-03-22,09:47:00,Sunny,Jam,3,Buffet,bicycle,0,No,0.95,155.18,UPI,Delivered,,33.0
ORD105194,HYDRES01DEL05,27,4.7,Hyderabad,2026-03-22,11:05:00,Fog,Low,3,Meal,scooter,1,No,1.9,261.4,Cash,Delivered,,29.5
ORD104269,DELRES09DEL06,27,4.7,Delhi,2026-03-22,11:33:00,Cloudy,High,1,Meal,motorcycle,1,No,3.81,233.24,Cash,Cancelled,Customer Cancelled,
ORD101889,PUNRES37DEL02,30,4.8,Pune,2026-03-22,11:42:00,Sunny,Medium,0,Drinks,motorcycle,2,No,2.81,311.9,Wallet,Cancelled,Customer Cancelled,
ORD102810,HYDRES19DEL07,24,4.1,Hyderabad,2026-03-22,12:13:00,Windy,Jam,0,Drinks,motorcycle,2,No,8.96,168.27,UPI,Delivered,,56.2
ORD103152,DELRES33DEL05,22,4.8,Delhi,2026-03-22,12:15:00,Cloudy,Low,0,Snack,scooter,1,No,4.11,84.28,UPI,Cancelled,Delivery Partner Unavailable,
ORD100299,BENRES41DEL05,23,4.2,Bengaluru,2026-03-22,12:44:00,Cloudy,High,2,Buffet,motorcycle,1,No,3.72,238.09,UPI,Delivered,,29.3
ORD103284,MUMRES08DEL07,29,4.1,Mumbai,2026-03-22,12:44:00,Cloudy,Low,3,Snack,motorcycle,0,No,7.45,307.98,UPI,Delivered,,31.7
ORD104510,HYDRES11DEL08,26,4.4,Hyderabad,2026-03-22,12:46:00,Sunny,Medium,2,Drinks,motorcycle,1,No,1.89,268.94,Cash,Delivered,,26.0
ORD101707,PUNRES35DEL03,19,4.2,Pune,2026-03-22,13:32:00,Cloudy,Medium,0,Buffet,electric_scooter,0,No,9.75,200.22,UPI,Delivered,,38.6
ORD103237,CHERES40DEL08,20,4.2,Chennai,2026-03-22,13:42:00,Fog,Medium,2,Buffet,bicycle,2,No,4.87,366.69,UPI,Delivered,,41.5
ORD103532,BENRES12DEL04,35,4.3,Bengaluru,2026-03-22,15:16:00,Stormy,Medium,3,Buffet,motorcycle,0,No,1.76,422.62,Wallet,Delivered,,31.2
ORD104228,DELRES44DEL05,29,3.9,Delhi,2026-03-22,15:22:00,Sunny,High,3,Drinks,motorcycle,1,No,1.95,144.27,UPI,Delivered,,36.9
ORD101654,KOLRES33DEL05,30,4.3,Kolkata,2026-03-22,16:01:00,Stormy,High,2,Buffet,motorcycle,1,No,7.96,128.39,Cash,Cancelled,Restaurant Delay,
ORD105663,CHERES36DEL07,24,4.3,Chennai,2026-03-22,16:18:00,Sunny,Low,2,Meal,motorcycle,2,No,1.89,125.46,Wallet,Delivered,,29.0
ORD105471,KOLRES21DEL04,30,4.3,Kolkata,2026-03-22,16:48:00,Cloudy,High,3,Snack,motorcycle,0,No,12.34,460.8,Card,Delivered,,55.0
ORD104751,PUNRES26DEL07,24,3.9,Pune,2026-03-22,16:49:00,Sunny,Jam,3,Drinks,motorcycle,0,No,0.94,331.07,UPI,Cancelled,Traffic Delay,
ORD104688,HYDRES39DEL08,24,4.1,Hyderabad,2026-03-22,18:01:00,Sunny,Jam,3,Drinks,electric_scooter,0,No,7.63,166.36,UPI,Delivered,,44.8
ORD102328,DELRES15DEL06,36,4.8,Delhi,2026-03-22,18:09:00,Sunny,Low,3,Buffet,electric_scooter,0,No,2.16,531.78,UPI,Delivered,,26.4
ORD101622,MUMRES31DEL04,18,4.4,Mumbai,2026-03-22,18:34:00,Cloudy,Jam,1,Snack,motorcycle,1,No,1.41,294.26,Cash,Delivered,,38.6
ORD101172,BENRES21DEL08,34,4.7,Bengaluru,2026-03-22,18:59:00,Windy,Low,0,Buffet,motorcycle,2,No,4.21,207.65,UPI,Cancelled,Traffic Delay,
ORD104333,PUNRES23DEL08,37,4.7,Pune,2026-03-22,19:15:00,Windy,Low,0,Snack,motorcycle,0,No,3.7,393.37,Card,Delivered,,28.4
ORD101294,CHERES30DEL01,36,4.5,Chennai,2026-03-22,19:22:00,Sandstorms,Medium,2,Buffet,motorcycle,0,No,2.23,165.62,Wallet,Cancelled,Customer Cancelled,
ORD101411,CHERES41DEL02,41,4.5,Chennai,2026-03-22,19:52:00,Sandstorms,Medium,3,Buffet,scooter,0,No,7.71,306.69,UPI,Delivered,,39.5
ORD101460,BENRES25DEL05,24,4.7,Bengaluru,2026-03-22,19:52:00,Fog,High,0,Meal,motorcycle,1,No,5.67,938.28,Card,Delivered,,47.3
ORD100568,BENRES35DEL02,29,4.4,Bengaluru,2026-03-22,20:02:00,Cloudy,Low,0,Snack,scooter,1,No,4.55,392.85,Cash,Delivered,,30.5
ORD103360,DELRES05DEL06,21,4.2,Delhi,2026-03-22,20:23:00,Cloudy,Medium,3,Drinks,motorcycle,2,No,7.5,455.25,Wallet,Delivered,,48.8
ORD100296,CHERES16DEL08,26,4.0,Chennai,2026-03-22,20:50:00,Cloudy,Low,3,Buffet,motorcycle,0,No,1.27,457.05,Card,Delivered,,18.9
ORD102246,BENRES44DEL07,28,4.4,Bengaluru,2026-03-22,21:12:00,Stormy,Low,0,Buffet,motorcycle,0,No,7.6,619.74,Cash,Cancelled,Weather Disruption,
ORD103600,HYDRES06DEL02,18,4.5,Hyderabad,2026-03-22,21:29:00,Cloudy,Low,3,Snack,scooter,0,No,2.26,175.56,Cash,Delivered,,23.9
ORD105044,PUNRES28DEL04,27,3.8,Pune,2026-03-22,21:29:00,Fog,Low,3,Snack,scooter,2,No,3.63,80.09,Card,Cancelled,Delivery Partner Unavailable,
ORD103783,MUMRES36DEL02,29,4.3,Mumbai,2026-03-22,21:38:00,Fog,Medium,0,Meal,motorcycle,0,No,1.23,320.39,UPI,Delivered,,30.9
ORD104957,BENRES41DEL02,25,4.5,Bengaluru,2026-03-22,22:39:00,Fog,Low,1,Buffet,scooter,0,No,7.26,539.56,UPI,Delivered,,37.5
ORD102511,DELRES43DEL01,34,3.7,Delhi,2026-03-22,23:36:00,Windy,High,3,Drinks,bicycle,0,No,0.83,256.35,UPI,Delivered,,33.2
ORD102258,DELRES38DEL05,30,4.2,Delhi,2026-03-22,23:45:00,Sunny,Medium,2,Buffet,motorcycle,1,No,1.0,146.88,Card,Delivered,,24.4
ORD101296,HYDRES13DEL03,25,4.6,Hyderabad,2026-03-23,07:09:00,Sunny,High,3,Buffet,motorcycle,1,No,1.28,261.13,UPI,Delivered,,32.5
ORD104786,HYDRES04DEL01,26,5.0,Hyderabad,2026-03-23,10:16:00,Windy,Low,3,Buffet,motorcycle,3,No,4.32,711.59,Wallet,Delivered,,42.8
ORD105172,BENRES03DEL08,20,4.1,Bengaluru,2026-03-23,10:33:00,Sandstorms,High,1,Meal,scooter,1,No,13.33,533.23,UPI,Delivered,,62.0
ORD100128,MUMRES41DEL06,36,4.6,Mumbai,2026-03-23,10:35:00,Cloudy,High,1,Snack,motorcycle,2,No,2.06,198.37,UPI,Delivered,,36.5
ORD103605,BENRES10DEL04,25,4.0,Bengaluru,2026-03-23,10:37:00,Sunny,High,2,Buffet,motorcycle,1,No,9.54,141.77,UPI,Delivered,,45.5
ORD101716,CHERES02DEL07,25,5.0,Chennai,2026-03-23,11:22:00,Sandstorms,Jam,2,Buffet,electric_scooter,2,No,2.28,313.74,Card,Delivered,,52.9
ORD100044,BENRES35DEL08,18,4.4,Bengaluru,2026-03-23,11:53:00,Sunny,Medium,0,Snack,scooter,2,No,4.1,181.76,Cash,Delivered,,34.0
ORD102748,BENRES26DEL01,25,4.2,Bengaluru,2026-03-23,12:15:00,Stormy,Jam,3,Meal,scooter,0,No,1.55,279.08,Wallet,Delivered,,49.4
ORD100041,DELRES03DEL07,34,3.6,Delhi,2026-03-23,12:34:00,Sunny,Medium,3,Snack,motorcycle,0,No,1.28,179.47,UPI,Delivered,,23.2
ORD104015,HYDRES01DEL04,21,4.4,Hyderabad,2026-03-23,12:40:00,Windy,Medium,1,Drinks,motorcycle,2,No,4.37,515.34,Cash,Delivered,,39.0
ORD101769,KOLRES34DEL01,32,4.4,Kolkata,2026-03-23,12:53:00,Fog,Medium,2,Drinks,motorcycle,0,No,1.61,295.78,UPI,Cancelled,Traffic Delay,
ORD103194,BENRES43DEL04,36,4.5,Bengaluru,2026-03-23,12:53:00,Stormy,High,3,Meal,motorcycle,0,No,14.35,674.78,Wallet,Delivered,,60.0
ORD102083,CHERES22DEL02,34,4.4,Chennai,2026-03-23,13:20:00,Cloudy,Medium,2,Meal,motorcycle,0,No,3.49,353.44,UPI,Delivered,,28.4
ORD105992,MUMRES23DEL02,25,4.2,Mumbai,2026-03-23,13:23:00,Stormy,Medium,2,Buffet,scooter,0,No,3.25,462.89,UPI,Delivered,,46.9
ORD105703,DELRES02DEL07,25,4.8,Delhi,2026-03-23,13:41:00,Cloudy,Medium,1,Meal,bicycle,0,No,2.33,341.24,UPI,Delivered,,25.0
ORD100723,CHERES05DEL03,32,4.0,Chennai,2026-03-23,13:53:00,Windy,High,1,Drinks,motorcycle,0,No,2.73,515.48,Card,Delivered,,31.7
ORD102479,HYDRES01DEL01,24,4.3,Hyderabad,2026-03-23,14:03:00,Sandstorms,Jam,3,Buffet,motorcycle,1,No,1.52,80.0,Card,Delivered,,45.5
ORD105761,CHERES03DEL08,33,4.7,Chennai,2026-03-23,14:03:00,Cloudy,Medium,1,Snack,bicycle,2,No,4.26,202.34,UPI,Delivered,,31.6
ORD102924,CHERES19DEL05,18,4.8,Chennai,2026-03-23,14:17:00,Cloudy,Low,0,Snack,motorcycle,0,No,19.98,274.65,UPI,Delivered,,50.1
ORD101801,HYDRES32DEL07,28,4.3,Hyderabad,2026-03-23,14:26:00,Fog,High,1,Meal,electric_scooter,0,No,2.82,318.13,UPI,Delivered,,29.7
ORD103118,BENRES02DEL08,22,4.2,Bengaluru,2026-03-23,16:26:00,Sunny,Low,2,Buffet,scooter,0,No,1.8,339.99,UPI,Delivered,,18.5
ORD102819,KOLRES04DEL03,31,4.7,Kolkata,2026-03-23,17:19:00,Sunny,High,0,Snack,motorcycle,0,No,4.21,561.14,UPI,Cancelled,Weather Disruption,
ORD105289,CHERES33DEL01,24,4.2,Chennai,2026-03-23,18:06:00,Sunny,High,3,Buffet,scooter,0,No,8.05,251.99,Card,Delivered,,38.0
ORD101844,KOLRES37DEL07,28,4.4,Kolkata,2026-03-23,18:07:00,Sunny,Medium,1,Meal,electric_scooter,0,No,13.49,570.29,UPI,Delivered,,37.9
ORD101285,MUMRES40DEL03,34,4.7,Mumbai,2026-03-23,18:16:00,Sunny,High,2,Drinks,scooter,0,No,5.09,380.16,UPI,Delivered,,31.4
ORD105002,BENRES31DEL03,36,4.6,Bengaluru,2026-03-23,18:18:00,Cloudy,Low,0,Snack,scooter,2,No,9.82,139.85,UPI,Delivered,,43.1
ORD105725,CHERES16DEL02,33,4.8,Chennai,2026-03-23,18:24:00,Stormy,Medium,2,Drinks,motorcycle,1,No,1.3,641.99,UPI,Delivered,,36.4
ORD105496,DELRES12DEL05,22,4.8,Delhi,2026-03-23,18:31:00,Windy,Low,1,Drinks,motorcycle,0,No,7.82,270.51,UPI,Delivered,,30.6
ORD105076,CHERES13DEL01,18,4.5,Chennai,2026-03-23,18:33:00,Cloudy,Jam,0,Drinks,motorcycle,0,No,0.93,159.59,UPI,Delivered,,36.1
ORD100740,BENRES14DEL02,24,4.3,Bengaluru,2026-03-23,19:00:00,Fog,Low,2,Drinks,bicycle,0,No,3.76,238.84,UPI,Delivered,,32.4
ORD103417,BENRES38DEL04,18,4.8,Bengaluru,2026-03-23,19:15:00,Windy,Medium,0,Drinks,motorcycle,0,No,1.02,532.07,Cash,Delivered,,22.9
ORD101750,HYDRES29DEL08,28,5.0,Hyderabad,2026-03-23,19:28:00,Sunny,Low,0,Meal,scooter,0,No,1.03,219.54,UPI,Delivered,,19.3
ORD102201,PUNRES14DEL05,40,4.4,Pune,2026-03-23,19:29:00,Cloudy,Medium,2,Buffet,motorcycle,2,No,1.01,160.9,UPI,Delivered,,27.4
ORD102154,MUMRES31DEL07,27,5.0,Mumbai,2026-03-23,19:57:00,Sunny,Low,3,Buffet,motorcycle,1,No,1.36,338.95,UPI,Delivered,,25.3
ORD105731,DELRES27DEL06,31,4.3,Delhi,2026-03-23,20:10:00,Windy,Jam,0,Snack,motorcycle,0,No,5.22,80.69,Card,Cancelled,Customer Cancelled,
ORD103522,BENRES07DEL07,40,4.0,Bengaluru,2026-03-23,20:11:00,Fog,Medium,1,Drinks,motorcycle,0,No,1.78,147.19,Wallet,Delivered,,21.1
ORD105676,DELRES33DEL06,27,4.1,Delhi,2026-03-23,20:17:00,Cloudy,Low,2,Snack,motorcycle,1,No,12.14,247.96,Card,Delivered,,42.9
ORD100883,BENRES19DEL04,25,4.2,Bengaluru,2026-03-23,20:23:00,Cloudy,High,0,Drinks,scooter,0,No,3.47,478.77,UPI,Cancelled,Restaurant Delay,
ORD102308,HYDRES14DEL08,26,4.5,Hyderabad,2026-03-23,20:28:00,Sunny,High,1,Meal,scooter,1,No,5.82,185.52,Cash,Delivered,,42.4
ORD102674,DELRES21DEL07,32,3.9,Delhi,2026-03-23,20:35:00,Windy,Medium,0,Buffet,electric_scooter,0,No,5.42,393.6,Card,Delivered,,31.1
ORD101816,KOLRES18DEL04,23,5.0,Kolkata,2026-03-23,21:17:00,Cloudy,High,0,Drinks,motorcycle,2,No,5.46,267.32,UPI,Delivered,,51.8
ORD103865,BENRES37DEL04,18,4.8,Bengaluru,2026-03-23,21:27:00,Sunny,Medium,0,Drinks,motorcycle,1,No,3.52,306.2,UPI,Delivered,,30.9
ORD104543,HYDRES23DEL08,32,4.4,Hyderabad,2026-03-23,22:18:00,Cloudy,High,3,Drinks,motorcycle,0,No,8.75,654.86,Wallet,Delivered,,40.2
ORD102532,KOLRES09DEL05,22,4.5,Kolkata,2026-03-23,22:27:00,Sandstorms,Medium,0,Meal,motorcycle,0,No,9.57,372.66,UPI,Delivered,,45.8
ORD100862,MUMRES25DEL01,33,4.5,Mumbai,2026-03-24,00:50:00,Sunny,High,1,Snack,motorcycle,0,No,25.0,80.9,Card,Delivered,,63.9
ORD102972,HYDRES27DEL07,35,5.0,Hyderabad,2026-03-24,08:09:00,Fog,Low,1,Buffet,motorcycle,1,No,2.88,148.81,Cash,Delivered,,31.0
ORD100245,BENRES43DEL04,34,4.2,Bengaluru,2026-03-24,08:11:00,Cloudy,Low,2,Buffet,motorcycle,0,No,8.01,345.66,UPI,Cancelled,Restaurant Delay,
ORD104880,DELRES20DEL06,25,4.5,Delhi,2026-03-24,08:22:00,Fog,High,3,Drinks,motorcycle,3,No,3.47,273.69,Card,Delivered,,54.0
ORD104680,DELRES22DEL05,22,5.0,Delhi,2026-03-24,08:36:00,Cloudy,Medium,1,Snack,motorcycle,0,No,2.37,414.62,UPI,Delivered,,33.3
ORD102878,PUNRES42DEL02,18,4.3,Pune,2026-03-24,08:37:00,Sunny,Medium,1,Buffet,bicycle,0,No,1.14,555.05,Wallet,Delivered,,18.9
ORD102130,KOLRES37DEL05,26,4.0,Kolkata,2026-03-24,08:56:00,Sunny,Low,0,Meal,electric_scooter,0,No,0.95,397.73,Card,Cancelled,Traffic Delay,
ORD101721,HYDRES27DEL05,23,4.3,Hyderabad,2026-03-24,09:14:00,Sunny,Jam,3,Drinks,electric_scooter,2,No,6.31,374.78,Card,Delivered,,49.5
ORD100144,MUMRES27DEL08,22,4.4,Mumbai,2026-03-24,09:55:00,Stormy,Medium,0,Buffet,motorcycle,1,No,4.0,172.54,UPI,Cancelled,Traffic Delay,
ORD103949,MUMRES20DEL02,28,4.3,Mumbai,2026-03-24,10:00:00,Windy,Low,0,Snack,electric_scooter,2,No,7.46,280.33,Cash,Delivered,,44.5
ORD102340,BENRES08DEL04,32,4.4,Bengaluru,2026-03-24,10:41:00,Sunny,High,1,Drinks,electric_scooter,0,No,4.33,251.06,UPI,Delivered,,34.8
ORD102669,HYDRES34DEL01,34,4.9,Hyderabad,2026-03-24,11:15:00,Sunny,High,2,Drinks,electric_scooter,1,No,6.83,279.61,Card,Delivered,,41.9
ORD102522,HYDRES14DEL03,29,4.1,Hyderabad,2026-03-24,11:49:00,Sunny,Medium,1,Meal,motorcycle,1,No,3.13,505.17,Cash,Delivered,,33.4
ORD105855,MUMRES23DEL02,37,4.4,Mumbai,2026-03-24,12:01:00,Sunny,High,0,Snack,motorcycle,0,No,1.29,191.99,UPI,Delivered,,27.3
ORD100421,BENRES10DEL08,30,4.7,Bengaluru,2026-03-24,12:05:00,Sunny,Medium,0,Buffet,scooter,0,No,6.08,440.29,UPI,Delivered,,29.7
ORD105748,BENRES24DEL05,26,4.0,Bengaluru,2026-03-24,12:32:00,Cloudy,Low,3,Snack,scooter,1,No,8.27,432.26,Wallet,Delivered,,37.0
ORD102558,MUMRES26DEL07,37,4.7,Mumbai,2026-03-24,12:37:00,Sunny,Jam,3,Drinks,motorcycle,0,No,3.87,403.13,Card,Delivered,,39.9
ORD101525,DELRES09DEL03,32,4.1,Delhi,2026-03-24,13:43:00,Sunny,Low,1,Buffet,motorcycle,0,No,4.12,383.39,Wallet,Delivered,,24.5
ORD102539,DELRES16DEL02,30,4.4,Delhi,2026-03-24,13:51:00,Fog,Medium,0,Buffet,motorcycle,0,No,3.57,253.96,Cash,Delivered,,35.4
ORD100798,DELRES08DEL08,21,4.5,Delhi,2026-03-24,13:58:00,Sandstorms,Medium,1,Drinks,scooter,0,No,2.66,317.24,UPI,Delivered,,37.9
ORD103014,MUMRES31DEL01,31,4.9,Mumbai,2026-03-24,14:13:00,Sunny,High,1,Buffet,electric_scooter,0,No,2.39,80.0,Card,Cancelled,Customer Cancelled,
ORD103757,BENRES39DEL06,33,4.4,Bengaluru,2026-03-24,15:32:00,Stormy,Low,2,Buffet,motorcycle,0,No,4.02,543.45,UPI,Delivered,,32.4
ORD105679,BENRES31DEL08,29,4.4,Bengaluru,2026-03-24,17:34:00,Sunny,Medium,1,Buffet,scooter,0,No,6.56,569.12,Cash,Delivered,,34.8
ORD101009,KOLRES21DEL04,30,4.2,Kolkata,2026-03-24,17:37:00,Sunny,Low,3,Meal,motorcycle,0,No,4.18,305.22,UPI,Delivered,,28.0
ORD105451,BENRES25DEL03,30,4.0,Bengaluru,2026-03-24,17:53:00,Windy,Medium,2,Drinks,scooter,3,No,2.34,192.58,UPI,Cancelled,Weather Disruption,
ORD101641,MUMRES06DEL07,27,3.8,Mumbai,2026-03-24,17:54:00,Sunny,Medium,1,Snack,motorcycle,1,No,1.66,1079.47,UPI,Delivered,,30.0
ORD104426,HYDRES12DEL03,22,4.3,Hyderabad,2026-03-24,18:18:00,Sunny,Low,3,Drinks,motorcycle,1,No,4.36,132.26,UPI,Delivered,,35.5
ORD102626,KOLRES22DEL02,19,4.5,Kolkata,2026-03-24,18:19:00,Sunny,Jam,0,Buffet,scooter,0,No,1.23,308.71,UPI,Delivered,,34.5
ORD100486,CHERES30DEL06,33,4.6,Chennai,2026-03-24,18:20:00,Sunny,Medium,0,Meal,scooter,1,No,1.14,455.29,Card,Delivered,,28.2
ORD102983,PUNRES03DEL04,27,4.4,Pune,2026-03-24,18:26:00,Fog,High,2,Meal,electric_scooter,0,No,5.19,624.82,UPI,Delivered,,39.6
ORD101386,PUNRES12DEL01,27,4.5,Pune,2026-03-24,18:34:00,Cloudy,High,3,Buffet,scooter,1,No,2.3,708.64,UPI,Delivered,,35.7
ORD104368,BENRES06DEL01,21,4.5,Bengaluru,2026-03-24,18:35:00,Fog,High,1,Meal,motorcycle,0,No,5.57,399.4,UPI,Delivered,,47.2
ORD102116,PUNRES33DEL02,29,4.9,Pune,2026-03-24,18:59:00,Stormy,High,2,Snack,motorcycle,0,No,5.27,506.95,UPI,Delivered,,48.2
ORD101098,DELRES04DEL08,25,4.0,Delhi,2026-03-24,19:01:00,Cloudy,Medium,2,Meal,motorcycle,0,No,2.15,259.45,Card,Delivered,,28.5
ORD105707,PUNRES01DEL01,18,4.2,Pune,2026-03-24,19:06:00,Windy,Low,1,Drinks,electric_scooter,0,No,3.31,219.65,UPI,Delivered,,30.8
ORD102639,PUNRES11DEL07,38,4.2,Pune,2026-03-24,19:16:00,Sunny,Medium,0,Drinks,motorcycle,1,No,1.4,481.79,Cash,Delivered,,24.6
ORD101538,BENRES37DEL02,19,3.9,Bengaluru,2026-03-24,19:18:00,Sunny,Low,1,Meal,motorcycle,1,No,5.13,433.12,Card,Delivered,,33.5
ORD104516,BENRES35DEL04,23,4.1,Bengaluru,2026-03-24,19:25:00,Sunny,Medium,1,Drinks,scooter,0,No,0.93,349.73,Cash,Delivered,,18.0
ORD103178,BENRES17DEL06,41,5.0,Bengaluru,2026-03-24,19:36:00,Fog,High,3,Drinks,motorcycle,1,No,2.4,440.99,Cash,Cancelled,Traffic Delay,
ORD105381,HYDRES43DEL03,25,4.8,Hyderabad,2026-03-24,19:54:00,Fog,Medium,0,Buffet,scooter,1,No,1.57,204.57,UPI,Delivered,,36.2
ORD104877,MUMRES41DEL06,36,4.5,Mumbai,2026-03-24,20:14:00,Windy,Low,2,Drinks,motorcycle,1,No,2.59,262.0,UPI,Delivered,,24.1
ORD104127,MUMRES12DEL05,23,4.5,Mumbai,2026-03-24,20:34:00,Cloudy,Medium,2,Buffet,motorcycle,1,No,9.04,253.87,UPI,Cancelled,Delivery Partner Unavailable,
ORD103678,HYDRES08DEL06,28,4.5,Hyderabad,2026-03-24,20:38:00,Sandstorms,High,0,Drinks,electric_scooter,0,No,1.26,786.62,UPI,Delivered,,33.4
ORD103763,MUMRES33DEL02,20,4.4,Mumbai,2026-03-24,21:17:00,Windy,Medium,2,Meal,electric_scooter,0,No,2.33,303.41,Cash,Delivered,,25.5
ORD100358,BENRES33DEL07,20,4.5,Bengaluru,2026-03-24,21:49:00,Cloudy,Low,0,Buffet,motorcycle,1,No,5.2,376.72,Cash,Delivered,,31.2
ORD103427,PUNRES12DEL06,29,4.4,Pune,2026-03-24,22:56:00,Cloudy,Medium,2,Drinks,electric_scooter,0,No,2.02,343.54,Cash,Delivered,,22.7
ORD103138,MUMRES31DEL05,29,4.7,Mumbai,2026-03-24,23:32:00,Windy,Low,3,Meal,motorcycle,0,No,7.95,285.04,UPI,Delivered,,31.9
ORD100061,DELRES18DEL07,35,4.8,Delhi,2026-03-25,05:32:00,Fog,Jam,2,Drinks,motorcycle,0,No,5.04,291.47,Cash,Delivered,,50.9
ORD103296,HYDRES42DEL02,33,4.6,Hyderabad,2026-03-25,06:05:00,Stormy,Low,3,Buffet,motorcycle,0,No,2.71,320.89,UPI,Delivered,,30.1
ORD101953,DELRES19DEL03,25,4.5,Delhi,2026-03-25,06:43:00,Cloudy,Low,1,Meal,scooter,0,No,6.58,301.64,UPI,Delivered,,27.4
ORD100657,DELRES07DEL03,33,4.4,Delhi,2026-03-25,08:21:00,Sunny,Low,1,Buffet,motorcycle,0,No,3.04,183.01,UPI,Cancelled,Customer Cancelled,
ORD100407,HYDRES06DEL02,26,4.4,Hyderabad,2026-03-25,08:55:00,Fog,Jam,3,Meal,motorcycle,1,No,0.82,311.24,Card,Delivered,,42.3
ORD102644,MUMRES36DEL07,28,4.3,Mumbai,2026-03-25,09:30:00,Cloudy,Medium,2,Meal,motorcycle,0,No,8.0,380.18,UPI,Delivered,,35.4
ORD100757,BENRES36DEL08,30,4.6,Bengaluru,2026-03-25,10:07:00,Sunny,Low,1,Snack,electric_scooter,1,No,5.19,464.12,Card,Delivered,,26.3
ORD101030,HYDRES15DEL04,35,4.5,Hyderabad,2026-03-25,12:10:00,Cloudy,Medium,1,Meal,motorcycle,1,No,3.33,190.06,UPI,Delivered,,30.8
ORD103195,DELRES09DEL05,22,4.3,Delhi,2026-03-25,12:13:00,Sunny,Medium,3,Meal,bicycle,2,No,1.31,257.06,UPI,Delivered,,29.2
ORD101885,HYDRES25DEL02,21,5.0,Hyderabad,2026-03-25,12:17:00,Sunny,Jam,0,Drinks,motorcycle,0,No,4.56,220.29,UPI,Cancelled,Customer Cancelled,
ORD103255,CHERES14DEL04,30,4.1,Chennai,2026-03-25,12:18:00,Sunny,High,1,Snack,scooter,0,No,7.91,243.84,Cash,Delivered,,34.7
ORD100088,MUMRES06DEL02,34,3.9,Mumbai,2026-03-25,12:22:00,Cloudy,High,3,Drinks,scooter,0,No,1.03,211.45,UPI,Cancelled,Delivery Partner Unavailable,
ORD105958,BENRES22DEL05,19,3.8,Bengaluru,2026-03-25,12:38:00,Sunny,Low,0,Buffet,motorcycle,0,No,5.17,263.8,UPI,Delivered,,21.9
ORD103444,BENRES20DEL08,30,4.2,Bengaluru,2026-03-25,12:42:00,Sunny,High,1,Drinks,motorcycle,1,No,8.06,80.0,Wallet,Delivered,,46.4
ORD102021,BENRES01DEL08,25,4.1,Bengaluru,2026-03-25,12:54:00,Sunny,High,2,Snack,scooter,0,No,2.36,230.38,UPI,Delivered,,33.0
ORD100718,BENRES41DEL02,28,4.7,Bengaluru,2026-03-25,13:21:00,Sunny,Medium,3,Buffet,motorcycle,1,No,4.27,909.6,Cash,Delivered,,36.5
ORD101632,BENRES09DEL06,21,4.0,Bengaluru,2026-03-25,13:31:00,Sunny,Low,3,Snack,motorcycle,0,No,3.79,367.62,UPI,Delivered,,25.0
ORD101755,MUMRES01DEL05,28,4.9,Mumbai,2026-03-25,13:41:00,Cloudy,High,3,Snack,motorcycle,1,No,1.38,343.73,Cash,Delivered,,24.0
ORD100563,DELRES16DEL07,23,4.6,Delhi,2026-03-25,14:38:00,Windy,High,0,Snack,scooter,0,No,4.38,323.46,Card,Delivered,,32.0
ORD103947,PUNRES14DEL08,28,3.9,Pune,2026-03-25,14:41:00,Sunny,Medium,3,Snack,motorcycle,0,No,2.71,388.91,Wallet,Delivered,,31.6
ORD103748,BENRES26DEL08,38,4.7,Bengaluru,2026-03-25,15:32:00,Sunny,Medium,1,Buffet,motorcycle,0,No,4.63,531.54,Card,Delivered,,31.2
ORD103854,HYDRES14DEL05,29,4.6,Hyderabad,2026-03-25,15:56:00,Cloudy,Medium,1,Meal,scooter,0,No,1.27,189.99,UPI,Delivered,,23.4
ORD101727,CHERES31DEL08,33,4.0,Chennai,2026-03-25,16:21:00,Stormy,High,3,Meal,motorcycle,0,No,7.35,147.09,UPI,Delivered,,52.1
ORD105808,HYDRES07DEL08,26,4.8,Hyderabad,2026-03-25,16:54:00,Cloudy,Medium,1,Meal,electric_scooter,1,No,6.79,205.85,Card,Delivered,,39.7
ORD102164,BENRES36DEL07,24,4.2,Bengaluru,2026-03-25,17:00:00,Sunny,Medium,1,Snack,scooter,0,No,6.92,175.45,Card,Delivered,,33.6
ORD102519,HYDRES34DEL08,29,4.3,Hyderabad,2026-03-25,17:04:00,Sandstorms,Low,2,Meal,motorcycle,0,No,20.11,262.15,Cash,Cancelled,Customer Cancelled,
ORD102849,HYDRES24DEL03,18,4.4,Hyderabad,2026-03-25,17:19:00,Sunny,Low,1,Buffet,scooter,2,No,9.04,380.75,Wallet,Delivered,,42.0
ORD103469,PUNRES40DEL06,31,4.5,Pune,2026-03-25,17:24:00,Cloudy,Medium,1,Buffet,motorcycle,0,No,3.04,343.97,Cash,Delivered,,27.3
ORD100852,MUMRES33DEL08,22,4.5,Mumbai,2026-03-25,17:25:00,Cloudy,High,2,Buffet,electric_scooter,1,No,2.76,189.02,Cash,Delivered,,35.8
ORD101445,MUMRES03DEL03,35,4.5,Mumbai,2026-03-25,17:33:00,Fog,Low,3,Buffet,motorcycle,0,No,12.29,150.11,Card,Cancelled,Customer Cancelled,
ORD100317,KOLRES20DEL08,18,4.5,Kolkata,2026-03-25,17:39:00,Sunny,Low,3,Snack,electric_scooter,1,No,3.23,294.78,Cash,Delivered,,24.8
ORD101264,DELRES13DEL02,34,4.6,Delhi,2026-03-25,17:40:00,Sunny,Medium,0,Meal,motorcycle,0,No,2.23,526.95,UPI,Delivered,,31.8
ORD104559,CHERES36DEL02,26,4.4,Chennai,2026-03-25,17:41:00,Cloudy,Medium,2,Drinks,motorcycle,2,No,4.14,345.04,UPI,Delivered,,37.7
ORD104066,DELRES16DEL02,32,4.7,Delhi,2026-03-25,17:59:00,Sunny,Jam,1,Meal,motorcycle,0,No,7.49,478.35,Wallet,Delivered,,48.2
ORD101370,MUMRES05DEL06,33,4.6,Mumbai,2026-03-25,18:07:00,Windy,Low,3,Meal,bicycle,0,No,19.45,270.38,UPI,Delivered,,46.6
ORD100308,BENRES44DEL01,35,5.0,Bengaluru,2026-03-25,18:16:00,Windy,Medium,1,Buffet,scooter,1,No,13.92,696.07,UPI,Delivered,,55.6
ORD100292,HYDRES28DEL05,30,4.2,Hyderabad,2026-03-25,18:19:00,Sunny,Low,2,Buffet,motorcycle,1,No,8.74,708.0,Cash,Delivered,,33.1
ORD104722,CHERES16DEL05,30,5.0,Chennai,2026-03-25,18:21:00,Fog,High,1,Snack,motorcycle,0,No,10.61,80.0,UPI,Delivered,,53.4
ORD103601,BENRES34DEL06,30,4.6,Bengaluru,2026-03-25,18:27:00,Windy,High,2,Snack,scooter,0,No,9.35,119.22,Card,Delivered,,40.8
ORD105901,DELRES31DEL08,23,4.7,Delhi,2026-03-25,19:43:00,Stormy,Medium,2,Meal,motorcycle,2,No,6.75,168.29,Card,Delivered,,50.9
ORD102802,MUMRES02DEL03,28,3.6,Mumbai,2026-03-25,20:14:00,Sandstorms,High,1,Meal,scooter,1,No,2.34,388.43,UPI,Delivered,,46.3
ORD105772,DELRES35DEL06,29,4.4,Delhi,2026-03-25,20:29:00,Sunny,Medium,1,Drinks,motorcycle,0,No,2.11,226.7,UPI,Delivered,,23.9
ORD102091,DELRES23DEL02,38,4.7,Delhi,2026-03-25,20:46:00,Stormy,Low,0,Buffet,bicycle,0,No,2.9,252.13,UPI,Delivered,,30.0
ORD102734,CHERES24DEL02,28,4.1,Chennai,2026-03-25,20:52:00,Sunny,Low,0,Buffet,motorcycle,1,No,2.54,325.82,Card,Delivered,,29.4
ORD100049,PUNRES26DEL05,29,4.4,Pune,2026-03-25,20:56:00,Stormy,Low,1,Snack,scooter,1,No,3.89,158.38,Card,Delivered,,35.6
ORD105259,CHERES35DEL08,29,3.8,Chennai,2026-03-25,21:34:00,Windy,Medium,0,Snack,motorcycle,2,No,5.76,349.78,UPI,Delivered,,44.5
ORD100418,DELRES15DEL02,22,4.4,Delhi,2026-03-25,21:35:00,Sunny,Medium,2,Snack,scooter,0,No,11.61,262.97,Cash,Delivered,,35.0
ORD105077,BENRES19DEL05,27,4.2,Bengaluru,2026-03-25,21:42:00,Fog,High,2,Snack,scooter,1,No,2.4,282.57,Cash,Delivered,,41.8
ORD100197,CHERES04DEL05,35,4.7,Chennai,2026-03-25,21:51:00,Cloudy,Jam,1,Drinks,motorcycle,0,No,7.94,117.09,UPI,Delivered,,50.4
ORD102173,DELRES30DEL06,28,4.8,Delhi,2026-03-25,22:02:00,Cloudy,Medium,0,Buffet,motorcycle,0,No,9.37,198.02,Card,Delivered,,41.1
ORD102622,KOLRES39DEL06,31,4.2,Kolkata,2026-03-25,22:29:00,Stormy,Medium,3,Meal,electric_scooter,1,No,3.71,521.54,UPI,Delivered,,38.6
ORD104310,HYDRES39DEL02,24,4.3,Hyderabad,2026-03-25,23:26:00,Windy,Medium,3,Buffet,motorcycle,0,No,11.87,109.06,Wallet,Delivered,,40.7
ORD105000,DELRES29DEL06,40,4.3,Delhi,2026-03-26,03:40:00,Sunny,High,3,Drinks,motorcycle,1,No,1.44,230.57,Cash,Delivered,,33.6
ORD102954,HYDRES03DEL01,32,4.7,Hyderabad,2026-03-26,05:08:00,Cloudy,Jam,2,Buffet,motorcycle,0,No,2.32,558.03,Card,Delivered,,38.3
ORD101808,BENRES22DEL08,29,4.4,Bengaluru,2026-03-26,08:22:00,Cloudy,Medium,3,Snack,scooter,0,No,4.02,232.32,Card,Delivered,,30.3
ORD100902,KOLRES39DEL05,34,4.5,Kolkata,2026-03-26,08:35:00,Windy,Medium,1,Drinks,motorcycle,0,No,14.73,443.7,Cash,Delivered,,43.4
ORD103125,PUNRES18DEL06,20,4.1,Pune,2026-03-26,11:33:00,Sunny,Medium,1,Buffet,motorcycle,1,No,4.21,205.7,Card,Delivered,,40.3
ORD101147,MUMRES27DEL08,19,4.5,Mumbai,2026-03-26,11:41:00,Stormy,Medium,2,Drinks,motorcycle,0,No,8.87,500.58,UPI,Delivered,,48.3
ORD102266,CHERES24DEL05,28,3.9,Chennai,2026-03-26,11:53:00,Cloudy,High,3,Snack,motorcycle,0,No,7.65,177.87,Card,Delivered,,34.0
ORD104905,BENRES21DEL03,27,4.0,Bengaluru,2026-03-26,12:03:00,Windy,Medium,2,Drinks,scooter,0,No,17.53,288.94,UPI,Delivered,,55.7
ORD105389,BENRES35DEL07,34,3.9,Bengaluru,2026-03-26,12:06:00,Windy,Low,0,Meal,motorcycle,1,No,1.01,259.82,UPI,Delivered,,22.7
ORD101684,KOLRES18DEL03,26,4.4,Kolkata,2026-03-26,12:09:00,Cloudy,Jam,3,Snack,motorcycle,2,No,3.13,144.99,UPI,Delivered,,48.6
ORD105153,BENRES13DEL08,18,4.0,Bengaluru,2026-03-26,12:17:00,Stormy,Medium,0,Buffet,motorcycle,0,No,7.64,150.86,UPI,Cancelled,Delivery Partner Unavailable,
ORD101521,PUNRES37DEL02,37,3.8,Pune,2026-03-26,12:18:00,Cloudy,Medium,1,Buffet,motorcycle,0,No,15.72,608.69,UPI,Cancelled,Delivery Partner Unavailable,
ORD102084,BENRES23DEL05,25,4.5,Bengaluru,2026-03-26,12:23:00,Sunny,Medium,2,Snack,motorcycle,1,No,10.08,206.78,Cash,Delivered,,45.0
ORD102351,HYDRES38DEL01,30,4.3,Hyderabad,2026-03-26,12:31:00,Fog,Jam,3,Drinks,scooter,1,No,4.25,356.2,Card,Delivered,,50.4
ORD105292,BENRES34DEL05,26,4.6,Bengaluru,2026-03-26,12:49:00,Sunny,Low,3,Snack,scooter,0,No,4.0,145.8,Cash,Delivered,,29.4
ORD101594,BENRES37DEL07,35,5.0,Bengaluru,2026-03-26,12:58:00,Cloudy,Low,3,Snack,bicycle,2,No,5.59,98.31,Wallet,Delivered,,43.7
ORD103482,DELRES43DEL06,18,4.6,Delhi,2026-03-26,13:07:00,Windy,Jam,0,Buffet,electric_scooter,0,No,5.81,223.14,UPI,Cancelled,Customer Cancelled,
ORD103893,KOLRES41DEL01,32,4.3,Kolkata,2026-03-26,13:32:00,Sunny,Medium,3,Buffet,bicycle,1,No,1.76,219.78,UPI,Delivered,,32.2
ORD105438,MUMRES08DEL04,18,4.2,Mumbai,2026-03-26,13:34:00,Sandstorms,Jam,3,Buffet,scooter,0,No,1.45,398.5,UPI,Cancelled,Weather Disruption,
ORD103003,PUNRES40DEL05,27,4.7,Pune,2026-03-26,13:40:00,Sunny,Low,0,Drinks,motorcycle,0,No,1.13,255.1,Cash,Delivered,,19.0
ORD104383,CHERES32DEL01,29,4.3,Chennai,2026-03-26,13:46:00,Sunny,Low,3,Buffet,scooter,0,No,5.25,576.51,Card,Delivered,,28.0
ORD103940,BENRES07DEL01,18,4.1,Bengaluru,2026-03-26,13:51:00,Cloudy,Medium,3,Meal,motorcycle,0,No,9.57,217.72,Cash,Delivered,,40.6
ORD101722,BENRES14DEL05,35,4.2,Bengaluru,2026-03-26,15:07:00,Sunny,Low,2,Meal,scooter,0,No,3.89,245.27,Cash,Delivered,,26.8
ORD105082,MUMRES13DEL02,33,3.6,Mumbai,2026-03-26,16:01:00,Sunny,Jam,2,Meal,motorcycle,1,No,24.84,339.89,Wallet,Delivered,,76.5
ORD105519,MUMRES26DEL01,25,4.4,Mumbai,2026-03-26,16:27:00,Sandstorms,High,3,Drinks,motorcycle,0,No,0.86,212.39,Cash,Delivered,,40.9
ORD100505,BENRES31DEL05,33,4.2,Bengaluru,2026-03-26,16:29:00,Cloudy,Medium,1,Buffet,motorcycle,0,No,9.81,138.75,UPI,Delivered,,40.8
ORD102572,KOLRES05DEL07,37,4.9,Kolkata,2026-03-26,16:43:00,Sunny,Jam,2,Drinks,motorcycle,0,No,1.67,234.87,Cash,Delivered,,37.2
ORD103955,DELRES01DEL05,36,3.9,Delhi,2026-03-26,16:43:00,Windy,Medium,3,Meal,scooter,0,No,4.29,332.19,UPI,Delivered,,30.4
ORD101704,DELRES18DEL05,24,3.6,Delhi,2026-03-26,17:57:00,Sunny,Low,2,Buffet,motorcycle,2,No,5.09,480.05,UPI,Delivered,,37.8
ORD103473,BENRES33DEL07,42,4.3,Bengaluru,2026-03-26,18:03:00,Sunny,Medium,2,Buffet,scooter,0,No,2.47,470.42,UPI,Delivered,,27.9
ORD102908,BENRES01DEL04,28,4.4,Bengaluru,2026-03-26,18:04:00,Cloudy,High,3,Meal,scooter,2,No,3.48,261.19,UPI,Delivered,,41.6
ORD104929,HYDRES24DEL05,22,3.8,Hyderabad,2026-03-26,18:06:00,Sunny,High,2,Buffet,motorcycle,1,No,1.37,432.74,Card,Delivered,,35.5
ORD100517,BENRES39DEL08,26,4.5,Bengaluru,2026-03-26,18:09:00,Cloudy,High,2,Snack,motorcycle,0,No,4.55,278.38,UPI,Cancelled,Restaurant Delay,
ORD100882,MUMRES07DEL06,23,4.0,Mumbai,2026-03-26,18:13:00,Sandstorms,Jam,0,Drinks,scooter,0,No,2.88,492.12,UPI,Delivered,,50.1
ORD100083,KOLRES41DEL07,27,4.3,Kolkata,2026-03-26,18:21:00,Sunny,Medium,3,Drinks,bicycle,0,No,2.01,395.06,UPI,Delivered,,23.8
ORD101516,DELRES10DEL01,26,4.5,Delhi,2026-03-26,18:35:00,Sunny,Medium,3,Buffet,motorcycle,1,No,5.41,371.88,Wallet,Delivered,,34.9
ORD104248,DELRES43DEL06,24,4.4,Delhi,2026-03-26,19:25:00,Sunny,High,3,Meal,motorcycle,0,No,11.22,343.61,UPI,Delivered,,45.1
ORD103287,HYDRES02DEL03,28,3.6,Hyderabad,2026-03-26,19:26:00,Sunny,Low,3,Meal,electric_scooter,1,No,12.37,155.51,UPI,Delivered,,39.9
ORD100854,BENRES29DEL03,27,4.0,Bengaluru,2026-03-26,19:27:00,Windy,High,0,Buffet,scooter,2,No,6.48,500.75,Cash,Delivered,,46.5
ORD103905,KOLRES01DEL01,25,4.8,Kolkata,2026-03-26,19:27:00,Cloudy,Medium,3,Snack,motorcycle,0,No,1.21,338.15,Cash,Delivered,,26.0
ORD103831,HYDRES43DEL03,23,4.0,Hyderabad,2026-03-26,19:28:00,Fog,High,1,Buffet,electric_scooter,2,No,4.71,368.5,UPI,Delivered,,48.8
ORD102927,MUMRES42DEL03,36,4.8,Mumbai,2026-03-26,20:03:00,Stormy,Medium,3,Meal,motorcycle,1,No,4.55,519.94,UPI,Delivered,,41.1
ORD104799,BENRES28DEL08,27,4.2,Bengaluru,2026-03-26,20:08:00,Sunny,Medium,3,Meal,motorcycle,2,No,2.75,176.08,UPI,Delivered,,31.1
ORD105567,HYDRES44DEL02,39,4.2,Hyderabad,2026-03-26,20:18:00,Cloudy,Medium,3,Drinks,bicycle,0,No,7.32,188.21,UPI,Delivered,,31.8
ORD102820,DELRES09DEL04,25,4.6,Delhi,2026-03-26,20:36:00,Sunny,Jam,2,Buffet,motorcycle,0,No,12.21,259.43,Cash,Delivered,,57.0
ORD101959,KOLRES32DEL08,28,4.7,Kolkata,2026-03-26,20:38:00,Fog,Medium,3,Meal,motorcycle,1,No,5.38,299.8,Card,Delivered,,45.7
ORD100781,HYDRES22DEL07,26,4.5,Hyderabad,2026-03-26,20:58:00,Windy,High,1,Meal,motorcycle,0,No,1.99,165.96,UPI,Delivered,,32.8
ORD100203,DELRES19DEL01,26,4.0,Delhi,2026-03-26,21:54:00,Cloudy,Low,3,Buffet,scooter,1,No,5.7,504.75,UPI,Delivered,,36.3
ORD100366,CHERES15DEL08,34,3.9,Chennai,2026-03-26,22:16:00,Windy,Low,3,Snack,motorcycle,1,No,2.18,272.6,UPI,Delivered,,29.2
ORD104772,MUMRES01DEL05,23,3.7,Mumbai,2026-03-26,22:44:00,Sunny,High,1,Snack,motorcycle,0,No,2.03,235.02,Cash,Delivered,,23.2
ORD104348,DELRES43DEL03,26,4.7,Delhi,2026-03-27,07:54:00,Sunny,High,3,Buffet,bicycle,0,No,11.11,457.62,Card,Delivered,,41.4
ORD104698,HYDRES34DEL08,28,5.0,Hyderabad,2026-03-27,08:06:00,Fog,Low,0,Meal,motorcycle,2,No,8.36,249.94,UPI,Delivered,,47.5
ORD100962,KOLRES12DEL03,18,4.3,Kolkata,2026-03-27,09:22:00,Stormy,Medium,3,Drinks,motorcycle,0,No,5.06,471.38,UPI,Delivered,,40.3
ORD100728,BENRES36DEL07,31,4.0,Bengaluru,2026-03-27,09:45:00,Sunny,Medium,2,Snack,scooter,2,No,2.39,743.49,Cash,Delivered,,33.3
ORD105234,HYDRES38DEL02,33,4.1,Hyderabad,2026-03-27,10:24:00,Sunny,Medium,2,Meal,electric_scooter,2,No,4.64,368.27,UPI,Delivered,,42.9
ORD102743,MUMRES10DEL07,27,4.7,Mumbai,2026-03-27,10:53:00,Fog,Low,2,Buffet,motorcycle,0,No,2.22,717.65,UPI,Delivered,,26.7
ORD105388,HYDRES02DEL02,26,4.4,Hyderabad,2026-03-27,11:12:00,Windy,Low,2,Buffet,motorcycle,1,No,1.87,160.73,UPI,Delivered,,28.5
ORD100286,BENRES13DEL06,34,4.2,Bengaluru,2026-03-27,11:43:00,Cloudy,Medium,3,Buffet,motorcycle,0,No,3.73,289.62,Card,Delivered,,24.3
ORD100911,DELRES40DEL06,28,4.0,Delhi,2026-03-27,12:19:00,Sunny,Medium,2,Meal,motorcycle,0,No,1.91,389.97,Cash,Delivered,,27.0
ORD105294,PUNRES15DEL08,42,4.7,Pune,2026-03-27,13:03:00,Stormy,High,2,Meal,motorcycle,0,No,3.21,299.34,UPI,Delivered,,40.6
ORD103462,BENRES08DEL02,34,4.0,Bengaluru,2026-03-27,13:04:00,Sunny,Medium,2,Meal,scooter,0,No,2.54,372.25,Card,Delivered,,25.8
ORD103776,HYDRES16DEL07,33,4.9,Hyderabad,2026-03-27,13:05:00,Fog,Medium,0,Meal,scooter,0,No,8.11,137.47,Wallet,Delivered,,44.4
ORD103265,BENRES32DEL02,24,4.2,Bengaluru,2026-03-27,13:22:00,Cloudy,Low,2,Snack,motorcycle,0,No,2.71,248.14,UPI,Delivered,,21.9
ORD104100,CHERES20DEL07,32,4.7,Chennai,2026-03-27,13:57:00,Sunny,High,1,Snack,motorcycle,0,No,12.27,353.67,UPI,Delivered,,44.6
ORD104538,DELRES41DEL02,38,4.3,Delhi,2026-03-27,15:55:00,Windy,Medium,3,Drinks,scooter,1,No,4.28,93.92,Card,Delivered,,35.6
ORD104713,MUMRES21DEL05,38,4.1,Mumbai,2026-03-27,16:16:00,Fog,Low,1,Buffet,motorcycle,0,No,4.52,103.81,UPI,Delivered,,38.8
ORD101502,BENRES13DEL02,29,3.8,Bengaluru,2026-03-27,16:36:00,Sunny,Jam,2,Snack,motorcycle,0,No,5.56,262.13,Cash,Delivered,,44.7
ORD105527,BENRES02DEL06,35,4.7,Bengaluru,2026-03-27,16:36:00,Stormy,Medium,3,Drinks,motorcycle,1,No,6.47,199.87,UPI,Delivered,,43.6
ORD102344,MUMRES32DEL07,33,4.2,Mumbai,2026-03-27,17:12:00,Cloudy,Low,2,Meal,electric_scooter,0,No,1.48,258.88,UPI,Delivered,,17.2
ORD105424,KOLRES36DEL06,32,4.0,Kolkata,2026-03-27,17:52:00,Windy,Medium,2,Drinks,scooter,0,No,2.57,140.99,UPI,Delivered,,27.8
ORD100400,BENRES30DEL04,22,4.3,Bengaluru,2026-03-27,18:31:00,Sunny,Jam,0,Snack,motorcycle,0,No,3.16,616.45,UPI,Delivered,,35.5
ORD101218,DELRES11DEL03,41,4.0,Delhi,2026-03-27,18:33:00,Sunny,High,0,Drinks,scooter,0,No,9.98,410.32,UPI,Delivered,,48.1
ORD105187,BENRES19DEL07,30,5.0,Bengaluru,2026-03-27,18:35:00,Sunny,Low,2,Drinks,electric_scooter,0,No,1.34,316.21,Wallet,Cancelled,Weather Disruption,
ORD100693,BENRES37DEL07,22,4.2,Bengaluru,2026-03-27,18:48:00,Cloudy,High,0,Snack,motorcycle,0,No,2.91,382.24,UPI,Delivered,,31.6
ORD104692,HYDRES24DEL02,39,4.8,Hyderabad,2026-03-27,18:54:00,Cloudy,High,1,Meal,motorcycle,1,No,3.32,257.02,UPI,Delivered,,35.7
ORD105041,HYDRES37DEL02,38,4.8,Hyderabad,2026-03-27,19:04:00,Windy,Jam,0,Snack,scooter,0,No,17.24,654.42,Wallet,Delivered,,63.7
ORD103294,CHERES13DEL02,34,4.7,Chennai,2026-03-27,19:18:00,Sunny,Medium,1,Snack,motorcycle,2,No,2.58,298.51,UPI,Delivered,,35.0
ORD105235,KOLRES24DEL06,34,4.9,Kolkata,2026-03-27,19:38:00,Cloudy,Medium,0,Drinks,electric_scooter,2,No,5.27,496.36,Wallet,Delivered,,39.1
ORD104992,BENRES11DEL05,31,4.8,Bengaluru,2026-03-27,19:43:00,Sunny,Medium,0,Drinks,motorcycle,3,No,3.81,518.32,UPI,Delivered,,47.3
ORD102883,HYDRES41DEL03,23,4.3,Hyderabad,2026-03-27,19:44:00,Cloudy,Medium,0,Snack,motorcycle,1,No,13.9,391.67,UPI,Delivered,,47.7
ORD105592,DELRES20DEL04,26,4.4,Delhi,2026-03-27,19:53:00,Cloudy,High,2,Drinks,scooter,0,No,7.86,340.69,UPI,Delivered,,41.7
ORD103328,CHERES41DEL05,23,4.6,Chennai,2026-03-27,19:57:00,Windy,High,2,Buffet,electric_scooter,3,No,4.96,257.57,UPI,Delivered,,44.9
ORD105869,BENRES29DEL01,24,4.3,Bengaluru,2026-03-27,20:15:00,Stormy,Low,2,Drinks,scooter,0,No,1.24,398.2,Wallet,Delivered,,25.9
ORD101847,KOLRES31DEL05,30,4.6,Kolkata,2026-03-27,20:18:00,Cloudy,High,0,Buffet,scooter,0,No,5.92,289.57,Card,Delivered,,30.4
ORD104251,PUNRES16DEL02,44,4.7,Pune,2026-03-27,20:23:00,Sunny,Medium,0,Buffet,scooter,1,No,2.77,205.34,UPI,Delivered,,36.1
ORD101134,BENRES03DEL04,29,4.4,Bengaluru,2026-03-27,20:24:00,Sunny,Medium,2,Buffet,motorcycle,2,No,11.25,209.47,Cash,Delivered,,48.6
ORD100566,BENRES18DEL02,29,4.3,Bengaluru,2026-03-27,20:30:00,Sunny,Jam,1,Meal,motorcycle,1,No,6.93,154.52,UPI,Cancelled,Delivery Partner Unavailable,
ORD101237,CHERES34DEL03,29,4.4,Chennai,2026-03-27,20:30:00,Fog,Low,2,Buffet,motorcycle,1,No,1.73,259.38,UPI,Delivered,,30.1
ORD103612,DELRES24DEL04,28,4.2,Delhi,2026-03-27,20:43:00,Sunny,Low,2,Snack,scooter,1,No,0.83,204.62,UPI,Delivered,,17.6
ORD103479,HYDRES19DEL01,29,3.9,Hyderabad,2026-03-27,20:44:00,Sunny,Medium,2,Buffet,bicycle,0,No,2.71,332.77,UPI,Delivered,,25.9
ORD100848,BENRES35DEL08,38,4.7,Bengaluru,2026-03-27,20:47:00,Sunny,Low,2,Drinks,motorcycle,3,No,18.08,510.49,Wallet,Delivered,,62.8
ORD100772,CHERES10DEL06,22,4.8,Chennai,2026-03-27,20:54:00,Sunny,Medium,2,Buffet,motorcycle,1,No,3.34,496.89,Cash,Delivered,,29.6
ORD101272,HYDRES09DEL04,28,4.6,Hyderabad,2026-03-27,21:05:00,Sunny,Medium,2,Buffet,motorcycle,1,No,1.72,223.17,Card,Delivered,,28.0
ORD103589,DELRES17DEL08,18,4.0,Delhi,2026-03-27,21:07:00,Cloudy,High,3,Drinks,motorcycle,1,No,7.24,311.48,Card,Delivered,,49.3
ORD104581,BENRES38DEL01,26,4.5,Bengaluru,2026-03-27,21:18:00,Sunny,Medium,1,Drinks,motorcycle,0,No,5.42,393.9,Card,Delivered,,25.1
ORD105661,BENRES40DEL02,32,3.5,Bengaluru,2026-03-27,21:34:00,Sunny,Medium,0,Drinks,scooter,1,No,9.18,460.32,UPI,Delivered,,38.6
ORD101490,BENRES11DEL05,28,4.5,Bengaluru,2026-03-27,21:49:00,Sunny,Low,0,Snack,scooter,0,No,6.78,378.35,UPI,Delivered,,23.4
ORD105066,PUNRES29DEL06,43,4.2,Pune,2026-03-27,21:52:00,Sunny,Low,3,Snack,motorcycle,0,No,1.38,278.56,UPI,Delivered,,19.0
ORD100079,BENRES28DEL03,31,5.0,Bengaluru,2026-03-27,21:53:00,Sunny,Medium,0,Meal,bicycle,0,No,4.57,191.87,UPI,Cancelled,Restaurant Delay,
ORD105390,MUMRES42DEL05,22,4.7,Mumbai,2026-03-27,22:06:00,Sunny,Medium,1,Buffet,electric_scooter,1,No,5.82,351.5,UPI,Delivered,,34.4
ORD102115,DELRES18DEL01,30,4.1,Delhi,2026-03-27,22:30:00,Windy,Low,2,Snack,motorcycle,0,No,3.2,342.51,Cash,Delivered,,24.4
ORD104205,HYDRES14DEL07,38,4.8,Hyderabad,2026-03-27,22:39:00,Sunny,Medium,0,Snack,electric_scooter,0,No,1.97,524.51,Cash,Delivered,,24.1
ORD104120,HYDRES24DEL02,26,4.4,Hyderabad,2026-03-27,23:36:00,Cloudy,Jam,1,Meal,motorcycle,0,No,1.4,140.39,Card,Delivered,,40.6
ORD103160,MUMRES43DEL08,35,4.8,Mumbai,2026-03-28,01:37:00,Stormy,Low,2,Meal,electric_scooter,0,No,2.84,320.53,UPI,Delivered,,31.0
ORD105273,CHERES04DEL06,29,4.6,Chennai,2026-03-28,03:20:00,Sunny,Jam,3,Buffet,bicycle,2,No,24.84,350.9,UPI,Cancelled,Customer Cancelled,
ORD103463,HYDRES25DEL03,35,4.3,Hyderabad,2026-03-28,07:54:00,Cloudy,Low,3,Meal,scooter,1,No,5.9,297.83,UPI,Delivered,,35.2
ORD102279,PUNRES22DEL01,25,4.7,Pune,2026-03-28,08:12:00,Sandstorms,Medium,2,Buffet,motorcycle,0,No,1.66,207.71,UPI,Delivered,,25.7
ORD101432,DELRES13DEL03,35,3.8,Delhi,2026-03-28,10:26:00,Cloudy,Medium,2,Meal,motorcycle,1,No,1.38,339.46,UPI,Cancelled,Customer Cancelled,
ORD103271,HYDRES20DEL03,30,4.7,Hyderabad,2026-03-28,10:34:00,Sunny,Medium,2,Buffet,motorcycle,0,No,3.45,240.65,Cash,Delivered,,37.3
ORD101571,KOLRES26DEL03,36,4.7,Kolkata,2026-03-28,10:51:00,Cloudy,Low,0,Meal,scooter,0,No,7.64,579.78,Wallet,Delivered,,22.0
ORD101012,CHERES28DEL08,29,4.5,Chennai,2026-03-28,10:54:00,Sunny,Low,2,Meal,motorcycle,0,No,8.07,721.7,UPI,Delivered,,40.0
ORD105344,CHERES01DEL02,25,4.7,Chennai,2026-03-28,11:15:00,Stormy,Low,0,Meal,motorcycle,0,No,9.49,316.52,Wallet,Delivered,,42.7
ORD104281,KOLRES34DEL03,30,3.8,Kolkata,2026-03-28,12:04:00,Fog,Low,2,Buffet,electric_scooter,1,No,4.02,310.31,Cash,Delivered,,35.5
ORD100463,BENRES40DEL05,18,4.4,Bengaluru,2026-03-28,12:26:00,Fog,Low,1,Drinks,scooter,2,No,2.02,220.92,UPI,Delivered,,32.9
ORD105157,PUNRES25DEL06,42,4.4,Pune,2026-03-28,12:27:00,Cloudy,Low,3,Snack,motorcycle,0,No,1.18,268.54,Cash,Delivered,,21.0
ORD104465,MUMRES05DEL08,33,4.5,Mumbai,2026-03-28,12:30:00,Windy,Low,2,Snack,electric_scooter,1,No,4.56,454.37,Card,Delivered,,31.1
ORD103719,BENRES02DEL06,36,4.1,Bengaluru,2026-03-28,12:33:00,Sunny,Medium,0,Drinks,motorcycle,0,No,3.03,137.32,Card,Delivered,,20.8
ORD100898,BENRES43DEL05,32,4.9,Bengaluru,2026-03-28,12:48:00,Cloudy,Low,1,Drinks,motorcycle,2,No,6.76,261.88,Card,Delivered,,36.7
ORD101033,PUNRES16DEL01,35,4.1,Pune,2026-03-28,12:57:00,Windy,Jam,1,Buffet,bicycle,0,No,2.91,524.12,UPI,Delivered,,42.1
ORD103208,CHERES23DEL08,27,4.9,Chennai,2026-03-28,13:03:00,Sunny,Medium,3,Drinks,motorcycle,1,No,7.26,139.49,UPI,Delivered,,35.9
ORD103610,PUNRES32DEL06,28,4.0,Pune,2026-03-28,13:03:00,Cloudy,Low,1,Snack,motorcycle,2,No,4.13,209.64,UPI,Delivered,,33.0
ORD100631,KOLRES43DEL02,33,3.6,Kolkata,2026-03-28,13:58:00,Cloudy,Medium,1,Drinks,scooter,1,No,1.7,398.43,UPI,Delivered,,28.9
ORD103095,CHERES22DEL02,28,4.4,Chennai,2026-03-28,14:02:00,Windy,Medium,2,Buffet,motorcycle,1,No,2.37,80.0,Wallet,Delivered,,26.6
ORD102625,MUMRES34DEL08,26,3.5,Mumbai,2026-03-28,14:31:00,Cloudy,Medium,2,Drinks,motorcycle,0,No,2.49,184.97,UPI,Delivered,,26.8
ORD105407,PUNRES25DEL04,18,4.0,Pune,2026-03-28,15:39:00,Cloudy,Low,1,Drinks,scooter,0,No,6.89,259.18,Cash,Delivered,,26.7
ORD102197,BENRES03DEL02,28,4.6,Bengaluru,2026-03-28,15:44:00,Cloudy,Low,1,Buffet,scooter,1,No,6.4,268.54,Cash,Delivered,,38.4
ORD100190,BENRES24DEL01,27,4.8,Bengaluru,2026-03-28,16:24:00,Windy,Jam,0,Snack,bicycle,1,No,3.25,479.66,Cash,Delivered,,47.4
ORD103796,DELRES43DEL03,29,4.5,Delhi,2026-03-28,16:29:00,Fog,Jam,0,Drinks,motorcycle,1,No,4.66,188.78,UPI,Delivered,,52.5
ORD102584,BENRES08DEL02,27,4.2,Bengaluru,2026-03-28,17:17:00,Sunny,Medium,2,Meal,motorcycle,2,No,1.04,211.42,Cash,Delivered,,38.6
ORD100431,MUMRES12DEL01,28,4.1,Mumbai,2026-03-28,17:21:00,Sunny,Low,2,Meal,electric_scooter,3,No,4.2,382.11,Card,Delivered,,38.6
ORD103982,BENRES40DEL08,26,5.0,Bengaluru,2026-03-28,17:30:00,Windy,Low,2,Drinks,electric_scooter,0,No,1.65,207.7,UPI,Delivered,,16.6
ORD104274,DELRES16DEL06,28,5.0,Delhi,2026-03-28,18:00:00,Cloudy,Low,2,Buffet,scooter,0,No,6.87,258.65,Cash,Delivered,,29.5
ORD102316,DELRES05DEL04,30,4.4,Delhi,2026-03-28,18:16:00,Sunny,High,3,Meal,electric_scooter,0,No,3.42,156.27,UPI,Delivered,,32.8
ORD104873,HYDRES43DEL06,26,4.0,Hyderabad,2026-03-28,18:19:00,Cloudy,Low,3,Meal,motorcycle,0,No,18.59,351.86,UPI,Delivered,,51.4
ORD103880,BENRES07DEL07,30,4.1,Bengaluru,2026-03-28,18:39:00,Cloudy,Medium,0,Drinks,scooter,0,No,12.3,459.29,Cash,Delivered,,45.0
ORD105149,BENRES02DEL04,21,4.2,Bengaluru,2026-03-28,18:46:00,Windy,Low,1,Meal,scooter,1,No,3.27,355.67,UPI,Delivered,,25.3
ORD105881,KOLRES12DEL05,36,5.0,Kolkata,2026-03-28,18:59:00,Sunny,Low,1,Drinks,scooter,1,No,6.97,242.71,Cash,Delivered,,34.4
ORD105602,DELRES34DEL07,43,3.9,Delhi,2026-03-28,19:15:00,Sunny,Medium,1,Meal,motorcycle,3,No,1.84,282.3,Card,Delivered,,41.7
ORD102711,BENRES09DEL02,33,4.8,Bengaluru,2026-03-28,19:20:00,Windy,Medium,2,Buffet,motorcycle,0,No,5.78,181.54,UPI,Delivered,,37.4
ORD101302,PUNRES21DEL01,28,4.3,Pune,2026-03-28,19:21:00,Fog,Low,2,Drinks,electric_scooter,1,No,11.07,430.78,UPI,Delivered,,46.9
ORD104180,BENRES37DEL01,36,5.0,Bengaluru,2026-03-28,19:35:00,Stormy,Jam,0,Meal,bicycle,1,No,1.2,283.17,Cash,Delivered,,44.3
ORD105969,BENRES01DEL04,31,4.2,Bengaluru,2026-03-28,19:45:00,Cloudy,Medium,0,Drinks,scooter,0,No,1.75,176.9,Cash,Delivered,,22.8
ORD104074,PUNRES43DEL05,27,4.4,Pune,2026-03-28,19:46:00,Sunny,Medium,0,Buffet,motorcycle,1,No,0.95,249.05,UPI,Delivered,,24.1
ORD103651,HYDRES36DEL06,40,4.0,Hyderabad,2026-03-28,20:10:00,Windy,Low,3,Drinks,scooter,1,No,3.64,393.04,Card,Delivered,,24.4
ORD105267,DELRES25DEL04,31,4.2,Delhi,2026-03-28,20:14:00,Fog,Low,2,Drinks,motorcycle,0,No,14.94,227.82,Cash,Delivered,,47.7
ORD105961,MUMRES13DEL03,27,4.3,Mumbai,2026-03-28,20:19:00,Cloudy,Medium,1,Snack,scooter,1,No,7.61,744.61,Wallet,Delivered,,44.7
ORD103379,BENRES01DEL02,34,4.4,Bengaluru,2026-03-28,20:24:00,Cloudy,High,2,Meal,motorcycle,3,No,2.71,206.41,UPI,Delivered,,42.0
ORD101479,BENRES16DEL07,22,4.7,Bengaluru,2026-03-28,20:34:00,Sunny,Medium,0,Meal,motorcycle,0,No,2.08,187.3,Wallet,Delivered,,19.0
ORD105129,CHERES01DEL05,28,4.4,Chennai,2026-03-28,20:35:00,Cloudy,Low,1,Buffet,motorcycle,0,No,0.93,337.43,Cash,Delivered,,21.6
ORD100291,BENRES29DEL01,30,4.2,Bengaluru,2026-03-28,20:41:00,Cloudy,Medium,2,Drinks,motorcycle,0,No,4.2,583.57,Cash,Delivered,,31.7
ORD105650,DELRES26DEL05,30,4.8,Delhi,2026-03-28,20:44:00,Sunny,Medium,2,Meal,bicycle,2,No,1.94,202.7,Wallet,Delivered,,36.3
ORD101796,BENRES13DEL06,36,4.9,Bengaluru,2026-03-28,20:49:00,Fog,Low,3,Snack,electric_scooter,2,No,1.32,167.81,UPI,Delivered,,33.0
ORD104258,HYDRES32DEL05,18,4.7,Hyderabad,2026-03-28,20:54:00,Sunny,Low,0,Buffet,scooter,1,No,17.8,149.13,UPI,Delivered,,50.4
ORD105177,MUMRES20DEL03,24,5.0,Mumbai,2026-03-28,20:55:00,Sunny,Medium,3,Meal,motorcycle,0,No,4.53,480.43,UPI,Delivered,,26.7
ORD104650,HYDRES36DEL06,20,4.0,Hyderabad,2026-03-28,21:06:00,Sunny,Low,0,Snack,scooter,1,No,4.22,513.39,UPI,Delivered,,29.9
ORD105436,PUNRES37DEL07,27,4.1,Pune,2026-03-28,21:24:00,Windy,Medium,0,Meal,scooter,1,No,3.41,404.73,Card,Delivered,,28.7
ORD103774,MUMRES02DEL01,27,4.5,Mumbai,2026-03-28,21:31:00,Sunny,Jam,2,Snack,motorcycle,1,No,8.54,327.97,Cash,Cancelled,Traffic Delay,
ORD104646,DELRES11DEL01,25,4.1,Delhi,2026-03-28,21:40:00,Sandstorms,High,3,Meal,scooter,1,No,3.94,444.59,Cash,Cancelled,Restaurant Delay,
ORD105824,MUMRES33DEL02,32,4.4,Mumbai,2026-03-28,21:52:00,Sunny,Low,2,Snack,motorcycle,1,No,12.19,467.29,UPI,Delivered,,44.3
ORD101740,DELRES29DEL08,37,4.5,Delhi,2026-03-28,23:06:00,Fog,Medium,1,Drinks,motorcycle,1,No,3.28,265.19,UPI,Delivered,,37.7
ORD103063,PUNRES32DEL05,24,4.5,Pune,2026-03-28,23:17:00,Sunny,Low,2,Meal,motorcycle,1,No,7.03,263.23,UPI,Delivered,,35.7
ORD101326,KOLRES01DEL03,29,4.9,Kolkata,2026-03-29,00:22:00,Sunny,High,0,Buffet,electric_scooter,1,No,4.18,240.34,UPI,Delivered,,36.3
ORD100004,BENRES04DEL08,32,4.3,Bengaluru,2026-03-29,05:06:00,Sunny,Low,2,Snack,scooter,1,No,1.44,151.99,Card,Delivered,,24.8
ORD104893,DELRES07DEL08,27,5.0,Delhi,2026-03-29,07:23:00,Cloudy,High,3,Buffet,motorcycle,0,No,1.33,304.27,UPI,Delivered,,29.9
ORD103043,DELRES38DEL03,26,4.0,Delhi,2026-03-29,08:00:00,Stormy,High,3,Snack,scooter,1,No,2.19,257.54,Cash,Delivered,,46.2
ORD103717,BENRES44DEL07,30,4.0,Bengaluru,2026-03-29,08:38:00,Windy,Low,3,Meal,electric_scooter,0,No,4.65,397.05,UPI,Delivered,,28.8
ORD100932,BENRES44DEL06,24,4.4,Bengaluru,2026-03-29,08:46:00,Cloudy,Low,2,Meal,scooter,0,No,13.06,276.33,UPI,Delivered,,41.7
ORD105447,DELRES14DEL05,35,4.1,Delhi,2026-03-29,09:12:00,Sunny,Medium,1,Drinks,motorcycle,1,No,8.26,300.23,Card,Delivered,,35.7
ORD102560,KOLRES06DEL07,25,4.8,Kolkata,2026-03-29,11:28:00,Cloudy,Low,1,Buffet,motorcycle,1,No,2.11,274.18,UPI,Delivered,,31.7
ORD100093,MUMRES01DEL08,27,4.5,Mumbai,2026-03-29,11:40:00,Sandstorms,Low,1,Meal,motorcycle,0,No,6.75,464.74,UPI,Cancelled,Customer Cancelled,
ORD102958,HYDRES19DEL08,21,4.6,Hyderabad,2026-03-29,11:48:00,Sandstorms,Medium,3,Drinks,motorcycle,0,No,2.88,189.17,UPI,Delivered,,39.7
ORD100232,MUMRES01DEL06,25,4.5,Mumbai,2026-03-29,12:14:00,Sunny,Low,1,Meal,bicycle,0,No,3.38,116.16,Wallet,Delivered,,19.7
ORD105500,CHERES41DEL02,24,4.1,Chennai,2026-03-29,12:26:00,Stormy,High,2,Buffet,motorcycle,0,No,16.6,442.75,UPI,Delivered,,65.4
ORD101501,MUMRES23DEL02,26,4.3,Mumbai,2026-03-29,12:36:00,Cloudy,Low,3,Drinks,motorcycle,1,No,1.45,351.16,Card,Delivered,,24.9
ORD104335,HYDRES32DEL03,27,4.5,Hyderabad,2026-03-29,12:49:00,Sunny,Medium,2,Snack,electric_scooter,2,No,3.93,324.55,Cash,Delivered,,41.0
ORD103779,MUMRES13DEL04,23,4.2,Mumbai,2026-03-29,13:28:00,Stormy,High,2,Buffet,motorcycle,0,No,7.11,113.13,Card,Delivered,,54.6
ORD105853,KOLRES39DEL05,30,4.7,Kolkata,2026-03-29,13:47:00,Cloudy,Medium,2,Meal,electric_scooter,0,No,1.55,83.56,Card,Delivered,,30.0
ORD102187,DELRES38DEL01,40,4.1,Delhi,2026-03-29,13:58:00,Cloudy,Low,0,Snack,scooter,3,No,4.78,341.62,Card,Delivered,,42.3
ORD104115,BENRES24DEL01,35,4.8,Bengaluru,2026-03-29,16:09:00,Stormy,Medium,2,Meal,bicycle,0,No,1.47,125.14,UPI,Delivered,,32.4
ORD104632,BENRES31DEL07,34,4.5,Bengaluru,2026-03-29,16:26:00,Fog,Medium,0,Snack,motorcycle,2,No,12.34,585.15,UPI,Delivered,,63.1
ORD102169,CHERES31DEL05,29,4.6,Chennai,2026-03-29,16:31:00,Sunny,Low,2,Snack,bicycle,0,No,8.15,410.71,UPI,Delivered,,28.6
ORD103971,HYDRES08DEL01,31,4.8,Hyderabad,2026-03-29,17:03:00,Stormy,Low,0,Snack,scooter,1,No,0.94,343.8,Cash,Delivered,,31.7
ORD103635,KOLRES30DEL04,29,4.2,Kolkata,2026-03-29,17:16:00,Windy,Jam,0,Meal,motorcycle,0,No,0.83,420.63,Cash,Delivered,,40.5
ORD101437,BENRES37DEL05,22,4.3,Bengaluru,2026-03-29,17:48:00,Cloudy,Low,0,Meal,scooter,1,No,15.61,363.12,UPI,Delivered,,51.4
ORD101887,BENRES31DEL03,32,4.1,Bengaluru,2026-03-29,18:06:00,Cloudy,Low,0,Drinks,bicycle,0,No,2.27,458.16,UPI,Delivered,,30.5
ORD102549,PUNRES01DEL03,30,4.0,Pune,2026-03-29,18:12:00,Cloudy,Medium,1,Meal,bicycle,0,No,17.67,257.44,UPI,Cancelled,Customer Cancelled,
ORD104187,DELRES08DEL04,35,4.3,Delhi,2026-03-29,18:17:00,Sandstorms,Low,2,Meal,scooter,1,No,1.79,503.76,UPI,Cancelled,Customer Cancelled,
ORD105241,HYDRES29DEL06,18,4.3,Hyderabad,2026-03-29,18:40:00,Cloudy,Medium,3,Drinks,motorcycle,0,No,0.95,374.24,Wallet,Delivered,,17.5
ORD100294,PUNRES27DEL04,39,4.6,Pune,2026-03-29,18:58:00,Sunny,Jam,0,Buffet,motorcycle,0,No,12.28,403.5,Cash,Delivered,,51.8
ORD105951,MUMRES35DEL05,38,3.9,Mumbai,2026-03-29,19:10:00,Sunny,Medium,1,Snack,motorcycle,1,No,22.25,338.94,Cash,Delivered,,70.4
ORD103636,MUMRES24DEL02,27,4.1,Mumbai,2026-03-29,19:38:00,Fog,Medium,3,Buffet,motorcycle,0,No,7.82,346.9,Card,Cancelled,Weather Disruption,
ORD104076,CHERES20DEL06,34,4.3,Chennai,2026-03-29,19:58:00,Fog,Medium,2,Meal,motorcycle,0,No,5.64,177.44,Cash,Delivered,,45.8
ORD100722,PUNRES19DEL03,21,3.8,Pune,2026-03-29,20:01:00,Sunny,Low,0,Snack,motorcycle,1,No,4.6,350.77,UPI,Delivered,,30.2
ORD100635,DELRES17DEL01,35,4.6,Delhi,2026-03-29,20:08:00,Sunny,High,0,Buffet,electric_scooter,0,No,10.8,197.98,Card,Delivered,,47.2
ORD102627,HYDRES06DEL08,43,4.1,Hyderabad,2026-03-29,20:13:00,Sunny,Medium,3,Buffet,scooter,0,No,8.1,262.24,UPI,Delivered,,37.4
ORD101697,HYDRES11DEL02,40,4.1,Hyderabad,2026-03-29,20:16:00,Sandstorms,Low,3,Snack,electric_scooter,1,No,0.84,426.81,Card,Delivered,,33.7
ORD103767,MUMRES25DEL02,29,4.2,Mumbai,2026-03-29,20:38:00,Sunny,High,0,Buffet,scooter,0,No,4.2,481.88,Cash,Delivered,,34.1
ORD101741,HYDRES03DEL08,29,4.8,Hyderabad,2026-03-29,20:48:00,Sunny,Medium,3,Buffet,electric_scooter,2,No,2.33,246.68,Cash,Delivered,,36.4
ORD101006,CHERES44DEL04,27,4.6,Chennai,2026-03-29,21:00:00,Sunny,Medium,3,Buffet,motorcycle,1,No,5.86,117.04,UPI,Delivered,,43.0
ORD103872,BENRES38DEL05,28,4.8,Bengaluru,2026-03-29,21:00:00,Cloudy,Medium,3,Snack,motorcycle,0,No,1.74,92.36,UPI,Delivered,,25.9
ORD104899,CHERES34DEL03,26,4.8,Chennai,2026-03-29,21:07:00,Sunny,High,3,Drinks,scooter,0,No,2.56,319.68,UPI,Cancelled,Restaurant Delay,
ORD103904,BENRES42DEL02,24,4.2,Bengaluru,2026-03-29,23:13:00,Sunny,High,3,Buffet,scooter,0,No,4.74,148.75,UPI,Delivered,,31.7
ORD102065,BENRES11DEL02,34,4.2,Bengaluru,2026-03-29,23:50:00,Cloudy,Medium,1,Buffet,scooter,1,No,2.99,152.59,Cash,Delivered,,34.1
ORD104069,MUMRES07DEL04,28,3.8,Mumbai,2026-03-30,05:30:00,Sunny,Jam,0,Snack,electric_scooter,2,No,1.64,502.22,Cash,Delivered,,49.4
ORD102376,CHERES31DEL08,27,3.9,Chennai,2026-03-30,06:34:00,Sunny,Low,1,Meal,scooter,0,No,13.88,431.61,Cash,Delivered,,47.7
ORD105468,DELRES13DEL01,25,4.0,Delhi,2026-03-30,07:15:00,Fog,Medium,1,Buffet,bicycle,0,No,2.69,262.2,UPI,Delivered,,30.7
ORD104716,KOLRES07DEL05,26,3.9,Kolkata,2026-03-30,07:58:00,Stormy,Medium,0,Meal,motorcycle,0,No,1.11,294.62,UPI,Delivered,,29.2
ORD104193,CHERES32DEL08,27,4.2,Chennai,2026-03-30,08:10:00,Cloudy,Medium,2,Snack,scooter,0,No,3.54,243.05,UPI,Delivered,,27.7
ORD103342,MUMRES16DEL08,22,4.3,Mumbai,2026-03-30,09:47:00,Sunny,Low,3,Snack,motorcycle,0,No,2.62,279.26,Cash,Delivered,,21.9
ORD102899,DELRES31DEL07,30,4.9,Delhi,2026-03-30,10:03:00,Windy,High,1,Buffet,scooter,1,No,9.3,366.25,UPI,Delivered,,43.9
ORD105823,HYDRES20DEL05,26,4.7,Hyderabad,2026-03-30,10:13:00,Sunny,Medium,1,Drinks,bicycle,0,No,1.28,229.41,Cash,Delivered,,23.2
ORD102697,MUMRES27DEL06,27,4.6,Mumbai,2026-03-30,10:26:00,Cloudy,Medium,1,Drinks,motorcycle,1,No,3.82,142.73,UPI,Delivered,,36.1
ORD102111,DELRES05DEL06,21,4.2,Delhi,2026-03-30,10:42:00,Fog,High,2,Buffet,motorcycle,0,No,2.95,208.6,UPI,Delivered,,38.0
ORD101100,HYDRES18DEL03,28,4.3,Hyderabad,2026-03-30,10:49:00,Fog,Low,3,Meal,electric_scooter,1,No,1.29,284.41,Card,Delivered,,26.1
ORD105933,HYDRES01DEL05,32,3.9,Hyderabad,2026-03-30,10:57:00,Cloudy,High,3,Snack,scooter,1,No,11.09,313.31,UPI,Delivered,,55.4
ORD100101,BENRES40DEL03,30,5.0,Bengaluru,2026-03-30,11:01:00,Sunny,Jam,2,Snack,scooter,0,No,6.58,216.28,Cash,Delivered,,44.1
ORD100599,MUMRES06DEL06,24,3.8,Mumbai,2026-03-30,11:18:00,Cloudy,Medium,1,Meal,scooter,1,No,1.82,509.76,UPI,Cancelled,Traffic Delay,
ORD103131,MUMRES14DEL06,32,4.3,Mumbai,2026-03-30,11:21:00,Windy,Jam,3,Snack,electric_scooter,0,No,1.13,595.69,UPI,Delivered,,39.1
ORD105626,MUMRES34DEL06,27,4.8,Mumbai,2026-03-30,11:22:00,Windy,Medium,1,Snack,motorcycle,1,No,12.1,362.19,Cash,Delivered,,46.7
ORD104583,BENRES23DEL08,26,4.2,Bengaluru,2026-03-30,11:35:00,Windy,High,0,Drinks,motorcycle,0,No,4.53,178.34,UPI,Delivered,,33.7
ORD101874,MUMRES26DEL04,32,4.6,Mumbai,2026-03-30,11:37:00,Sunny,Low,2,Meal,motorcycle,1,No,3.56,293.58,UPI,Delivered,,24.9
ORD103211,DELRES22DEL08,21,4.3,Delhi,2026-03-30,12:07:00,Sunny,Medium,2,Snack,motorcycle,0,No,4.71,455.18,Card,Delivered,,32.3
ORD102852,MUMRES23DEL06,26,4.5,Mumbai,2026-03-30,12:20:00,Fog,Medium,3,Drinks,scooter,1,No,2.43,328.77,UPI,Delivered,,33.2
ORD105643,DELRES15DEL08,37,4.4,Delhi,2026-03-30,12:55:00,Windy,Medium,3,Drinks,scooter,3,No,2.5,399.77,UPI,Delivered,,43.9
ORD103308,BENRES06DEL08,23,3.9,Bengaluru,2026-03-30,13:11:00,Cloudy,Medium,1,Meal,scooter,0,No,6.46,152.89,UPI,Delivered,,35.9
ORD101330,BENRES41DEL06,32,4.9,Bengaluru,2026-03-30,13:29:00,Sandstorms,High,0,Meal,motorcycle,2,No,3.99,271.2,UPI,Delivered,,51.9
ORD103022,DELRES05DEL08,22,4.1,Delhi,2026-03-30,13:32:00,Sunny,Medium,2,Snack,motorcycle,0,No,6.88,355.42,Cash,Delivered,,34.1
ORD104024,BENRES22DEL05,27,4.9,Bengaluru,2026-03-30,13:40:00,Fog,High,1,Buffet,bicycle,0,No,19.43,266.16,UPI,Delivered,,58.8
ORD102137,DELRES43DEL01,22,4.1,Delhi,2026-03-30,13:54:00,Cloudy,High,0,Drinks,scooter,0,No,9.85,397.68,UPI,Delivered,,45.5
ORD102721,MUMRES33DEL04,35,4.5,Mumbai,2026-03-30,14:25:00,Sunny,Low,3,Buffet,electric_scooter,3,No,9.52,421.95,Wallet,Delivered,,42.7
ORD101672,BENRES10DEL05,31,4.2,Bengaluru,2026-03-30,15:27:00,Sunny,High,0,Meal,electric_scooter,0,No,2.2,276.99,Wallet,Delivered,,30.7
ORD100365,PUNRES10DEL06,21,4.0,Pune,2026-03-30,16:04:00,Sunny,Low,2,Snack,motorcycle,0,No,1.11,448.47,Card,Cancelled,Weather Disruption,
ORD102654,MUMRES14DEL08,30,4.3,Mumbai,2026-03-30,16:47:00,Fog,Low,3,Meal,motorcycle,0,No,1.08,231.48,UPI,Delivered,,26.4
ORD105641,KOLRES30DEL07,22,4.2,Kolkata,2026-03-30,16:59:00,Sunny,Low,2,Snack,bicycle,1,No,7.64,350.21,Card,Delivered,,37.1
ORD102832,MUMRES28DEL05,29,3.9,Mumbai,2026-03-30,17:13:00,Cloudy,Low,2,Snack,motorcycle,1,No,1.25,226.58,UPI,Delivered,,20.1
ORD104826,BENRES42DEL02,25,4.7,Bengaluru,2026-03-30,17:17:00,Cloudy,Medium,3,Drinks,motorcycle,0,No,2.58,628.73,Cash,Delivered,,27.5
ORD102824,KOLRES27DEL04,27,4.5,Kolkata,2026-03-30,17:23:00,Cloudy,Jam,1,Buffet,electric_scooter,0,No,16.26,236.78,UPI,Delivered,,62.3
ORD100194,MUMRES30DEL08,38,4.2,Mumbai,2026-03-30,17:27:00,Sunny,Medium,3,Drinks,motorcycle,0,No,4.39,189.65,UPI,Delivered,,28.4
ORD105412,DELRES07DEL07,20,4.7,Delhi,2026-03-30,17:33:00,Sunny,High,2,Buffet,motorcycle,1,No,4.26,313.45,Cash,Delivered,,41.8
ORD105288,HYDRES40DEL01,33,4.8,Hyderabad,2026-03-30,17:43:00,Cloudy,High,3,Snack,scooter,0,No,1.68,124.72,Wallet,Delivered,,30.9
ORD100122,HYDRES24DEL05,22,3.9,Hyderabad,2026-03-30,17:49:00,Sunny,High,3,Buffet,scooter,0,No,1.54,267.66,Cash,Cancelled,Traffic Delay,
ORD101714,PUNRES05DEL08,28,4.0,Pune,2026-03-30,18:20:00,Cloudy,High,3,Snack,scooter,1,No,2.14,242.1,Cash,Delivered,,38.0
ORD104504,BENRES14DEL05,37,4.0,Bengaluru,2026-03-30,18:28:00,Sunny,Low,2,Snack,motorcycle,0,No,7.47,80.0,Cash,Delivered,,33.7
ORD103889,KOLRES44DEL01,30,4.0,Kolkata,2026-03-30,18:45:00,Windy,High,2,Drinks,motorcycle,1,No,4.42,292.14,UPI,Delivered,,40.2
ORD103809,CHERES10DEL05,33,4.6,Chennai,2026-03-30,18:51:00,Fog,Jam,1,Drinks,motorcycle,0,No,3.56,234.28,Wallet,Cancelled,Weather Disruption,
ORD101036,BENRES40DEL01,21,4.2,Bengaluru,2026-03-30,18:52:00,Fog,Medium,3,Snack,motorcycle,1,No,1.73,425.96,UPI,Delivered,,37.6
ORD102317,DELRES44DEL01,21,4.8,Delhi,2026-03-30,19:26:00,Stormy,Medium,1,Drinks,electric_scooter,0,No,1.95,487.96,UPI,Delivered,,27.1
ORD100633,HYDRES40DEL02,28,4.6,Hyderabad,2026-03-30,19:31:00,Sunny,Jam,2,Drinks,motorcycle,0,No,3.71,242.75,Card,Delivered,,43.3
ORD101734,PUNRES43DEL01,24,5.0,Pune,2026-03-30,19:32:00,Cloudy,Medium,2,Buffet,scooter,0,No,2.87,183.06,Cash,Delivered,,29.8
ORD104225,MUMRES01DEL03,32,4.3,Mumbai,2026-03-30,19:48:00,Sandstorms,Medium,1,Drinks,scooter,2,No,1.29,451.79,UPI,Delivered,,36.4
ORD105784,PUNRES10DEL03,27,3.9,Pune,2026-03-30,19:48:00,Cloudy,Medium,3,Drinks,motorcycle,0,No,6.8,235.96,UPI,Delivered,,31.4
ORD103227,CHERES06DEL06,32,3.8,Chennai,2026-03-30,20:05:00,Stormy,Jam,2,Drinks,scooter,1,No,9.95,594.11,Cash,Cancelled,Traffic Delay,
ORD100348,HYDRES16DEL03,27,3.7,Hyderabad,2026-03-30,20:21:00,Sunny,Medium,3,Drinks,motorcycle,3,No,4.65,216.12,UPI,Delivered,,44.6
ORD100095,HYDRES12DEL05,37,4.6,Hyderabad,2026-03-30,20:38:00,Windy,Low,1,Snack,motorcycle,1,No,9.68,257.07,UPI,Delivered,,37.6
ORD104764,BENRES27DEL04,33,4.1,Bengaluru,2026-03-30,20:54:00,Sunny,Medium,1,Meal,motorcycle,0,No,11.96,133.68,Cash,Delivered,,40.7
ORD105923,CHERES21DEL06,40,4.0,Chennai,2026-03-30,20:54:00,Sandstorms,Medium,2,Snack,electric_scooter,0,No,3.34,602.51,UPI,Delivered,,37.5
ORD103438,DELRES14DEL01,30,4.7,Delhi,2026-03-30,20:55:00,Sunny,High,1,Snack,motorcycle,1,No,4.79,355.18,UPI,Delivered,,30.8
ORD102770,BENRES36DEL08,30,4.6,Bengaluru,2026-03-30,20:56:00,Sunny,Low,1,Drinks,motorcycle,0,No,3.86,424.38,UPI,Delivered,,20.5
ORD103371,DELRES18DEL04,20,4.3,Delhi,2026-03-30,21:22:00,Sunny,Jam,0,Drinks,motorcycle,0,No,0.94,612.92,UPI,Delivered,,33.3
ORD100871,BENRES02DEL01,31,4.0,Bengaluru,2026-03-30,21:31:00,Fog,Medium,3,Buffet,motorcycle,1,No,1.03,269.13,UPI,Delivered,,36.4
ORD103645,CHERES33DEL05,33,4.7,Chennai,2026-03-30,21:58:00,Fog,Medium,1,Snack,scooter,0,No,4.85,462.68,Wallet,Delivered,,37.2
ORD105735,CHERES18DEL07,35,4.3,Chennai,2026-03-30,22:29:00,Sunny,Medium,2,Buffet,motorcycle,2,No,1.31,225.94,Card,Delivered,,36.5
ORD100805,CHERES02DEL06,26,4.1,Chennai,2026-03-31,05:13:00,Sunny,Medium,0,Drinks,scooter,1,No,6.57,339.89,UPI,Delivered,,40.3
ORD104435,DELRES28DEL06,28,3.7,Delhi,2026-03-31,05:44:00,Sunny,High,1,Snack,motorcycle,1,No,2.46,80.44,UPI,Delivered,,29.9
ORD103977,BENRES25DEL01,31,3.6,Bengaluru,2026-03-31,06:03:00,Sunny,Jam,2,Meal,scooter,2,No,11.11,329.94,Card,Cancelled,Restaurant Delay,
ORD105008,BENRES01DEL04,28,4.4,Bengaluru,2026-03-31,06:44:00,Sunny,Low,3,Buffet,electric_scooter,0,No,7.7,306.18,Cash,Delivered,,32.5
ORD105364,DELRES07DEL02,22,4.0,Delhi,2026-03-31,07:26:00,Sunny,High,0,Snack,electric_scooter,0,No,5.14,437.3,UPI,Delivered,,43.9
ORD101983,MUMRES31DEL03,37,4.3,Mumbai,2026-03-31,08:01:00,Windy,Medium,3,Snack,motorcycle,0,No,3.6,344.79,UPI,Delivered,,29.6
ORD105688,MUMRES01DEL03,32,4.6,Mumbai,2026-03-31,08:27:00,Stormy,Low,1,Meal,electric_scooter,1,No,1.08,80.33,Card,Delivered,,33.9
ORD104007,BENRES08DEL03,28,4.4,Bengaluru,2026-03-31,08:35:00,Sunny,Medium,0,Snack,motorcycle,0,No,2.9,335.02,UPI,Delivered,,26.8
ORD105893,MUMRES40DEL03,28,3.6,Mumbai,2026-03-31,09:18:00,Fog,High,1,Meal,scooter,0,No,1.55,476.76,UPI,Delivered,,32.7
ORD101190,CHERES21DEL01,37,4.1,Chennai,2026-03-31,09:38:00,Sunny,Low,1,Drinks,electric_scooter,0,No,0.81,335.29,Cash,Delivered,,21.3
ORD102319,BENRES26DEL06,39,4.2,Bengaluru,2026-03-31,10:12:00,Sunny,Jam,1,Snack,scooter,0,No,1.66,334.82,UPI,Delivered,,34.9
ORD100346,MUMRES36DEL05,26,3.9,Mumbai,2026-03-31,10:22:00,Sunny,Low,2,Meal,motorcycle,1,No,3.77,174.72,UPI,Delivered,,25.0
ORD103428,PUNRES12DEL04,34,4.3,Pune,2026-03-31,11:00:00,Windy,High,0,Buffet,scooter,2,No,4.03,348.6,Cash,Delivered,,47.6
ORD105348,MUMRES04DEL01,30,4.6,Mumbai,2026-03-31,11:40:00,Sunny,Medium,2,Buffet,motorcycle,0,No,3.08,266.08,UPI,Delivered,,24.8
ORD105428,HYDRES44DEL04,31,4.9,Hyderabad,2026-03-31,11:53:00,Sandstorms,High,1,Drinks,scooter,3,No,7.33,505.93,Cash,Delivered,,61.8
ORD100742,CHERES05DEL04,30,4.0,Chennai,2026-03-31,12:13:00,Sunny,Medium,2,Snack,motorcycle,0,No,1.16,267.02,UPI,Delivered,,25.9
ORD103056,BENRES15DEL04,21,3.9,Bengaluru,2026-03-31,12:16:00,Stormy,Medium,2,Meal,motorcycle,1,No,12.57,210.0,Cash,Delivered,,59.3
ORD101320,BENRES15DEL01,36,4.3,Bengaluru,2026-03-31,12:38:00,Cloudy,Medium,1,Meal,motorcycle,0,No,2.25,176.63,UPI,Delivered,,21.9
ORD105720,CHERES15DEL03,35,4.7,Chennai,2026-03-31,12:50:00,Sunny,Low,3,Meal,motorcycle,0,No,4.83,423.86,UPI,Delivered,,25.0
ORD104544,BENRES41DEL02,31,4.6,Bengaluru,2026-03-31,12:53:00,Sunny,Jam,2,Snack,motorcycle,1,No,7.28,288.1,Cash,Delivered,,47.8
ORD105180,HYDRES18DEL07,21,3.9,Hyderabad,2026-03-31,13:06:00,Stormy,Medium,3,Meal,electric_scooter,0,No,4.0,167.45,UPI,Delivered,,36.8
ORD100210,BENRES43DEL04,38,4.3,Bengaluru,2026-03-31,13:17:00,Sunny,Medium,1,Snack,scooter,0,No,1.02,447.18,Card,Delivered,,20.8
ORD100908,BENRES01DEL05,36,5.0,Bengaluru,2026-03-31,13:21:00,Sandstorms,Low,3,Snack,scooter,1,No,2.45,293.79,Wallet,Delivered,,35.5
ORD104174,CHERES42DEL01,36,4.3,Chennai,2026-03-31,13:42:00,Stormy,High,0,Snack,electric_scooter,0,No,9.33,421.56,Cash,Delivered,,50.9
ORD102518,MUMRES11DEL01,35,4.5,Mumbai,2026-03-31,13:48:00,Sunny,High,3,Snack,motorcycle,1,No,8.57,306.1,Cash,Delivered,,44.9
ORD100645,BENRES26DEL03,35,4.4,Bengaluru,2026-03-31,14:15:00,Sunny,High,1,Snack,motorcycle,2,No,1.29,145.73,Cash,Delivered,,35.4
ORD100885,HYDRES38DEL01,20,4.7,Hyderabad,2026-03-31,14:29:00,Sunny,Medium,0,Snack,motorcycle,0,No,4.95,412.55,Cash,Delivered,,31.7
ORD104014,MUMRES08DEL02,25,4.3,Mumbai,2026-03-31,15:36:00,Stormy,High,1,Buffet,motorcycle,0,No,25.0,124.5,Card,Delivered,,80.5
ORD105866,DELRES05DEL06,34,4.1,Delhi,2026-03-31,16:13:00,Windy,Medium,3,Snack,scooter,0,No,6.81,150.88,Card,Delivered,,33.2
ORD103122,HYDRES18DEL05,34,4.5,Hyderabad,2026-03-31,16:36:00,Sunny,High,0,Snack,motorcycle,0,No,5.26,118.61,Cash,Delivered,,35.3
ORD100056,BENRES07DEL01,30,4.3,Bengaluru,2026-03-31,16:50:00,Sunny,Jam,1,Meal,scooter,0,No,7.85,365.36,UPI,Cancelled,Restaurant Delay,
ORD105425,MUMRES14DEL03,29,5.0,Mumbai,2026-03-31,16:57:00,Windy,High,1,Buffet,bicycle,0,No,20.42,550.34,UPI,Cancelled,Customer Cancelled,
ORD105670,PUNRES31DEL04,38,5.0,Pune,2026-03-31,17:18:00,Cloudy,Jam,2,Snack,motorcycle,0,No,9.36,289.29,Cash,Delivered,,46.1
ORD103066,MUMRES31DEL05,21,4.7,Mumbai,2026-03-31,17:35:00,Stormy,Low,0,Meal,motorcycle,0,No,3.59,462.27,Wallet,Delivered,,39.4
ORD104271,HYDRES17DEL07,20,3.7,Hyderabad,2026-03-31,17:45:00,Stormy,Low,3,Drinks,scooter,0,No,13.91,218.28,Cash,Delivered,,55.9
ORD104852,DELRES06DEL01,33,4.0,Delhi,2026-03-31,18:10:00,Cloudy,High,2,Meal,bicycle,0,No,2.66,207.33,Cash,Cancelled,Customer Cancelled,
ORD103389,PUNRES06DEL02,35,4.9,Pune,2026-03-31,18:16:00,Fog,Medium,3,Snack,motorcycle,2,No,1.38,267.69,UPI,Cancelled,Weather Disruption,
ORD102847,BENRES05DEL06,27,4.4,Bengaluru,2026-03-31,18:37:00,Sandstorms,Jam,0,Meal,motorcycle,0,No,1.65,170.8,Cash,Delivered,,42.3
ORD100734,CHERES15DEL01,25,4.7,Chennai,2026-03-31,19:05:00,Cloudy,Medium,3,Meal,motorcycle,1,No,15.94,200.84,UPI,Delivered,,54.3
ORD101127,DELRES32DEL08,28,4.0,Delhi,2026-03-31,19:07:00,Cloudy,Medium,3,Meal,motorcycle,3,No,4.54,260.69,Wallet,Delivered,,44.8
ORD104888,MUMRES13DEL06,29,4.5,Mumbai,2026-03-31,19:17:00,Stormy,Low,1,Drinks,motorcycle,0,No,12.34,144.47,UPI,Delivered,,51.3
ORD102751,PUNRES30DEL05,30,4.2,Pune,2026-03-31,19:19:00,Cloudy,Low,1,Meal,motorcycle,0,No,17.52,94.35,UPI,Delivered,,47.6
ORD102853,CHERES08DEL03,30,4.4,Chennai,2026-03-31,19:32:00,Windy,Medium,0,Meal,electric_scooter,0,No,11.75,499.27,Card,Delivered,,36.2
ORD104275,CHERES19DEL03,35,3.9,Chennai,2026-03-31,19:36:00,Stormy,Medium,1,Meal,scooter,0,No,5.69,355.4,UPI,Delivered,,39.0
ORD102614,BENRES26DEL02,23,4.1,Bengaluru,2026-03-31,19:49:00,Sunny,High,1,Snack,scooter,0,No,1.39,444.08,UPI,Delivered,,26.0
ORD100943,PUNRES12DEL03,26,4.1,Pune,2026-03-31,20:31:00,Stormy,Jam,0,Drinks,motorcycle,0,No,3.36,210.11,Cash,Cancelled,Restaurant Delay,
ORD100217,HYDRES20DEL01,26,4.9,Hyderabad,2026-03-31,20:47:00,Windy,Jam,3,Meal,scooter,0,No,2.25,406.95,Cash,Delivered,,38.8
ORD102109,PUNRES39DEL01,28,4.5,Pune,2026-03-31,20:59:00,Cloudy,High,2,Snack,electric_scooter,2,No,16.44,504.01,Cash,Delivered,,61.4
ORD102285,PUNRES32DEL05,31,4.7,Pune,2026-03-31,21:00:00,Fog,Medium,1,Snack,motorcycle,0,No,12.5,197.85,UPI,Delivered,,50.6
ORD101946,KOLRES19DEL05,27,3.8,Kolkata,2026-03-31,21:09:00,Windy,High,2,Drinks,scooter,0,No,6.44,139.01,UPI,Cancelled,Customer Cancelled,
ORD101566,HYDRES16DEL08,26,4.5,Hyderabad,2026-03-31,21:19:00,Stormy,Low,2,Drinks,scooter,0,No,0.82,315.39,Cash,Delivered,,27.7
ORD105016,PUNRES19DEL08,22,4.1,Pune,2026-03-31,21:26:00,Cloudy,High,1,Buffet,electric_scooter,1,No,8.09,194.79,UPI,Delivered,,49.4
ORD103074,MUMRES10DEL07,26,4.5,Mumbai,2026-03-31,21:33:00,Sunny,Medium,1,Snack,scooter,0,No,6.95,228.04,UPI,Delivered,,36.5
ORD100369,DELRES40DEL08,34,3.7,Delhi,2026-03-31,21:59:00,Sandstorms,Medium,1,Snack,scooter,0,No,10.43,301.2,UPI,Delivered,,47.1
ORD103724,MUMRES28DEL07,30,4.4,Mumbai,2026-03-31,22:00:00,Sunny,High,3,Snack,motorcycle,0,No,6.32,243.66,UPI,Delivered,,38.9
ORD102713,BENRES40DEL08,21,4.7,Bengaluru,2026-03-31,22:05:00,Sunny,High,1,Snack,motorcycle,1,No,10.66,291.04,Card,Delivered,,47.1
ORD101540,MUMRES24DEL05,29,4.0,Mumbai,2026-03-31,22:13:00,Stormy,Medium,3,Drinks,scooter,2,No,8.36,80.0,Wallet,Delivered,,53.6
ORD102144,BENRES13DEL07,18,3.8,Bengaluru,2026-03-31,22:57:00,Stormy,Jam,0,Drinks,motorcycle,1,No,1.67,418.41,UPI,Delivered,,52.0
ORD103826,BENRES42DEL01,21,4.7,Bengaluru,2026-03-31,23:04:00,Sunny,Low,0,Drinks,scooter,0,No,14.77,312.03,UPI,Delivered,,43.8
ORD101448,BENRES32DEL04,28,5.0,Bengaluru,2026-03-31,23:06:00,Stormy,Low,3,Meal,motorcycle,0,No,2.85,274.32,Card,Cancelled,Traffic Delay,
ORD105298,DELRES35DEL01,28,4.2,Delhi,2026-04-01,06:04:00,Cloudy,Medium,0,Drinks,motorcycle,1,No,3.45,338.44,Wallet,Delivered,,33.6
ORD104651,MUMRES09DEL08,27,4.2,Mumbai,2026-04-01,09:58:00,Sunny,Medium,0,Meal,scooter,0,No,4.22,304.99,UPI,Delivered,,32.6
ORD105763,HYDRES25DEL08,25,3.8,Hyderabad,2026-04-01,10:02:00,Sandstorms,Medium,1,Meal,scooter,0,No,4.07,234.45,Wallet,Delivered,,38.6
ORD104968,DELRES29DEL01,22,4.6,Delhi,2026-04-01,11:14:00,Sandstorms,Low,3,Drinks,scooter,0,No,4.71,266.03,UPI,Delivered,,35.4
ORD103595,CHERES29DEL08,26,4.7,Chennai,2026-04-01,11:57:00,Cloudy,Medium,3,Drinks,motorcycle,0,No,2.86,270.66,UPI,Delivered,,28.0
ORD105193,MUMRES06DEL02,31,4.3,Mumbai,2026-04-01,12:09:00,Stormy,Medium,2,Buffet,bicycle,0,No,9.42,257.68,UPI,Delivered,,49.0
ORD105239,MUMRES13DEL08,28,4.0,Mumbai,2026-04-01,12:27:00,Sunny,Low,1,Meal,scooter,0,No,5.81,681.27,Cash,Delivered,,23.3
ORD102327,BENRES36DEL05,27,4.0,Bengaluru,2026-04-01,12:41:00,Sandstorms,Low,0,Meal,motorcycle,0,No,12.1,326.39,UPI,Delivered,,47.2
ORD100384,BENRES12DEL08,34,4.0,Bengaluru,2026-04-01,12:53:00,Sandstorms,High,2,Snack,motorcycle,3,No,3.27,180.58,Cash,Cancelled,Customer Cancelled,
ORD102677,PUNRES21DEL06,38,4.1,Pune,2026-04-01,13:18:00,Stormy,Jam,0,Snack,scooter,0,No,9.02,349.74,UPI,Delivered,,62.1
ORD105884,KOLRES30DEL08,19,4.3,Kolkata,2026-04-01,13:32:00,Sandstorms,Low,3,Meal,scooter,0,No,0.83,241.62,UPI,Delivered,,24.6
ORD104003,HYDRES09DEL04,25,4.4,Hyderabad,2026-04-01,13:39:00,Sandstorms,Medium,0,Buffet,electric_scooter,1,No,1.67,428.95,UPI,Delivered,,29.9
ORD101085,BENRES40DEL08,23,3.8,Bengaluru,2026-04-01,14:42:00,Fog,Medium,0,Drinks,scooter,1,No,1.99,442.12,Cash,Cancelled,Delivery Partner Unavailable,
ORD105932,BENRES13DEL03,37,4.1,Bengaluru,2026-04-01,15:04:00,Sunny,Low,2,Drinks,motorcycle,1,No,7.72,578.98,UPI,Delivered,,32.3
ORD101759,PUNRES21DEL06,34,4.2,Pune,2026-04-01,15:53:00,Cloudy,High,2,Snack,motorcycle,0,No,10.11,250.62,UPI,Delivered,,41.0
ORD104785,BENRES43DEL04,38,5.0,Bengaluru,2026-04-01,18:05:00,Sunny,High,1,Buffet,electric_scooter,2,No,3.22,382.41,UPI,Delivered,,39.4
ORD105337,CHERES34DEL07,22,4.7,Chennai,2026-04-01,18:08:00,Sunny,Medium,3,Buffet,motorcycle,0,No,1.69,352.26,UPI,Delivered,,25.6
ORD104607,HYDRES01DEL02,28,4.2,Hyderabad,2026-04-01,18:29:00,Sunny,Low,1,Meal,motorcycle,0,No,4.01,316.88,Cash,Delivered,,28.5
ORD100475,MUMRES39DEL06,26,3.8,Mumbai,2026-04-01,18:31:00,Sunny,Medium,2,Drinks,motorcycle,0,No,5.47,694.1,UPI,Delivered,,27.5
ORD100404,PUNRES03DEL03,26,4.3,Pune,2026-04-01,18:38:00,Sunny,Jam,0,Drinks,scooter,1,No,10.34,284.91,Cash,Delivered,,56.9
ORD100933,BENRES43DEL08,24,4.2,Bengaluru,2026-04-01,18:38:00,Windy,Medium,0,Buffet,motorcycle,1,No,5.41,524.95,UPI,Delivered,,35.6
ORD105053,CHERES31DEL03,25,4.9,Chennai,2026-04-01,18:53:00,Cloudy,High,2,Snack,scooter,0,No,7.19,264.57,Card,Delivered,,38.8
ORD100953,CHERES15DEL03,27,4.4,Chennai,2026-04-01,19:07:00,Stormy,High,2,Buffet,motorcycle,0,No,5.96,279.48,UPI,Cancelled,Delivery Partner Unavailable,
ORD104415,CHERES36DEL08,38,4.6,Chennai,2026-04-01,19:41:00,Sunny,High,1,Snack,scooter,1,No,9.5,276.29,UPI,Delivered,,38.9
ORD101864,DELRES34DEL01,27,4.7,Delhi,2026-04-01,19:54:00,Cloudy,Low,3,Drinks,motorcycle,0,No,3.06,115.7,UPI,Delivered,,29.0
ORD103207,HYDRES23DEL01,24,4.6,Hyderabad,2026-04-01,20:18:00,Cloudy,Low,3,Snack,motorcycle,1,No,3.14,226.82,UPI,Delivered,,25.9
ORD102702,PUNRES24DEL06,23,4.7,Pune,2026-04-01,20:34:00,Sunny,Jam,2,Buffet,bicycle,0,No,3.32,246.82,UPI,Cancelled,Weather Disruption,
ORD105064,MUMRES19DEL06,33,4.1,Mumbai,2026-04-01,20:52:00,Sunny,High,0,Drinks,motorcycle,0,No,3.65,475.49,UPI,Delivered,,41.4
ORD103272,BENRES10DEL04,30,4.8,Bengaluru,2026-04-01,20:56:00,Fog,Medium,3,Meal,scooter,0,No,5.59,339.77,Cash,Delivered,,39.4
ORD103734,BENRES37DEL03,21,4.8,Bengaluru,2026-04-01,21:24:00,Cloudy,Medium,3,Snack,motorcycle,0,No,2.23,151.58,UPI,Delivered,,31.3
ORD101230,KOLRES29DEL07,35,4.8,Kolkata,2026-04-01,21:53:00,Cloudy,High,3,Buffet,scooter,2,No,2.49,223.6,Cash,Delivered,,43.4
ORD102914,DELRES44DEL07,34,4.3,Delhi,2026-04-01,21:55:00,Sunny,High,1,Drinks,bicycle,0,No,1.61,251.53,Cash,Delivered,,29.0
ORD102032,DELRES35DEL06,30,3.9,Delhi,2026-04-01,22:07:00,Cloudy,High,0,Buffet,scooter,2,No,9.57,325.97,Card,Cancelled,Customer Cancelled,
ORD100889,DELRES40DEL06,32,3.7,Delhi,2026-04-01,22:28:00,Sunny,Jam,2,Drinks,scooter,1,No,2.91,211.57,Cash,Delivered,,45.7
ORD102399,DELRES29DEL06,31,4.6,Delhi,2026-04-01,22:33:00,Cloudy,Medium,2,Snack,electric_scooter,1,No,1.31,478.79,UPI,Delivered,,23.4
ORD103533,PUNRES03DEL05,26,4.6,Pune,2026-04-01,22:42:00,Sunny,Low,3,Meal,motorcycle,1,No,3.43,158.57,UPI,Delivered,,20.4
ORD104534,MUMRES43DEL08,31,4.3,Mumbai,2026-04-01,23:33:00,Sandstorms,Medium,1,Drinks,scooter,0,No,1.48,473.74,Wallet,Delivered,,34.5
ORD101070,CHERES11DEL07,33,4.1,Chennai,2026-04-02,04:59:00,Windy,Low,1,Meal,motorcycle,0,No,0.86,80.0,Card,Delivered,,17.4
ORD101957,DELRES14DEL01,30,4.9,Delhi,2026-04-02,09:04:00,Cloudy,High,2,Meal,scooter,0,No,8.43,376.06,Cash,Delivered,,41.7
ORD102484,PUNRES30DEL01,25,4.6,Pune,2026-04-02,09:52:00,Fog,Medium,2,Drinks,electric_scooter,0,No,12.67,226.18,Wallet,Delivered,,48.1
ORD105074,DELRES30DEL07,27,4.6,Delhi,2026-04-02,10:23:00,Windy,Low,0,Snack,electric_scooter,1,No,1.56,193.68,UPI,Delivered,,28.0
ORD100948,MUMRES28DEL06,21,4.9,Mumbai,2026-04-02,10:41:00,Cloudy,Low,1,Drinks,electric_scooter,0,No,1.0,115.0,UPI,Delivered,,24.4
ORD104676,KOLRES15DEL01,18,4.3,Kolkata,2026-04-02,10:50:00,Stormy,High,0,Meal,motorcycle,0,No,12.47,185.59,Cash,Delivered,,58.3
ORD100594,CHERES42DEL03,35,4.7,Chennai,2026-04-02,11:06:00,Stormy,Medium,0,Buffet,motorcycle,0,No,8.39,803.69,UPI,Delivered,,45.4
ORD100345,CHERES37DEL06,28,5.0,Chennai,2026-04-02,11:30:00,Windy,High,3,Buffet,motorcycle,0,No,2.9,484.08,UPI,Cancelled,Traffic Delay,
ORD100109,MUMRES38DEL02,37,4.1,Mumbai,2026-04-02,11:31:00,Cloudy,Medium,2,Meal,scooter,0,No,2.35,141.65,UPI,Delivered,,22.8
ORD105651,KOLRES35DEL05,24,5.0,Kolkata,2026-04-02,11:35:00,Fog,Medium,3,Drinks,electric_scooter,0,No,0.85,334.59,Cash,Delivered,,25.4
ORD104588,CHERES23DEL04,42,4.2,Chennai,2026-04-02,11:43:00,Sunny,Low,3,Meal,electric_scooter,1,No,3.8,315.54,UPI,Delivered,,28.3
ORD103387,DELRES39DEL02,28,4.6,Delhi,2026-04-02,11:54:00,Cloudy,Jam,0,Drinks,motorcycle,0,No,7.91,381.22,Wallet,Delivered,,53.0
ORD101469,BENRES02DEL08,24,4.6,Bengaluru,2026-04-02,12:14:00,Cloudy,Medium,3,Buffet,motorcycle,0,No,0.92,371.99,Cash,Delivered,,26.6
ORD100567,BENRES27DEL04,18,4.1,Bengaluru,2026-04-02,12:21:00,Windy,Low,2,Meal,bicycle,1,No,1.32,252.81,UPI,Delivered,,30.5
ORD104330,HYDRES27DEL02,25,4.9,Hyderabad,2026-04-02,12:28:00,Sunny,Medium,1,Snack,electric_scooter,0,No,1.79,269.84,UPI,Delivered,,20.3
ORD102717,MUMRES14DEL08,33,3.4,Mumbai,2026-04-02,12:47:00,Sunny,Low,2,Buffet,motorcycle,1,No,8.62,210.09,Card,Delivered,,31.4
ORD100622,CHERES02DEL08,18,4.3,Chennai,2026-04-02,12:52:00,Windy,Medium,1,Meal,motorcycle,0,No,4.09,160.11,Cash,Delivered,,27.0
ORD100108,CHERES20DEL08,33,4.8,Chennai,2026-04-02,12:56:00,Sandstorms,Jam,2,Meal,scooter,0,No,9.44,575.91,Card,Delivered,,60.7
ORD103290,BENRES04DEL08,31,4.6,Bengaluru,2026-04-02,13:00:00,Sunny,Medium,1,Meal,motorcycle,0,No,19.17,116.55,UPI,Delivered,,57.2
ORD100123,BENRES04DEL03,21,4.4,Bengaluru,2026-04-02,13:19:00,Sunny,Low,1,Snack,motorcycle,0,No,4.87,350.54,UPI,Delivered,,29.4
ORD101232,DELRES27DEL05,25,4.3,Delhi,2026-04-02,13:29:00,Cloudy,Jam,3,Meal,scooter,1,No,1.63,300.08,UPI,Cancelled,Traffic Delay,
ORD103506,KOLRES01DEL08,24,4.7,Kolkata,2026-04-02,13:31:00,Sunny,Low,1,Buffet,motorcycle,0,No,2.69,302.82,Cash,Delivered,,19.5
ORD101325,CHERES32DEL05,31,4.0,Chennai,2026-04-02,13:37:00,Sandstorms,Low,1,Snack,scooter,0,No,6.12,377.11,Cash,Delivered,,38.5
ORD103222,HYDRES38DEL01,37,4.1,Hyderabad,2026-04-02,13:50:00,Sunny,Medium,3,Meal,motorcycle,0,No,25.0,257.46,Cash,Delivered,,57.3
ORD104011,BENRES33DEL06,24,4.5,Bengaluru,2026-04-02,14:36:00,Windy,High,1,Drinks,motorcycle,1,No,3.15,391.62,UPI,Delivered,,38.9
ORD101037,DELRES09DEL05,28,4.1,Delhi,2026-04-02,14:43:00,Sunny,Low,1,Snack,motorcycle,0,No,1.25,205.84,Card,Delivered,,16.6
ORD102284,MUMRES31DEL05,18,4.2,Mumbai,2026-04-02,14:47:00,Fog,High,1,Snack,electric_scooter,2,No,3.56,388.07,Cash,Delivered,,49.5
ORD101442,DELRES25DEL01,19,4.6,Delhi,2026-04-02,16:52:00,Cloudy,Low,3,Drinks,electric_scooter,1,No,10.95,220.54,UPI,Delivered,,45.4
ORD103840,CHERES12DEL03,34,4.9,Chennai,2026-04-02,17:11:00,Fog,High,2,Meal,electric_scooter,0,No,7.74,136.76,UPI,Delivered,,51.5
ORD103941,CHERES34DEL03,33,4.2,Chennai,2026-04-02,17:22:00,Fog,Low,0,Snack,motorcycle,0,No,9.28,460.48,Wallet,Delivered,,39.0
ORD101005,HYDRES04DEL02,34,4.4,Hyderabad,2026-04-02,17:36:00,Sunny,Medium,2,Meal,bicycle,1,No,1.83,134.26,Card,Delivered,,29.1
ORD101486,HYDRES07DEL07,33,4.7,Hyderabad,2026-04-02,17:55:00,Sunny,Jam,0,Meal,motorcycle,1,No,9.03,273.06,Wallet,Delivered,,56.0
ORD103484,BENRES23DEL04,24,4.6,Bengaluru,2026-04-02,17:59:00,Fog,High,0,Snack,motorcycle,0,No,1.51,267.06,Card,Delivered,,41.7
ORD101091,BENRES40DEL02,40,4.6,Bengaluru,2026-04-02,18:24:00,Cloudy,Medium,0,Drinks,electric_scooter,0,No,4.69,295.18,Card,Delivered,,32.4
ORD100827,CHERES15DEL07,38,4.5,Chennai,2026-04-02,18:48:00,Cloudy,Low,1,Snack,scooter,0,No,10.11,422.48,Card,Delivered,,37.7
ORD104522,DELRES04DEL02,19,4.0,Delhi,2026-04-02,19:07:00,Sunny,High,0,Drinks,motorcycle,2,No,4.47,254.13,UPI,Delivered,,48.3
ORD105112,HYDRES19DEL07,25,3.7,Hyderabad,2026-04-02,19:07:00,Cloudy,Low,0,Drinks,motorcycle,0,No,3.55,105.05,UPI,Delivered,,23.7
ORD100135,KOLRES39DEL06,29,4.8,Kolkata,2026-04-02,19:12:00,Sunny,Low,2,Meal,motorcycle,0,No,6.29,753.11,Cash,Delivered,,29.6
ORD101575,BENRES37DEL08,35,4.3,Bengaluru,2026-04-02,19:13:00,Cloudy,High,0,Meal,motorcycle,0,No,3.89,181.0,Card,Delivered,,26.5
ORD102366,BENRES25DEL05,34,4.5,Bengaluru,2026-04-02,19:24:00,Sunny,High,2,Snack,scooter,1,No,11.24,401.53,Cash,Delivered,,56.4
ORD100386,HYDRES03DEL04,26,4.7,Hyderabad,2026-04-02,19:36:00,Sunny,Low,1,Meal,motorcycle,0,No,6.76,302.95,Wallet,Delivered,,29.3
ORD101802,BENRES34DEL04,31,3.9,Bengaluru,2026-04-02,19:39:00,Sunny,Medium,0,Drinks,scooter,0,No,2.6,327.41,UPI,Delivered,,29.1
ORD101863,MUMRES27DEL05,26,4.0,Mumbai,2026-04-02,20:16:00,Sunny,Medium,2,Drinks,scooter,3,No,5.2,199.74,Card,Delivered,,44.3
ORD100748,BENRES39DEL06,28,4.3,Bengaluru,2026-04-02,20:26:00,Sunny,Jam,3,Buffet,motorcycle,1,No,4.24,341.7,UPI,Cancelled,Restaurant Delay,
ORD104206,BENRES38DEL06,20,4.3,Bengaluru,2026-04-02,20:30:00,Stormy,Low,0,Snack,scooter,1,No,4.57,552.79,UPI,Delivered,,42.4
ORD103492,DELRES41DEL08,29,4.4,Delhi,2026-04-02,20:34:00,Fog,Medium,3,Snack,motorcycle,3,No,4.77,284.49,UPI,Cancelled,Traffic Delay,
ORD102114,KOLRES09DEL07,18,4.4,Kolkata,2026-04-02,20:40:00,Stormy,Medium,3,Snack,bicycle,1,No,4.31,407.98,UPI,Cancelled,Traffic Delay,
ORD101726,BENRES44DEL04,34,4.8,Bengaluru,2026-04-02,20:50:00,Sandstorms,Medium,3,Snack,electric_scooter,0,No,2.65,159.7,Cash,Cancelled,Delivery Partner Unavailable,
ORD102612,BENRES44DEL02,29,4.4,Bengaluru,2026-04-02,20:51:00,Stormy,Medium,3,Drinks,electric_scooter,3,No,6.55,550.17,UPI,Delivered,,61.4
ORD105838,DELRES38DEL06,32,4.4,Delhi,2026-04-02,21:11:00,Cloudy,Low,3,Buffet,electric_scooter,1,No,6.91,383.1,Wallet,Delivered,,33.2
ORD101083,HYDRES15DEL02,32,4.3,Hyderabad,2026-04-02,21:24:00,Cloudy,High,2,Snack,motorcycle,1,No,1.29,585.42,Cash,Delivered,,40.8
ORD102942,PUNRES41DEL05,18,4.6,Pune,2026-04-02,21:38:00,Sunny,Medium,2,Snack,scooter,0,No,8.45,613.87,Card,Delivered,,37.4
ORD101380,BENRES33DEL01,32,4.1,Bengaluru,2026-04-02,22:43:00,Cloudy,High,2,Drinks,scooter,0,No,10.09,435.22,UPI,Cancelled,Delivery Partner Unavailable,
ORD100999,CHERES05DEL08,29,4.6,Chennai,2026-04-02,22:49:00,Sandstorms,Low,3,Meal,motorcycle,2,No,1.84,360.83,Cash,Delivered,,43.0
ORD104568,MUMRES30DEL02,32,4.2,Mumbai,2026-04-02,22:53:00,Cloudy,Low,2,Drinks,motorcycle,1,No,4.49,417.56,Cash,Delivered,,26.0
ORD103233,PUNRES19DEL01,34,3.8,Pune,2026-04-03,00:16:00,Stormy,Low,1,Buffet,scooter,1,No,1.94,153.45,UPI,Delivered,,35.3
ORD105098,HYDRES03DEL07,35,5.0,Hyderabad,2026-04-03,00:53:00,Sunny,Medium,3,Buffet,motorcycle,0,No,6.66,204.12,UPI,Delivered,,32.2
ORD104633,KOLRES34DEL02,28,4.1,Kolkata,2026-04-03,06:53:00,Sunny,High,1,Drinks,motorcycle,0,No,4.39,291.46,Cash,Delivered,,38.1
ORD105794,BENRES41DEL04,22,4.4,Bengaluru,2026-04-03,08:06:00,Sandstorms,High,0,Snack,bicycle,0,No,7.2,279.38,Card,Delivered,,42.7
ORD100672,KOLRES38DEL02,35,4.6,Kolkata,2026-04-03,08:58:00,Cloudy,Low,1,Buffet,motorcycle,1,No,4.15,248.61,Wallet,Delivered,,28.4
ORD100385,BENRES44DEL01,30,4.8,Bengaluru,2026-04-03,09:10:00,Windy,Low,3,Drinks,motorcycle,0,No,20.74,290.5,UPI,Delivered,,56.0
ORD100455,BENRES26DEL01,27,4.9,Bengaluru,2026-04-03,10:51:00,Windy,Medium,1,Drinks,motorcycle,2,No,0.99,188.22,Cash,Delivered,,28.7
ORD101368,BENRES14DEL01,19,4.3,Bengaluru,2026-04-03,11:11:00,Sunny,Medium,1,Buffet,scooter,0,No,2.38,147.54,Cash,Delivered,,24.7
ORD104326,HYDRES18DEL08,18,4.4,Hyderabad,2026-04-03,11:16:00,Sunny,High,3,Drinks,motorcycle,1,No,8.2,446.94,UPI,Delivered,,47.3
ORD105799,MUMRES27DEL01,25,4.3,Mumbai,2026-04-03,11:54:00,Sunny,Medium,3,Buffet,scooter,3,No,12.57,112.08,Card,Delivered,,56.4
ORD101648,DELRES06DEL05,28,3.8,Delhi,2026-04-03,11:56:00,Sandstorms,Medium,3,Meal,electric_scooter,2,No,8.37,266.64,UPI,Delivered,,45.8
ORD100270,CHERES44DEL02,20,4.4,Chennai,2026-04-03,12:34:00,Sunny,Medium,2,Meal,motorcycle,0,No,1.09,401.88,UPI,Delivered,,17.3
ORD102026,BENRES34DEL04,31,3.7,Bengaluru,2026-04-03,12:39:00,Cloudy,Medium,2,Meal,scooter,3,No,0.86,126.89,Card,Delivered,,35.7
ORD100888,DELRES14DEL02,30,4.6,Delhi,2026-04-03,12:41:00,Cloudy,High,0,Drinks,motorcycle,0,No,4.94,340.24,UPI,Delivered,,35.5
ORD104283,DELRES25DEL01,32,4.2,Delhi,2026-04-03,13:08:00,Windy,High,1,Snack,motorcycle,1,No,2.89,204.6,Cash,Delivered,,33.1
ORD102142,PUNRES40DEL08,23,4.4,Pune,2026-04-03,13:27:00,Cloudy,High,0,Buffet,motorcycle,1,No,2.17,552.78,Cash,Delivered,,37.4
ORD101948,DELRES40DEL08,24,4.3,Delhi,2026-04-03,13:31:00,Sunny,Low,1,Snack,motorcycle,0,No,5.82,190.21,Cash,Delivered,,18.2
ORD103410,DELRES08DEL03,27,4.2,Delhi,2026-04-03,13:33:00,Sunny,High,1,Drinks,electric_scooter,0,No,2.83,294.31,UPI,Delivered,,30.9
ORD101814,DELRES33DEL05,34,4.5,Delhi,2026-04-03,13:49:00,Sandstorms,High,0,Buffet,motorcycle,1,No,2.34,223.92,UPI,Cancelled,Restaurant Delay,
ORD100450,BENRES06DEL07,38,4.5,Bengaluru,2026-04-03,14:54:00,Cloudy,High,3,Buffet,motorcycle,0,No,14.56,264.56,UPI,Delivered,,49.9
ORD100006,BENRES28DEL07,25,3.9,Bengaluru,2026-04-03,15:18:00,Stormy,Medium,0,Drinks,motorcycle,1,No,7.74,585.63,Cash,Cancelled,Restaurant Delay,
ORD104794,MUMRES39DEL04,26,4.5,Mumbai,2026-04-03,16:58:00,Sandstorms,Low,1,Snack,electric_scooter,1,No,3.48,329.29,UPI,Delivered,,28.6
ORD101069,MUMRES17DEL06,36,4.8,Mumbai,2026-04-03,17:03:00,Sunny,High,1,Meal,bicycle,1,No,2.1,151.6,UPI,Delivered,,33.1
ORD100191,BENRES22DEL02,35,4.6,Bengaluru,2026-04-03,17:14:00,Sunny,Medium,2,Meal,motorcycle,1,No,5.92,546.77,UPI,Delivered,,29.5
ORD105989,BENRES27DEL08,25,4.1,Bengaluru,2026-04-03,17:21:00,Sunny,Low,0,Meal,motorcycle,0,No,1.12,501.74,UPI,Delivered,,22.1
ORD105050,DELRES21DEL04,30,4.5,Delhi,2026-04-03,17:23:00,Stormy,High,3,Buffet,motorcycle,1,No,18.3,252.59,UPI,Delivered,,64.2
ORD101601,HYDRES05DEL04,31,4.1,Hyderabad,2026-04-03,17:58:00,Fog,Medium,2,Snack,motorcycle,0,No,4.16,461.59,Card,Delivered,,43.3
ORD105254,CHERES34DEL08,28,4.5,Chennai,2026-04-03,18:04:00,Sunny,Medium,1,Meal,motorcycle,0,No,4.23,337.83,Cash,Delivered,,32.3
ORD104980,DELRES02DEL03,26,4.7,Delhi,2026-04-03,18:05:00,Sunny,High,2,Snack,motorcycle,1,No,4.44,539.27,UPI,Delivered,,35.6
ORD104983,DELRES28DEL07,18,3.7,Delhi,2026-04-03,18:11:00,Cloudy,High,2,Snack,motorcycle,1,No,12.94,552.81,Card,Delivered,,55.5
ORD104498,MUMRES03DEL01,31,4.7,Mumbai,2026-04-03,18:20:00,Sunny,Medium,1,Meal,scooter,1,No,3.25,220.22,Card,Delivered,,38.4
ORD100861,MUMRES10DEL06,31,4.6,Mumbai,2026-04-03,18:21:00,Stormy,Jam,3,Drinks,motorcycle,0,No,3.92,499.04,Card,Cancelled,Delivery Partner Unavailable,
ORD100945,BENRES14DEL04,28,3.8,Bengaluru,2026-04-03,18:37:00,Sandstorms,High,1,Drinks,scooter,0,No,3.25,643.65,Cash,Delivered,,38.1
ORD103569,BENRES16DEL04,25,4.1,Bengaluru,2026-04-03,18:41:00,Cloudy,Low,1,Meal,motorcycle,0,No,10.07,108.62,UPI,Delivered,,36.5
ORD103172,PUNRES39DEL05,32,4.6,Pune,2026-04-03,18:44:00,Sunny,Medium,2,Meal,motorcycle,0,No,2.88,245.39,UPI,Delivered,,22.7
ORD104818,BENRES37DEL06,34,4.4,Bengaluru,2026-04-03,18:47:00,Sunny,Medium,2,Snack,motorcycle,0,No,2.84,254.59,UPI,Delivered,,22.8
ORD104562,BENRES33DEL06,26,3.9,Bengaluru,2026-04-03,18:54:00,Windy,Jam,3,Buffet,motorcycle,0,No,0.83,230.77,Wallet,Delivered,,40.1
ORD102602,BENRES44DEL01,30,4.3,Bengaluru,2026-04-03,19:26:00,Fog,Low,1,Drinks,electric_scooter,0,No,2.84,472.98,UPI,Delivered,,23.1
ORD104268,BENRES12DEL08,18,3.9,Bengaluru,2026-04-03,19:32:00,Windy,Medium,2,Snack,motorcycle,0,No,1.51,790.07,UPI,Delivered,,27.1
ORD100846,CHERES35DEL01,23,3.7,Chennai,2026-04-03,19:39:00,Sandstorms,Low,1,Drinks,electric_scooter,2,No,6.33,428.77,UPI,Delivered,,49.4
ORD103804,MUMRES36DEL08,26,4.8,Mumbai,2026-04-03,19:39:00,Sunny,High,3,Buffet,electric_scooter,2,No,20.03,794.38,Cash,Delivered,,68.9
ORD104735,MUMRES37DEL01,26,4.0,Mumbai,2026-04-03,19:45:00,Sunny,Medium,2,Meal,motorcycle,2,No,1.91,266.78,UPI,Delivered,,30.7
ORD104590,DELRES03DEL06,19,4.4,Delhi,2026-04-03,19:51:00,Windy,Low,3,Buffet,scooter,0,No,2.27,292.9,UPI,Delivered,,30.1
ORD104769,KOLRES24DEL01,27,4.7,Kolkata,2026-04-03,20:07:00,Cloudy,Jam,1,Drinks,scooter,1,No,5.56,657.02,Card,Delivered,,49.3
ORD102096,HYDRES38DEL07,32,4.2,Hyderabad,2026-04-03,20:17:00,Sunny,Medium,0,Drinks,electric_scooter,0,No,1.46,80.0,Cash,Delivered,,23.3
ORD103842,DELRES35DEL07,29,4.9,Delhi,2026-04-03,20:38:00,Sandstorms,Medium,3,Meal,motorcycle,1,No,5.49,134.4,Card,Cancelled,Customer Cancelled,
ORD104491,MUMRES40DEL02,30,4.1,Mumbai,2026-04-03,20:41:00,Sunny,Medium,3,Drinks,motorcycle,0,No,10.52,292.68,Card,Delivered,,33.6
ORD105818,BENRES32DEL05,22,4.3,Bengaluru,2026-04-03,20:52:00,Cloudy,High,0,Meal,motorcycle,1,No,2.57,605.74,UPI,Delivered,,32.8
ORD100824,DELRES43DEL04,23,3.8,Delhi,2026-04-03,21:06:00,Sunny,Medium,2,Snack,scooter,2,No,3.29,579.04,Wallet,Delivered,,47.1
ORD105017,BENRES21DEL07,27,4.9,Bengaluru,2026-04-03,21:17:00,Cloudy,High,0,Drinks,electric_scooter,0,No,2.57,178.31,Wallet,Delivered,,30.7
ORD100851,HYDRES44DEL06,23,4.3,Hyderabad,2026-04-03,21:26:00,Sunny,Medium,2,Snack,scooter,1,No,5.31,263.45,UPI,Delivered,,36.6
ORD101792,BENRES18DEL03,27,5.0,Bengaluru,2026-04-03,21:35:00,Sandstorms,High,1,Buffet,motorcycle,0,No,1.03,212.75,UPI,Delivered,,44.5
ORD103771,DELRES22DEL02,33,4.0,Delhi,2026-04-03,21:52:00,Sunny,Medium,1,Meal,electric_scooter,1,No,4.25,307.64,UPI,Delivered,,31.7
ORD104974,DELRES11DEL01,23,4.9,Delhi,2026-04-03,22:49:00,Sunny,High,2,Buffet,motorcycle,0,No,5.68,241.0,UPI,Delivered,,34.7
ORD101034,CHERES06DEL01,23,4.5,Chennai,2026-04-03,23:09:00,Sunny,Jam,3,Drinks,motorcycle,0,No,8.41,137.16,UPI,Delivered,,44.9
ORD103069,MUMRES13DEL05,19,4.1,Mumbai,2026-04-03,23:13:00,Sunny,Medium,0,Buffet,electric_scooter,0,No,1.23,1130.52,UPI,Delivered,,32.3
ORD104872,BENRES23DEL07,29,4.5,Bengaluru,2026-04-04,03:52:00,Cloudy,Jam,0,Snack,electric_scooter,0,No,2.16,296.51,Cash,Delivered,,39.5
ORD104589,PUNRES22DEL02,39,4.4,Pune,2026-04-04,05:49:00,Sunny,High,1,Meal,motorcycle,0,No,15.39,291.72,Cash,Delivered,,45.9
ORD105667,MUMRES39DEL05,19,4.3,Mumbai,2026-04-04,06:04:00,Windy,High,1,Drinks,scooter,0,No,7.1,336.64,Wallet,Delivered,,42.3
ORD101408,BENRES36DEL06,28,4.1,Bengaluru,2026-04-04,08:13:00,Sunny,Low,0,Meal,electric_scooter,1,No,1.06,279.16,UPI,Delivered,,30.3
ORD102463,HYDRES09DEL01,29,3.9,Hyderabad,2026-04-04,08:37:00,Cloudy,Medium,0,Meal,electric_scooter,3,No,4.34,405.75,UPI,Delivered,,45.8
ORD102044,BENRES13DEL05,35,4.1,Bengaluru,2026-04-04,08:39:00,Sunny,Medium,3,Buffet,motorcycle,1,No,1.63,147.72,Card,Delivered,,29.5
ORD104514,DELRES42DEL02,29,4.2,Delhi,2026-04-04,09:03:00,Cloudy,Medium,3,Drinks,motorcycle,0,No,6.99,196.68,UPI,Delivered,,25.6
ORD105160,DELRES08DEL01,28,4.9,Delhi,2026-04-04,09:34:00,Stormy,Low,1,Buffet,motorcycle,0,No,3.72,131.67,Cash,Delivered,,26.8
ORD103870,BENRES32DEL06,30,4.6,Bengaluru,2026-04-04,10:01:00,Cloudy,High,1,Snack,motorcycle,0,No,5.46,414.1,Wallet,Delivered,,37.2
ORD104954,CHERES22DEL03,34,4.2,Chennai,2026-04-04,10:26:00,Stormy,Medium,3,Snack,motorcycle,1,No,5.43,393.67,Card,Delivered,,45.0
ORD105061,PUNRES04DEL08,25,4.5,Pune,2026-04-04,11:06:00,Sunny,Medium,3,Drinks,motorcycle,0,No,2.32,97.68,Cash,Delivered,,25.5
ORD103927,DELRES41DEL03,21,4.1,Delhi,2026-04-04,11:08:00,Sunny,High,2,Buffet,motorcycle,0,No,3.28,210.79,Cash,Delivered,,35.3
ORD101933,BENRES25DEL01,39,3.9,Bengaluru,2026-04-04,11:20:00,Windy,Low,1,Buffet,scooter,1,No,1.76,140.54,UPI,Delivered,,35.3
ORD102252,KOLRES16DEL01,27,4.5,Kolkata,2026-04-04,11:22:00,Windy,Low,1,Drinks,electric_scooter,0,No,4.22,305.82,Card,Delivered,,23.8
ORD101688,BENRES17DEL01,27,4.1,Bengaluru,2026-04-04,11:32:00,Sunny,Low,0,Meal,motorcycle,0,No,4.65,421.8,Card,Delivered,,29.4
ORD102739,PUNRES40DEL07,32,4.6,Pune,2026-04-04,11:41:00,Sunny,Low,2,Meal,electric_scooter,0,No,4.22,96.09,Wallet,Delivered,,20.9
ORD104505,BENRES15DEL02,32,4.2,Bengaluru,2026-04-04,11:41:00,Sunny,Jam,1,Snack,electric_scooter,0,No,10.72,194.39,Wallet,Cancelled,Delivery Partner Unavailable,
ORD100156,HYDRES37DEL06,28,4.4,Hyderabad,2026-04-04,11:48:00,Sunny,High,1,Meal,motorcycle,3,No,7.68,247.11,Wallet,Delivered,,50.7
ORD104296,BENRES26DEL03,18,4.7,Bengaluru,2026-04-04,11:57:00,Sunny,Medium,2,Meal,electric_scooter,0,No,1.26,761.05,UPI,Delivered,,26.8
ORD101663,MUMRES30DEL03,41,4.6,Mumbai,2026-04-04,12:14:00,Sunny,High,2,Snack,electric_scooter,1,No,2.54,279.17,UPI,Delivered,,36.0
ORD103310,PUNRES38DEL03,22,4.6,Pune,2026-04-04,12:23:00,Cloudy,Medium,0,Snack,electric_scooter,0,No,5.0,413.35,Cash,Delivered,,29.8
ORD100960,HYDRES40DEL02,34,4.5,Hyderabad,2026-04-04,12:28:00,Windy,Low,1,Buffet,motorcycle,2,No,6.69,255.43,Cash,Delivered,,40.0
ORD100544,BENRES27DEL01,23,3.9,Bengaluru,2026-04-04,13:01:00,Fog,Medium,2,Drinks,scooter,1,No,1.41,352.27,UPI,Delivered,,36.4
ORD105442,HYDRES41DEL04,33,4.7,Hyderabad,2026-04-04,13:15:00,Windy,Low,1,Buffet,motorcycle,1,No,4.52,361.45,UPI,Delivered,,33.3
ORD101951,DELRES43DEL04,33,4.4,Delhi,2026-04-04,13:30:00,Sunny,Jam,2,Meal,scooter,2,No,1.44,362.87,Cash,Cancelled,Traffic Delay,
ORD104925,DELRES09DEL04,26,4.7,Delhi,2026-04-04,14:11:00,Sunny,Medium,3,Meal,motorcycle,1,No,2.83,526.21,UPI,Delivered,,35.5
ORD102965,PUNRES17DEL03,34,4.7,Pune,2026-04-04,14:18:00,Sunny,High,2,Snack,scooter,0,No,5.95,775.47,UPI,Delivered,,33.0
ORD104897,DELRES25DEL03,24,4.1,Delhi,2026-04-04,15:28:00,Windy,Low,0,Drinks,motorcycle,0,No,6.44,233.89,UPI,Delivered,,36.2
ORD105617,DELRES37DEL08,33,4.6,Delhi,2026-04-04,15:29:00,Sunny,High,0,Drinks,electric_scooter,3,No,9.49,180.59,Card,Delivered,,58.4
ORD105222,DELRES43DEL03,27,3.8,Delhi,2026-04-04,16:31:00,Cloudy,Low,1,Buffet,scooter,0,No,1.66,174.95,Cash,Cancelled,Customer Cancelled,
ORD104207,MUMRES10DEL06,19,4.2,Mumbai,2026-04-04,16:32:00,Cloudy,Low,2,Snack,scooter,0,No,2.44,205.45,Cash,Delivered,,26.5
ORD102964,BENRES24DEL02,24,4.4,Bengaluru,2026-04-04,16:40:00,Windy,Medium,0,Drinks,scooter,3,No,1.98,142.71,UPI,Delivered,,33.4
ORD104839,MUMRES24DEL06,29,4.3,Mumbai,2026-04-04,17:03:00,Sunny,Low,1,Drinks,motorcycle,0,No,5.32,301.15,Cash,Delivered,,32.0
ORD102303,BENRES28DEL03,29,4.4,Bengaluru,2026-04-04,17:10:00,Cloudy,Medium,1,Buffet,motorcycle,1,No,4.0,419.05,UPI,Delivered,,32.5
ORD104738,CHERES13DEL02,18,4.2,Chennai,2026-04-04,17:10:00,Windy,Low,0,Buffet,scooter,0,No,1.49,742.12,Wallet,Delivered,,21.5
ORD101973,DELRES19DEL03,20,4.4,Delhi,2026-04-04,17:36:00,Sandstorms,Low,1,Drinks,scooter,0,No,1.79,184.33,Cash,Delivered,,27.5
ORD105051,KOLRES40DEL03,34,4.4,Kolkata,2026-04-04,17:59:00,Fog,Low,0,Snack,scooter,1,No,2.15,112.51,Cash,Delivered,,35.9
ORD104241,MUMRES09DEL08,36,4.4,Mumbai,2026-04-04,18:02:00,Sunny,Low,1,Meal,electric_scooter,0,No,0.81,371.77,Cash,Delivered,,15.1
ORD102363,DELRES22DEL02,22,4.3,Delhi,2026-04-04,18:35:00,Cloudy,High,1,Meal,scooter,2,No,8.28,245.78,UPI,Delivered,,48.2
ORD101311,MUMRES37DEL05,27,5.0,Mumbai,2026-04-04,19:13:00,Sunny,High,1,Buffet,scooter,2,No,1.86,90.33,UPI,Cancelled,Delivery Partner Unavailable,
ORD105593,DELRES12DEL08,25,3.7,Delhi,2026-04-04,19:19:00,Sunny,High,1,Buffet,motorcycle,2,No,4.98,243.23,Card,Delivered,,44.0
ORD105698,DELRES01DEL01,26,4.2,Delhi,2026-04-04,19:38:00,Cloudy,Low,0,Drinks,electric_scooter,0,No,3.29,331.58,Wallet,Delivered,,20.8
ORD102160,BENRES36DEL02,24,4.2,Bengaluru,2026-04-04,19:41:00,Fog,Medium,0,Drinks,motorcycle,2,No,15.57,273.39,Card,Delivered,,57.7
ORD103585,DELRES36DEL08,30,4.3,Delhi,2026-04-04,19:54:00,Sunny,Medium,3,Meal,motorcycle,1,No,16.88,794.38,UPI,Delivered,,54.8
ORD101617,CHERES39DEL07,41,4.7,Chennai,2026-04-04,20:00:00,Cloudy,Medium,2,Buffet,scooter,3,No,1.15,280.96,UPI,Delivered,,29.8
ORD102341,BENRES33DEL01,39,4.5,Bengaluru,2026-04-04,20:00:00,Sandstorms,High,0,Meal,motorcycle,0,No,3.2,487.8,UPI,Delivered,,36.1
ORD103958,CHERES39DEL08,25,4.8,Chennai,2026-04-04,20:00:00,Sunny,Medium,0,Drinks,scooter,1,No,8.82,531.14,UPI,Delivered,,39.1
ORD105279,MUMRES32DEL04,25,4.5,Mumbai,2026-04-04,20:14:00,Sunny,Low,3,Meal,motorcycle,1,No,12.16,356.13,Card,Delivered,,40.1
ORD102172,MUMRES35DEL04,25,4.2,Mumbai,2026-04-04,20:31:00,Fog,Medium,2,Snack,scooter,0,No,2.9,699.69,Cash,Delivered,,33.9
ORD103705,CHERES28DEL06,39,4.3,Chennai,2026-04-04,20:37:00,Cloudy,Medium,0,Drinks,scooter,0,No,9.75,377.48,UPI,Delivered,,32.3
ORD103049,MUMRES38DEL02,27,3.8,Mumbai,2026-04-04,21:28:00,Cloudy,Jam,2,Drinks,motorcycle,2,No,6.4,235.85,Wallet,Delivered,,46.5
ORD102414,CHERES05DEL01,24,4.4,Chennai,2026-04-04,21:33:00,Sunny,Medium,2,Buffet,motorcycle,1,No,7.37,191.47,UPI,Delivered,,38.6
ORD100997,DELRES43DEL08,18,5.0,Delhi,2026-04-04,21:35:00,Fog,Low,3,Snack,scooter,0,No,7.71,203.33,UPI,Delivered,,44.1
ORD103153,KOLRES20DEL08,36,4.3,Kolkata,2026-04-04,21:36:00,Sunny,Medium,2,Drinks,scooter,1,No,6.54,205.41,Cash,Delivered,,34.8
ORD104714,HYDRES17DEL07,29,4.5,Hyderabad,2026-04-04,21:37:00,Cloudy,Low,0,Buffet,motorcycle,2,No,4.76,424.78,UPI,Delivered,,36.8
ORD103429,MUMRES03DEL05,30,4.8,Mumbai,2026-04-04,22:09:00,Sunny,Medium,0,Buffet,scooter,0,No,7.65,279.66,UPI,Delivered,,42.1
ORD101546,MUMRES35DEL02,33,3.8,Mumbai,2026-04-04,22:25:00,Sunny,High,2,Meal,motorcycle,0,No,1.71,80.0,UPI,Delivered,,32.3
ORD104548,BENRES28DEL01,46,4.8,Bengaluru,2026-04-04,22:43:00,Sunny,Low,2,Buffet,motorcycle,1,No,6.44,177.7,UPI,Delivered,,22.7
ORD102861,BENRES36DEL03,29,4.6,Bengaluru,2026-04-04,23:33:00,Cloudy,Medium,2,Drinks,motorcycle,0,No,2.55,154.53,UPI,Delivered,,29.4
ORD105191,BENRES16DEL04,25,4.4,Bengaluru,2026-04-04,23:40:00,Sunny,Medium,0,Meal,motorcycle,0,No,3.29,193.34,UPI,Delivered,,27.5
ORD100695,MUMRES36DEL06,30,4.8,Mumbai,2026-04-04,23:44:00,Fog,Medium,3,Buffet,motorcycle,2,No,1.58,313.09,Cash,Delivered,,36.6
ORD105745,BENRES41DEL08,27,3.7,Bengaluru,2026-04-05,01:40:00,Windy,Low,2,Snack,scooter,0,No,1.31,149.82,Cash,Delivered,,21.2
ORD101985,CHERES14DEL03,40,4.3,Chennai,2026-04-05,06:42:00,Stormy,High,0,Drinks,scooter,0,No,5.03,389.72,Card,Cancelled,Delivery Partner Unavailable,
ORD101142,BENRES44DEL03,29,4.0,Bengaluru,2026-04-05,07:26:00,Cloudy,Low,1,Drinks,motorcycle,0,No,5.39,250.02,Cash,Delivered,,21.4
ORD100441,BENRES16DEL06,26,4.8,Bengaluru,2026-04-05,08:12:00,Cloudy,Low,3,Buffet,motorcycle,1,No,8.43,278.9,Cash,Delivered,,34.4
ORD103574,BENRES25DEL07,27,4.8,Bengaluru,2026-04-05,08:20:00,Cloudy,High,1,Buffet,electric_scooter,1,No,4.78,354.57,Cash,Delivered,,37.4
ORD102439,MUMRES18DEL01,22,4.8,Mumbai,2026-04-05,08:35:00,Windy,Low,3,Drinks,motorcycle,0,No,12.66,560.96,Cash,Delivered,,40.0
ORD102186,KOLRES20DEL03,26,4.5,Kolkata,2026-04-05,10:59:00,Sunny,Low,0,Drinks,electric_scooter,0,No,1.34,268.5,Card,Delivered,,20.4
ORD105394,HYDRES03DEL01,20,4.9,Hyderabad,2026-04-05,11:40:00,Sunny,Jam,2,Buffet,motorcycle,0,No,3.71,361.37,UPI,Delivered,,38.7
ORD103897,DELRES20DEL08,24,4.7,Delhi,2026-04-05,11:49:00,Cloudy,Medium,3,Meal,electric_scooter,0,No,4.02,535.49,Cash,Delivered,,25.9
ORD103597,BENRES20DEL02,35,4.2,Bengaluru,2026-04-05,12:14:00,Cloudy,Low,2,Meal,motorcycle,0,No,9.5,336.66,UPI,Delivered,,34.3
ORD104428,BENRES15DEL02,36,4.6,Bengaluru,2026-04-05,12:20:00,Sunny,Medium,0,Meal,motorcycle,1,No,1.83,146.47,Wallet,Delivered,,31.4
ORD102242,MUMRES31DEL07,27,4.4,Mumbai,2026-04-05,12:25:00,Sunny,Medium,0,Buffet,scooter,0,No,2.72,292.32,UPI,Delivered,,26.3
ORD103285,DELRES23DEL05,19,4.6,Delhi,2026-04-05,12:38:00,Sunny,Low,1,Buffet,scooter,1,No,5.98,400.34,UPI,Delivered,,31.6
ORD101286,BENRES41DEL05,27,3.9,Bengaluru,2026-04-05,12:52:00,Windy,Low,1,Snack,motorcycle,0,No,4.95,426.98,Cash,Delivered,,35.0
ORD100965,BENRES22DEL02,18,4.5,Bengaluru,2026-04-05,12:57:00,Cloudy,High,1,Buffet,motorcycle,2,No,4.05,438.65,Wallet,Delivered,,37.9
ORD103314,KOLRES44DEL05,34,4.5,Kolkata,2026-04-05,13:34:00,Sunny,Medium,0,Buffet,motorcycle,1,No,13.8,442.28,Card,Delivered,,49.7
ORD101723,HYDRES25DEL06,24,4.2,Hyderabad,2026-04-05,13:43:00,Sunny,High,1,Buffet,motorcycle,1,No,6.03,238.91,UPI,Delivered,,43.1
ORD104418,KOLRES14DEL04,36,4.4,Kolkata,2026-04-05,14:18:00,Cloudy,High,2,Snack,motorcycle,2,No,1.56,368.53,UPI,Delivered,,39.8
ORD104842,BENRES40DEL01,35,4.7,Bengaluru,2026-04-05,14:53:00,Sunny,High,3,Drinks,scooter,2,No,8.53,246.2,Wallet,Cancelled,Restaurant Delay,
ORD101923,PUNRES32DEL04,29,4.2,Pune,2026-04-05,15:02:00,Windy,Jam,0,Snack,motorcycle,2,No,1.81,304.81,Cash,Delivered,,54.7
ORD105028,MUMRES28DEL03,29,4.6,Mumbai,2026-04-05,16:02:00,Stormy,Low,3,Drinks,motorcycle,2,No,4.9,359.04,Wallet,Delivered,,44.4
ORD101743,PUNRES40DEL04,34,4.4,Pune,2026-04-05,16:21:00,Sunny,High,3,Drinks,motorcycle,1,No,5.32,156.12,Cash,Cancelled,Traffic Delay,
ORD103299,HYDRES09DEL03,30,4.1,Hyderabad,2026-04-05,17:23:00,Cloudy,Low,1,Snack,motorcycle,0,No,0.81,110.87,UPI,Delivered,,20.7
ORD103031,PUNRES01DEL08,30,3.8,Pune,2026-04-05,17:52:00,Sunny,Medium,1,Meal,bicycle,0,No,1.25,398.75,UPI,Delivered,,21.2
ORD105724,HYDRES42DEL02,25,4.1,Hyderabad,2026-04-05,17:57:00,Stormy,High,1,Snack,bicycle,2,No,5.77,172.87,UPI,Delivered,,56.2
ORD103652,KOLRES37DEL05,18,4.0,Kolkata,2026-04-05,18:05:00,Cloudy,High,0,Snack,motorcycle,1,No,1.51,435.39,Card,Delivered,,33.4
ORD100706,MUMRES27DEL01,22,4.5,Mumbai,2026-04-05,18:11:00,Cloudy,Medium,1,Drinks,motorcycle,0,No,4.79,253.75,Card,Delivered,,28.9
ORD100452,HYDRES16DEL03,30,4.8,Hyderabad,2026-04-05,18:50:00,Windy,Low,3,Meal,electric_scooter,0,No,3.4,361.31,UPI,Delivered,,25.1
ORD103846,BENRES42DEL04,34,4.3,Bengaluru,2026-04-05,18:50:00,Stormy,Medium,2,Buffet,motorcycle,0,No,5.84,168.2,Cash,Delivered,,40.3
ORD104336,DELRES11DEL07,32,4.3,Delhi,2026-04-05,18:52:00,Cloudy,Medium,3,Snack,electric_scooter,2,No,7.74,564.17,Cash,Delivered,,41.0
ORD100818,MUMRES34DEL06,26,3.8,Mumbai,2026-04-05,19:00:00,Windy,High,0,Meal,scooter,0,No,7.44,283.72,UPI,Delivered,,35.9
ORD100927,PUNRES35DEL03,45,4.8,Pune,2026-04-05,19:09:00,Fog,Medium,3,Snack,motorcycle,1,No,1.89,371.02,Wallet,Delivered,,30.7
ORD100583,MUMRES09DEL02,27,3.5,Mumbai,2026-04-05,19:33:00,Sunny,Low,1,Snack,motorcycle,0,No,20.73,229.0,UPI,Delivered,,52.0
ORD100175,PUNRES21DEL07,21,4.7,Pune,2026-04-05,19:35:00,Windy,High,1,Drinks,scooter,0,No,10.83,169.04,Wallet,Delivered,,47.0
ORD104952,HYDRES25DEL04,24,3.9,Hyderabad,2026-04-05,19:50:00,Sunny,Medium,1,Drinks,electric_scooter,0,No,11.11,216.39,UPI,Delivered,,40.8
ORD101291,CHERES14DEL03,37,4.8,Chennai,2026-04-05,20:06:00,Windy,Jam,1,Drinks,motorcycle,3,No,1.92,358.88,UPI,Delivered,,57.3
ORD105297,BENRES35DEL06,31,4.8,Bengaluru,2026-04-05,20:14:00,Windy,High,0,Buffet,electric_scooter,0,No,0.88,133.3,UPI,Delivered,,26.9
ORD102365,BENRES09DEL08,21,5.0,Bengaluru,2026-04-05,20:38:00,Fog,Medium,3,Buffet,scooter,1,No,1.76,426.59,UPI,Delivered,,33.6
ORD100623,HYDRES31DEL03,24,3.8,Hyderabad,2026-04-05,20:57:00,Stormy,Medium,1,Meal,scooter,1,No,17.22,230.62,UPI,Delivered,,58.0
ORD100665,MUMRES26DEL04,38,3.9,Mumbai,2026-04-05,20:59:00,Cloudy,High,1,Buffet,electric_scooter,0,No,9.89,269.82,Cash,Delivered,,42.0
ORD100354,BENRES09DEL06,27,4.4,Bengaluru,2026-04-05,21:04:00,Stormy,Low,0,Snack,motorcycle,0,No,2.49,328.15,Card,Cancelled,Customer Cancelled,
ORD101616,HYDRES08DEL08,30,4.4,Hyderabad,2026-04-05,21:11:00,Windy,Medium,3,Buffet,motorcycle,3,No,7.46,331.03,UPI,Delivered,,54.8
ORD100995,DELRES13DEL06,39,4.5,Delhi,2026-04-05,21:26:00,Sunny,High,3,Snack,motorcycle,1,No,15.26,343.4,UPI,Cancelled,Customer Cancelled,
ORD103917,KOLRES40DEL02,19,4.7,Kolkata,2026-04-05,21:57:00,Cloudy,Medium,3,Snack,scooter,0,No,0.99,244.14,UPI,Delivered,,17.4
ORD104891,MUMRES22DEL08,28,4.1,Mumbai,2026-04-05,22:09:00,Cloudy,Low,2,Meal,motorcycle,0,No,1.8,244.83,Card,Delivered,,17.7
ORD100853,HYDRES09DEL06,35,4.3,Hyderabad,2026-04-05,23:06:00,Sunny,Medium,2,Drinks,motorcycle,3,No,20.61,311.65,UPI,Delivered,,65.7
ORD101682,MUMRES20DEL08,25,4.6,Mumbai,2026-04-05,23:55:00,Sunny,Low,0,Buffet,motorcycle,1,No,9.68,368.83,Cash,Delivered,,45.6
ORD105620,CHERES39DEL07,21,3.9,Chennai,2026-04-06,01:45:00,Cloudy,High,3,Buffet,bicycle,0,No,9.01,80.0,UPI,Delivered,,39.8
ORD100609,KOLRES38DEL06,28,4.1,Kolkata,2026-04-06,07:41:00,Sunny,Jam,3,Drinks,motorcycle,1,No,5.9,623.62,UPI,Delivered,,53.7
ORD100460,BENRES43DEL04,27,4.4,Bengaluru,2026-04-06,08:45:00,Fog,Medium,2,Meal,electric_scooter,1,No,9.98,180.54,UPI,Delivered,,53.6
ORD102877,HYDRES33DEL04,20,4.7,Hyderabad,2026-04-06,09:08:00,Sandstorms,Low,1,Meal,scooter,1,No,1.5,477.99,UPI,Delivered,,33.7
ORD104988,KOLRES39DEL01,21,5.0,Kolkata,2026-04-06,09:15:00,Sunny,Low,1,Buffet,bicycle,1,No,1.83,278.03,Cash,Cancelled,Weather Disruption,
ORD103070,BENRES20DEL04,25,4.6,Bengaluru,2026-04-06,09:21:00,Cloudy,Medium,1,Buffet,scooter,2,No,2.62,240.24,Wallet,Delivered,,36.9
ORD100038,CHERES26DEL03,32,3.9,Chennai,2026-04-06,10:07:00,Cloudy,Low,3,Drinks,motorcycle,1,No,5.0,107.68,UPI,Delivered,,38.0
ORD104410,KOLRES31DEL02,34,4.6,Kolkata,2026-04-06,10:41:00,Cloudy,High,0,Snack,motorcycle,1,No,4.96,136.08,UPI,Delivered,,39.3
ORD102072,CHERES26DEL02,28,4.6,Chennai,2026-04-06,10:42:00,Sunny,Jam,3,Buffet,motorcycle,0,No,7.58,128.44,Cash,Delivered,,47.4
ORD100720,BENRES07DEL02,18,4.4,Bengaluru,2026-04-06,11:26:00,Cloudy,Low,2,Buffet,scooter,1,No,4.82,377.9,Cash,Delivered,,31.0
ORD103843,DELRES16DEL03,36,4.5,Delhi,2026-04-06,12:05:00,Windy,Jam,1,Drinks,motorcycle,0,No,1.91,419.68,Cash,Delivered,,35.9
ORD100897,PUNRES13DEL01,33,4.6,Pune,2026-04-06,12:06:00,Sunny,Jam,1,Drinks,scooter,0,No,8.52,353.87,UPI,Cancelled,Delivery Partner Unavailable,
ORD100767,PUNRES33DEL04,27,4.0,Pune,2026-04-06,12:10:00,Fog,Low,0,Buffet,scooter,0,No,5.38,267.2,UPI,Delivered,,33.8
ORD100230,DELRES06DEL04,22,4.5,Delhi,2026-04-06,12:31:00,Sandstorms,Jam,2,Buffet,motorcycle,0,No,4.27,168.22,Cash,Delivered,,45.4
ORD104012,CHERES35DEL07,26,4.3,Chennai,2026-04-06,12:59:00,Windy,Low,3,Snack,scooter,0,No,5.71,362.59,Wallet,Delivered,,32.1
ORD102510,CHERES18DEL02,33,4.3,Chennai,2026-04-06,15:54:00,Windy,Low,1,Drinks,motorcycle,0,No,1.84,244.3,Cash,Delivered,,23.7
ORD101600,BENRES17DEL03,27,4.3,Bengaluru,2026-04-06,16:06:00,Stormy,Medium,3,Buffet,electric_scooter,0,No,1.7,425.98,UPI,Delivered,,25.3
ORD102400,DELRES08DEL05,30,3.9,Delhi,2026-04-06,16:19:00,Cloudy,High,1,Snack,motorcycle,1,No,6.01,410.69,Cash,Delivered,,45.7
ORD101323,MUMRES42DEL02,44,4.5,Mumbai,2026-04-06,16:33:00,Cloudy,Medium,2,Drinks,scooter,0,No,9.9,217.28,UPI,Delivered,,41.0
ORD101262,BENRES38DEL08,30,3.9,Bengaluru,2026-04-06,17:38:00,Sunny,High,3,Meal,scooter,0,No,1.59,478.84,Card,Delivered,,28.5
ORD103013,HYDRES30DEL07,31,4.9,Hyderabad,2026-04-06,17:50:00,Windy,Low,0,Snack,motorcycle,1,No,5.51,287.46,Cash,Delivered,,33.9
ORD105757,BENRES40DEL08,26,4.9,Bengaluru,2026-04-06,18:00:00,Cloudy,High,3,Drinks,motorcycle,2,No,3.53,377.95,UPI,Delivered,,41.0
ORD103739,BENRES34DEL06,36,4.7,Bengaluru,2026-04-06,18:16:00,Sunny,Medium,1,Snack,motorcycle,0,No,0.86,135.88,UPI,Delivered,,26.4
ORD101207,PUNRES29DEL03,34,4.2,Pune,2026-04-06,18:36:00,Fog,Medium,1,Buffet,motorcycle,3,No,9.99,143.04,Wallet,Cancelled,Traffic Delay,
ORD101941,HYDRES18DEL04,32,4.7,Hyderabad,2026-04-06,18:38:00,Cloudy,Low,1,Meal,scooter,0,No,14.83,571.54,Card,Delivered,,45.3
ORD100837,DELRES05DEL01,35,5.0,Delhi,2026-04-06,18:52:00,Cloudy,Medium,1,Buffet,motorcycle,0,No,5.37,415.2,Card,Delivered,,34.7
ORD101930,BENRES37DEL07,21,4.4,Bengaluru,2026-04-06,18:52:00,Windy,Low,3,Meal,scooter,1,No,4.05,183.78,UPI,Delivered,,28.3
ORD105512,HYDRES13DEL08,29,4.7,Hyderabad,2026-04-06,19:04:00,Windy,High,0,Meal,motorcycle,0,No,3.24,441.47,UPI,Delivered,,33.6
ORD100526,KOLRES24DEL03,25,5.0,Kolkata,2026-04-06,19:12:00,Windy,Medium,1,Meal,scooter,2,No,4.48,279.21,Card,Cancelled,Customer Cancelled,
ORD101038,BENRES08DEL05,27,4.6,Bengaluru,2026-04-06,19:22:00,Fog,Medium,3,Meal,motorcycle,1,No,2.87,380.82,UPI,Delivered,,32.2
ORD105166,BENRES10DEL03,18,4.3,Bengaluru,2026-04-06,19:34:00,Sunny,High,0,Meal,motorcycle,0,No,5.71,179.3,Cash,Delivered,,30.8
ORD100023,PUNRES04DEL07,31,4.6,Pune,2026-04-06,19:37:00,Windy,Low,3,Snack,electric_scooter,3,No,5.51,325.66,UPI,Delivered,,41.7
ORD103472,BENRES16DEL03,27,4.6,Bengaluru,2026-04-06,19:40:00,Fog,High,2,Drinks,motorcycle,1,No,1.31,302.69,Wallet,Delivered,,41.7
ORD102667,BENRES23DEL07,32,4.6,Bengaluru,2026-04-06,19:57:00,Windy,Medium,1,Snack,scooter,0,No,3.04,465.15,UPI,Delivered,,32.2
ORD100708,CHERES37DEL01,24,4.1,Chennai,2026-04-06,20:00:00,Sunny,High,2,Meal,motorcycle,0,No,3.67,308.74,UPI,Delivered,,26.9
ORD100725,MUMRES05DEL07,27,3.7,Mumbai,2026-04-06,20:06:00,Cloudy,Low,0,Buffet,motorcycle,0,No,2.98,134.01,Cash,Delivered,,15.8
ORD101532,MUMRES01DEL04,35,4.2,Mumbai,2026-04-06,20:50:00,Cloudy,Low,0,Buffet,motorcycle,1,No,1.51,140.04,UPI,Delivered,,26.7
ORD104359,MUMRES10DEL01,25,4.4,Mumbai,2026-04-06,22:09:00,Cloudy,High,2,Drinks,motorcycle,0,No,8.55,441.71,UPI,Delivered,,34.5
ORD104565,CHERES42DEL01,28,4.5,Chennai,2026-04-06,22:38:00,Cloudy,Medium,1,Drinks,motorcycle,1,No,10.33,328.75,Card,Delivered,,38.7
ORD104173,DELRES36DEL06,18,4.3,Delhi,2026-04-07,05:12:00,Sunny,Low,3,Drinks,scooter,0,No,6.18,301.48,UPI,Delivered,,23.9
ORD103134,DELRES38DEL01,39,4.0,Delhi,2026-04-07,07:20:00,Fog,Medium,0,Snack,motorcycle,1,No,8.34,236.3,UPI,Delivered,,48.3
ORD105515,MUMRES03DEL05,21,4.1,Mumbai,2026-04-07,08:15:00,Sunny,Medium,2,Snack,motorcycle,0,No,25.0,694.83,Card,Delivered,,60.6
ORD102490,BENRES39DEL06,30,3.9,Bengaluru,2026-04-07,09:36:00,Stormy,Jam,0,Buffet,motorcycle,0,No,1.87,376.2,Cash,Delivered,,55.4
ORD105181,KOLRES39DEL04,39,4.3,Kolkata,2026-04-07,09:43:00,Sunny,High,3,Buffet,electric_scooter,3,No,4.57,309.88,Card,Cancelled,Restaurant Delay,
ORD100104,BENRES31DEL01,32,5.0,Bengaluru,2026-04-07,10:19:00,Fog,Jam,1,Meal,scooter,1,No,7.04,194.07,UPI,Cancelled,Delivery Partner Unavailable,
ORD102699,BENRES07DEL05,31,4.3,Bengaluru,2026-04-07,11:16:00,Sunny,High,1,Buffet,motorcycle,2,No,2.65,248.99,Wallet,Delivered,,34.0
ORD101891,BENRES15DEL02,24,4.1,Bengaluru,2026-04-07,11:44:00,Sunny,Medium,3,Meal,motorcycle,0,No,3.66,246.94,Card,Delivered,,22.4
ORD103856,DELRES44DEL07,34,4.9,Delhi,2026-04-07,12:26:00,Windy,Medium,2,Meal,motorcycle,0,No,4.89,433.05,Card,Delivered,,37.3
ORD101585,DELRES05DEL03,31,4.3,Delhi,2026-04-07,12:41:00,Stormy,High,0,Buffet,electric_scooter,0,No,21.93,284.74,UPI,Delivered,,67.6
ORD102445,BENRES01DEL05,25,4.7,Bengaluru,2026-04-07,12:59:00,Sunny,High,0,Buffet,motorcycle,1,No,5.78,445.33,UPI,Delivered,,38.6
ORD100539,MUMRES28DEL08,29,5.0,Mumbai,2026-04-07,13:23:00,Fog,High,3,Drinks,motorcycle,1,No,3.18,130.75,UPI,Delivered,,40.6
ORD105776,HYDRES14DEL07,47,4.6,Hyderabad,2026-04-07,13:23:00,Sunny,High,3,Drinks,motorcycle,1,No,1.29,215.52,Card,Delivered,,37.5
ORD102525,KOLRES17DEL07,24,4.1,Kolkata,2026-04-07,13:25:00,Cloudy,Medium,3,Meal,motorcycle,0,No,5.88,228.9,Wallet,Delivered,,39.3
ORD102429,CHERES01DEL08,36,5.0,Chennai,2026-04-07,13:39:00,Sunny,Jam,1,Buffet,scooter,1,No,2.32,183.35,UPI,Delivered,,43.6
ORD105379,BENRES06DEL03,28,4.4,Bengaluru,2026-04-07,13:41:00,Sunny,High,1,Meal,scooter,0,No,1.34,416.31,Wallet,Delivered,,29.8
ORD101336,BENRES14DEL03,31,4.0,Bengaluru,2026-04-07,14:37:00,Sunny,Medium,0,Meal,motorcycle,1,No,9.51,302.34,UPI,Delivered,,42.6
ORD102856,MUMRES39DEL08,31,4.7,Mumbai,2026-04-07,14:58:00,Stormy,Low,1,Buffet,motorcycle,1,No,12.93,301.17,UPI,Delivered,,54.6
ORD103679,DELRES27DEL01,28,4.5,Delhi,2026-04-07,15:04:00,Cloudy,Medium,3,Buffet,scooter,3,No,1.58,583.84,Card,Delivered,,44.9
ORD104578,BENRES44DEL03,33,4.2,Bengaluru,2026-04-07,15:26:00,Fog,Medium,3,Snack,scooter,2,No,1.08,306.87,UPI,Delivered,,37.7
ORD101131,MUMRES29DEL02,23,4.5,Mumbai,2026-04-07,15:41:00,Sunny,Low,1,Snack,motorcycle,0,No,2.17,448.94,UPI,Delivered,,19.3
ORD102105,KOLRES27DEL04,33,4.2,Kolkata,2026-04-07,16:03:00,Sunny,High,3,Drinks,motorcycle,0,No,1.76,591.58,Card,Delivered,,34.6
ORD105523,HYDRES40DEL04,21,4.4,Hyderabad,2026-04-07,16:03:00,Windy,Medium,2,Buffet,scooter,2,No,3.32,272.64,UPI,Delivered,,34.6
ORD104766,DELRES29DEL01,30,4.5,Delhi,2026-04-07,16:57:00,Sunny,Medium,1,Buffet,motorcycle,0,No,1.31,372.33,UPI,Delivered,,16.3
ORD102610,CHERES13DEL03,18,4.5,Chennai,2026-04-07,17:07:00,Fog,Low,1,Buffet,scooter,1,No,1.6,185.93,UPI,Delivered,,22.8
ORD100228,DELRES37DEL02,41,4.3,Delhi,2026-04-07,17:44:00,Cloudy,High,1,Buffet,motorcycle,0,No,6.08,272.38,Card,Delivered,,32.9
ORD101472,BENRES11DEL06,27,4.1,Bengaluru,2026-04-07,18:00:00,Windy,Jam,1,Drinks,scooter,0,No,14.54,273.29,Card,Cancelled,Delivery Partner Unavailable,
ORD103813,MUMRES13DEL03,27,4.8,Mumbai,2026-04-07,18:02:00,Sunny,Jam,3,Meal,scooter,0,No,9.05,319.16,UPI,Delivered,,37.6
ORD104787,BENRES29DEL08,23,5.0,Bengaluru,2026-04-07,18:28:00,Fog,Medium,1,Snack,bicycle,0,No,3.44,262.92,Cash,Delivered,,30.6
ORD100015,BENRES30DEL07,27,4.3,Bengaluru,2026-04-07,18:30:00,Stormy,Low,1,Meal,motorcycle,0,No,1.8,314.44,UPI,Delivered,,30.9
ORD102691,DELRES01DEL08,40,4.3,Delhi,2026-04-07,18:57:00,Fog,Low,1,Snack,scooter,2,No,1.57,773.15,Card,Cancelled,Weather Disruption,
ORD100546,KOLRES36DEL01,29,4.5,Kolkata,2026-04-07,19:24:00,Fog,Medium,0,Buffet,motorcycle,1,No,2.6,364.25,UPI,Delivered,,42.5
ORD104440,MUMRES08DEL03,34,4.6,Mumbai,2026-04-07,19:56:00,Sunny,Medium,3,Meal,motorcycle,0,No,3.58,323.79,UPI,Cancelled,Restaurant Delay,
ORD104182,BENRES38DEL06,32,4.9,Bengaluru,2026-04-07,20:05:00,Stormy,Medium,1,Meal,scooter,1,No,3.54,550.02,UPI,Delivered,,43.1
ORD102061,CHERES27DEL08,35,4.3,Chennai,2026-04-07,20:14:00,Windy,Jam,1,Drinks,bicycle,2,No,8.1,140.69,UPI,Cancelled,Weather Disruption,
ORD100788,DELRES23DEL01,26,4.7,Delhi,2026-04-07,20:19:00,Sunny,Low,2,Meal,motorcycle,0,No,2.55,203.43,Card,Delivered,,19.4
ORD101492,MUMRES17DEL07,36,4.3,Mumbai,2026-04-07,20:27:00,Cloudy,Medium,0,Meal,motorcycle,0,No,1.42,195.56,UPI,Delivered,,30.1
ORD104488,CHERES29DEL07,30,4.0,Chennai,2026-04-07,20:54:00,Stormy,Medium,1,Snack,motorcycle,1,No,4.47,283.41,UPI,Delivered,,44.2
ORD103443,MUMRES33DEL07,23,4.3,Mumbai,2026-04-07,21:08:00,Sandstorms,Low,2,Buffet,electric_scooter,1,No,3.59,232.08,Card,Delivered,,37.2
ORD103578,MUMRES08DEL08,41,4.8,Mumbai,2026-04-07,21:21:00,Cloudy,Medium,3,Snack,motorcycle,0,No,9.2,207.77,UPI,Delivered,,31.9
ORD104563,DELRES24DEL03,23,4.6,Delhi,2026-04-07,21:26:00,Stormy,Low,0,Snack,motorcycle,0,No,4.02,270.91,Cash,Delivered,,36.9
ORD100206,PUNRES25DEL08,31,5.0,Pune,2026-04-07,21:38:00,Cloudy,High,0,Snack,motorcycle,0,No,10.71,121.9,UPI,Delivered,,47.1
ORD102339,MUMRES28DEL08,26,4.6,Mumbai,2026-04-07,21:42:00,Cloudy,High,1,Buffet,motorcycle,0,No,3.62,80.0,Cash,Delivered,,31.7
ORD100485,BENRES10DEL03,30,4.7,Bengaluru,2026-04-07,21:45:00,Cloudy,Jam,3,Meal,motorcycle,0,No,4.08,509.52,UPI,Delivered,,39.1
ORD101581,CHERES28DEL03,18,4.1,Chennai,2026-04-07,21:47:00,Stormy,Low,0,Drinks,scooter,0,No,5.61,120.65,Cash,Delivered,,34.9
ORD104212,PUNRES07DEL06,31,4.7,Pune,2026-04-07,22:16:00,Sunny,Medium,0,Buffet,motorcycle,0,No,2.0,127.65,UPI,Delivered,,26.0
ORD105531,MUMRES24DEL05,36,4.4,Mumbai,2026-04-07,23:48:00,Sunny,Medium,1,Meal,electric_scooter,0,No,1.66,368.02,UPI,Delivered,,26.6
ORD104060,KOLRES28DEL03,19,4.8,Kolkata,2026-04-08,00:21:00,Sunny,Medium,1,Drinks,scooter,0,No,2.09,462.02,UPI,Delivered,,26.8
ORD105245,DELRES03DEL05,25,4.8,Delhi,2026-04-08,07:07:00,Sunny,High,1,Drinks,bicycle,0,No,2.0,417.59,UPI,Delivered,,25.3
ORD104636,MUMRES19DEL06,25,4.7,Mumbai,2026-04-08,08:00:00,Windy,Medium,2,Buffet,scooter,1,No,3.93,612.83,Card,Delivered,,32.4
ORD101920,CHERES38DEL05,26,3.6,Chennai,2026-04-08,08:25:00,Cloudy,Medium,0,Meal,motorcycle,0,No,10.93,219.8,UPI,Delivered,,37.3
ORD100939,BENRES18DEL01,32,4.2,Bengaluru,2026-04-08,08:31:00,Fog,Low,1,Drinks,bicycle,0,No,5.56,497.73,UPI,Delivered,,37.2
ORD103179,PUNRES11DEL01,29,4.3,Pune,2026-04-08,09:10:00,Sunny,High,3,Buffet,motorcycle,0,No,2.2,187.77,UPI,Cancelled,Customer Cancelled,
ORD105702,BENRES22DEL05,24,4.4,Bengaluru,2026-04-08,10:05:00,Windy,Low,1,Buffet,scooter,0,No,2.6,322.37,Cash,Delivered,,26.8
ORD100752,PUNRES28DEL04,34,4.9,Pune,2026-04-08,10:11:00,Stormy,High,1,Meal,motorcycle,1,No,2.46,456.61,Card,Delivered,,44.7
ORD103393,DELRES07DEL08,28,4.8,Delhi,2026-04-08,11:03:00,Cloudy,High,2,Meal,motorcycle,0,No,19.46,203.54,Cash,Delivered,,60.1
ORD105308,DELRES15DEL02,28,4.1,Delhi,2026-04-08,11:04:00,Sunny,Jam,0,Drinks,motorcycle,1,No,5.09,381.77,UPI,Delivered,,49.7
ORD104405,HYDRES08DEL07,20,4.3,Hyderabad,2026-04-08,11:06:00,Cloudy,Low,3,Buffet,motorcycle,0,No,1.86,294.66,UPI,Delivered,,26.2
ORD104036,KOLRES33DEL04,33,4.0,Kolkata,2026-04-08,11:37:00,Cloudy,Medium,0,Buffet,motorcycle,0,No,11.93,225.72,Card,Delivered,,47.8
ORD100313,BENRES31DEL06,28,4.9,Bengaluru,2026-04-08,11:48:00,Sandstorms,Low,2,Drinks,scooter,0,No,5.43,366.96,Cash,Delivered,,36.5
ORD100235,PUNRES17DEL04,24,5.0,Pune,2026-04-08,12:20:00,Sunny,High,1,Buffet,scooter,0,No,4.72,88.88,UPI,Delivered,,32.4
ORD104384,HYDRES01DEL08,23,4.6,Hyderabad,2026-04-08,12:32:00,Sunny,Medium,1,Meal,motorcycle,0,No,1.86,277.41,UPI,Delivered,,30.0
ORD104920,PUNRES09DEL01,29,4.1,Pune,2026-04-08,12:41:00,Sunny,High,2,Drinks,motorcycle,0,No,1.85,635.77,Card,Delivered,,31.5
ORD104763,HYDRES36DEL04,19,5.0,Hyderabad,2026-04-08,12:50:00,Cloudy,High,2,Buffet,scooter,0,No,8.36,128.32,UPI,Delivered,,46.9
ORD101146,DELRES05DEL04,28,4.1,Delhi,2026-04-08,13:22:00,Sunny,Medium,1,Buffet,scooter,1,No,1.73,385.36,Wallet,Delivered,,30.6
ORD101383,MUMRES28DEL08,25,4.6,Mumbai,2026-04-08,13:31:00,Cloudy,Low,0,Meal,scooter,1,No,12.59,218.31,UPI,Delivered,,41.8
ORD103270,DELRES37DEL05,26,4.5,Delhi,2026-04-08,13:39:00,Windy,Medium,2,Snack,motorcycle,0,No,1.85,361.32,Card,Delivered,,30.4
ORD104013,CHERES05DEL07,33,4.5,Chennai,2026-04-08,14:17:00,Sunny,Low,0,Drinks,electric_scooter,0,No,4.86,289.1,UPI,Delivered,,22.3
ORD102846,KOLRES32DEL02,30,4.4,Kolkata,2026-04-08,14:59:00,Sunny,Low,3,Buffet,motorcycle,0,No,1.04,277.19,Card,Delivered,,18.2
ORD105383,DELRES13DEL05,29,4.3,Delhi,2026-04-08,15:35:00,Windy,Medium,3,Meal,motorcycle,2,No,2.47,97.9,Cash,Delivered,,42.1
ORD104468,PUNRES44DEL05,29,4.9,Pune,2026-04-08,15:47:00,Sunny,High,2,Drinks,motorcycle,0,No,3.87,358.44,Card,Delivered,,30.1
ORD101904,CHERES09DEL04,29,4.9,Chennai,2026-04-08,15:48:00,Fog,Low,1,Meal,motorcycle,1,No,1.99,234.84,UPI,Delivered,,28.9
ORD105856,BENRES35DEL06,20,4.1,Bengaluru,2026-04-08,15:57:00,Sunny,Jam,2,Snack,electric_scooter,0,No,4.71,394.0,Cash,Cancelled,Traffic Delay,
ORD101398,MUMRES25DEL04,26,4.9,Mumbai,2026-04-08,16:13:00,Cloudy,Medium,1,Buffet,motorcycle,1,No,7.15,271.13,UPI,Delivered,,32.9
ORD104848,HYDRES15DEL05,26,4.9,Hyderabad,2026-04-08,18:18:00,Windy,Low,1,Meal,motorcycle,0,No,5.93,309.04,UPI,Delivered,,31.5
ORD100343,BENRES23DEL02,31,4.5,Bengaluru,2026-04-08,18:19:00,Windy,Jam,1,Snack,motorcycle,0,No,8.98,186.52,UPI,Delivered,,38.4
ORD104461,MUMRES42DEL03,36,4.4,Mumbai,2026-04-08,18:27:00,Windy,High,1,Buffet,motorcycle,0,No,1.11,327.28,Wallet,Delivered,,31.1
ORD100658,MUMRES23DEL07,29,4.3,Mumbai,2026-04-08,18:28:00,Sandstorms,Low,0,Snack,motorcycle,0,No,0.97,183.92,UPI,Delivered,,27.0
ORD102909,MUMRES08DEL02,28,4.6,Mumbai,2026-04-08,18:36:00,Sandstorms,Low,0,Buffet,motorcycle,1,No,2.57,210.29,Card,Delivered,,38.6
ORD102619,CHERES29DEL05,32,4.9,Chennai,2026-04-08,18:51:00,Stormy,Low,2,Snack,electric_scooter,1,No,5.1,209.05,UPI,Cancelled,Restaurant Delay,
ORD105836,KOLRES01DEL03,25,4.0,Kolkata,2026-04-08,18:56:00,Sunny,Low,3,Buffet,motorcycle,2,No,5.41,541.51,Cash,Delivered,,34.6
ORD104423,BENRES01DEL04,32,4.4,Bengaluru,2026-04-08,19:08:00,Sunny,Medium,3,Snack,scooter,0,No,6.67,376.91,Wallet,Delivered,,35.7
ORD105268,DELRES12DEL05,27,4.5,Delhi,2026-04-08,19:19:00,Cloudy,Low,0,Snack,motorcycle,0,No,9.1,352.73,UPI,Delivered,,36.7
ORD103618,DELRES19DEL03,35,4.0,Delhi,2026-04-08,19:28:00,Sunny,Medium,0,Drinks,motorcycle,0,No,5.59,557.15,UPI,Delivered,,36.4
ORD105253,BENRES43DEL06,37,3.8,Bengaluru,2026-04-08,19:36:00,Cloudy,Low,2,Drinks,motorcycle,0,No,1.22,299.29,UPI,Delivered,,23.7
ORD102326,BENRES07DEL04,27,4.0,Bengaluru,2026-04-08,19:46:00,Stormy,Low,1,Snack,scooter,0,No,1.89,323.25,Cash,Delivered,,33.6
ORD104009,CHERES27DEL03,34,4.2,Chennai,2026-04-08,19:49:00,Cloudy,Medium,1,Snack,electric_scooter,0,No,3.51,384.02,UPI,Delivered,,39.4
ORD101058,CHERES07DEL01,25,4.0,Chennai,2026-04-08,19:57:00,Cloudy,Jam,0,Snack,scooter,1,No,6.16,331.74,UPI,Delivered,,46.6
ORD104037,DELRES32DEL04,27,4.6,Delhi,2026-04-08,19:57:00,Sunny,Low,2,Drinks,motorcycle,0,No,8.82,110.56,Cash,Delivered,,28.6
ORD101453,CHERES12DEL03,19,4.6,Chennai,2026-04-08,20:04:00,Sunny,Jam,2,Snack,scooter,1,No,1.41,307.79,UPI,Cancelled,Delivery Partner Unavailable,
ORD102559,BENRES03DEL02,22,4.4,Bengaluru,2026-04-08,20:11:00,Cloudy,Low,1,Buffet,motorcycle,0,No,5.58,457.09,UPI,Delivered,,27.6
ORD102428,DELRES12DEL06,20,4.3,Delhi,2026-04-08,20:24:00,Cloudy,High,2,Snack,motorcycle,0,No,5.28,697.0,UPI,Delivered,,36.1
ORD100955,BENRES08DEL03,27,4.4,Bengaluru,2026-04-08,20:32:00,Cloudy,Medium,1,Snack,motorcycle,1,No,6.11,363.95,UPI,Delivered,,32.3
ORD103699,MUMRES16DEL02,31,4.9,Mumbai,2026-04-08,21:20:00,Sunny,Low,3,Snack,motorcycle,1,No,3.0,415.07,UPI,Delivered,,27.1
ORD104572,CHERES14DEL07,26,4.4,Chennai,2026-04-08,21:20:00,Sunny,High,3,Snack,electric_scooter,1,No,9.29,495.73,UPI,Cancelled,Weather Disruption,
ORD103681,DELRES27DEL06,28,4.3,Delhi,2026-04-08,21:50:00,Cloudy,Low,1,Snack,scooter,0,No,7.5,200.29,Cash,Delivered,,27.8
ORD102397,PUNRES25DEL04,22,5.0,Pune,2026-04-08,23:05:00,Fog,Low,0,Snack,motorcycle,1,No,1.86,497.43,Cash,Delivered,,33.4
ORD100264,CHERES22DEL02,30,5.0,Chennai,2026-04-08,23:41:00,Cloudy,Medium,0,Meal,scooter,0,No,1.0,174.62,Card,Delivered,,24.5
ORD102052,CHERES31DEL05,31,4.2,Chennai,2026-04-09,00:52:00,Sunny,High,2,Drinks,motorcycle,0,No,7.81,152.5,Cash,Delivered,,40.3
ORD105269,KOLRES17DEL04,26,4.7,Kolkata,2026-04-09,00:52:00,Stormy,Medium,3,Snack,motorcycle,1,No,16.23,278.04,Cash,Delivered,,63.3
ORD104352,KOLRES32DEL06,18,4.6,Kolkata,2026-04-09,01:25:00,Sunny,Low,3,Buffet,motorcycle,0,No,1.4,114.92,Cash,Delivered,,23.5
ORD103167,MUMRES16DEL05,29,4.8,Mumbai,2026-04-09,05:11:00,Cloudy,Low,2,Snack,scooter,0,No,3.38,244.65,UPI,Delivered,,22.3
ORD103351,HYDRES06DEL08,18,4.6,Hyderabad,2026-04-09,06:47:00,Stormy,High,1,Meal,scooter,0,No,2.33,383.61,Cash,Cancelled,Customer Cancelled,
ORD105033,DELRES33DEL07,29,4.2,Delhi,2026-04-09,07:49:00,Fog,High,3,Meal,scooter,3,No,1.87,318.3,UPI,Delivered,,53.9
ORD103604,BENRES03DEL02,31,4.2,Bengaluru,2026-04-09,08:10:00,Sunny,Low,2,Snack,motorcycle,0,No,1.28,218.57,UPI,Delivered,,17.5
ORD105168,MUMRES37DEL07,28,5.0,Mumbai,2026-04-09,09:11:00,Sunny,Jam,2,Buffet,scooter,0,No,4.29,175.99,UPI,Delivered,,45.8
ORD104712,BENRES07DEL05,21,4.2,Bengaluru,2026-04-09,09:59:00,Sunny,Low,1,Buffet,motorcycle,2,No,4.2,160.77,UPI,Delivered,,34.5
ORD102694,HYDRES26DEL03,35,4.1,Hyderabad,2026-04-09,11:08:00,Sunny,Jam,2,Meal,motorcycle,1,No,2.29,300.82,Card,Delivered,,43.0
ORD102453,BENRES43DEL05,34,4.7,Bengaluru,2026-04-09,11:26:00,Cloudy,Low,2,Snack,scooter,0,No,5.61,386.47,UPI,Delivered,,26.4
ORD100699,BENRES14DEL07,27,4.2,Bengaluru,2026-04-09,11:33:00,Sunny,Low,1,Buffet,motorcycle,0,No,2.17,119.22,Card,Delivered,,23.4
ORD101369,KOLRES44DEL01,38,4.4,Kolkata,2026-04-09,12:40:00,Sunny,High,1,Snack,electric_scooter,1,No,2.02,231.52,UPI,Delivered,,38.1
ORD103675,MUMRES17DEL01,36,4.0,Mumbai,2026-04-09,12:43:00,Cloudy,Medium,2,Drinks,motorcycle,1,No,2.86,175.16,UPI,Delivered,,26.2
ORD103722,BENRES23DEL08,21,4.4,Bengaluru,2026-04-09,12:57:00,Sunny,Medium,2,Snack,motorcycle,1,No,2.72,91.81,Wallet,Delivered,,35.8
ORD105550,KOLRES28DEL05,23,4.6,Kolkata,2026-04-09,12:59:00,Sunny,Low,3,Drinks,motorcycle,0,No,11.9,344.04,Card,Delivered,,32.3
ORD102826,BENRES43DEL01,21,4.8,Bengaluru,2026-04-09,13:18:00,Sandstorms,Medium,2,Snack,motorcycle,0,No,2.89,229.36,Wallet,Delivered,,33.8
ORD104151,BENRES31DEL01,26,4.6,Bengaluru,2026-04-09,13:48:00,Cloudy,High,2,Snack,motorcycle,3,No,2.26,265.56,Card,Delivered,,40.6
ORD104329,HYDRES18DEL07,27,4.4,Hyderabad,2026-04-09,17:17:00,Stormy,Medium,3,Meal,motorcycle,1,No,3.43,248.96,UPI,Cancelled,Weather Disruption,
ORD100411,DELRES18DEL04,29,4.4,Delhi,2026-04-09,18:18:00,Sunny,Jam,0,Snack,motorcycle,2,No,1.77,260.72,UPI,Delivered,,42.2
ORD104019,CHERES12DEL06,28,4.6,Chennai,2026-04-09,18:26:00,Fog,Medium,0,Buffet,motorcycle,0,No,0.87,514.49,Cash,Delivered,,31.4
ORD104027,PUNRES16DEL07,24,4.5,Pune,2026-04-09,18:27:00,Sunny,Low,0,Drinks,motorcycle,2,No,4.39,557.4,Card,Delivered,,31.8
ORD105030,MUMRES10DEL05,26,4.3,Mumbai,2026-04-09,19:05:00,Sunny,Low,3,Buffet,motorcycle,0,No,12.96,195.82,Card,Delivered,,35.0
ORD102331,PUNRES33DEL08,30,4.8,Pune,2026-04-09,19:10:00,Sunny,Medium,3,Drinks,electric_scooter,2,No,6.61,355.53,Cash,Delivered,,43.8
ORD100946,CHERES26DEL05,36,4.6,Chennai,2026-04-09,19:34:00,Sunny,High,2,Buffet,motorcycle,1,No,5.18,363.14,UPI,Delivered,,35.2
ORD100219,BENRES36DEL07,32,4.4,Bengaluru,2026-04-09,19:39:00,Sunny,Low,3,Snack,motorcycle,2,No,4.11,357.11,UPI,Delivered,,36.1
ORD102505,KOLRES08DEL04,29,4.4,Kolkata,2026-04-09,19:46:00,Sunny,Medium,3,Meal,motorcycle,1,No,2.04,409.3,Card,Delivered,,30.7
ORD101644,PUNRES18DEL08,34,4.5,Pune,2026-04-09,19:51:00,Stormy,Medium,0,Snack,motorcycle,0,No,4.09,314.8,UPI,Delivered,,40.2
ORD100483,DELRES42DEL07,31,4.3,Delhi,2026-04-09,19:56:00,Cloudy,Medium,2,Meal,motorcycle,0,No,3.17,402.01,UPI,Delivered,,25.8
ORD104997,BENRES27DEL07,36,4.4,Bengaluru,2026-04-09,20:01:00,Sunny,Medium,0,Drinks,motorcycle,1,No,2.45,423.18,UPI,Delivered,,36.6
ORD103886,KOLRES09DEL08,25,4.7,Kolkata,2026-04-09,20:02:00,Sunny,High,3,Meal,motorcycle,3,No,9.76,120.48,UPI,Cancelled,Customer Cancelled,
ORD105393,KOLRES16DEL05,27,4.0,Kolkata,2026-04-09,20:06:00,Sunny,Low,3,Snack,motorcycle,1,No,4.43,383.18,Cash,Delivered,,33.7
ORD101007,MUMRES33DEL06,38,4.6,Mumbai,2026-04-09,20:22:00,Fog,Medium,1,Drinks,motorcycle,0,No,1.35,273.46,Cash,Delivered,,30.7
ORD104089,DELRES35DEL03,35,4.0,Delhi,2026-04-09,20:23:00,Fog,High,3,Meal,motorcycle,2,No,3.76,204.71,Card,Delivered,,46.5
ORD100873,PUNRES43DEL07,30,4.8,Pune,2026-04-09,20:24:00,Sunny,Low,0,Snack,motorcycle,1,No,6.65,161.82,Wallet,Delivered,,31.6
ORD100018,MUMRES24DEL05,36,4.6,Mumbai,2026-04-09,20:33:00,Fog,Low,3,Buffet,electric_scooter,1,No,10.45,301.28,UPI,Delivered,,41.1
ORD104282,MUMRES31DEL01,26,4.0,Mumbai,2026-04-09,20:34:00,Sunny,Medium,0,Meal,motorcycle,0,No,2.67,261.05,UPI,Delivered,,22.1
ORD101577,KOLRES09DEL02,30,4.0,Kolkata,2026-04-09,20:35:00,Windy,High,2,Snack,motorcycle,2,No,17.89,239.88,Wallet,Delivered,,60.8
ORD101068,CHERES20DEL05,22,4.4,Chennai,2026-04-09,20:36:00,Sunny,Low,2,Snack,motorcycle,2,No,4.36,96.13,Wallet,Delivered,,35.2
ORD104743,DELRES41DEL03,19,4.1,Delhi,2026-04-09,20:54:00,Windy,High,2,Meal,scooter,0,No,1.39,146.38,UPI,Delivered,,32.0
ORD100334,PUNRES17DEL03,27,5.0,Pune,2026-04-09,21:10:00,Sunny,Low,3,Drinks,scooter,1,No,6.66,146.03,Card,Delivered,,34.0
ORD101826,MUMRES33DEL04,27,4.8,Mumbai,2026-04-09,21:13:00,Cloudy,Medium,3,Snack,scooter,1,No,3.86,315.03,UPI,Delivered,,35.5
ORD100810,CHERES40DEL04,18,4.3,Chennai,2026-04-09,21:33:00,Sunny,Medium,1,Drinks,motorcycle,1,No,2.72,274.35,Cash,Delivered,,31.0
ORD101309,BENRES06DEL02,24,4.2,Bengaluru,2026-04-09,21:33:00,Sunny,Medium,0,Meal,electric_scooter,0,No,6.99,171.89,Cash,Delivered,,33.1
ORD101934,DELRES10DEL02,34,3.9,Delhi,2026-04-09,21:34:00,Sunny,Low,1,Meal,motorcycle,0,No,2.91,109.03,Wallet,Delivered,,21.7
ORD104338,DELRES04DEL06,38,4.2,Delhi,2026-04-09,21:49:00,Fog,Low,2,Meal,motorcycle,1,No,1.93,270.72,Card,Delivered,,30.0
ORD101043,DELRES10DEL02,35,4.4,Delhi,2026-04-09,22:06:00,Sunny,Medium,1,Meal,electric_scooter,0,No,3.53,120.99,Cash,Delivered,,26.2
ORD100325,BENRES26DEL05,29,4.3,Bengaluru,2026-04-09,22:12:00,Sandstorms,High,3,Meal,scooter,1,No,2.56,380.93,Cash,Delivered,,46.8
ORD100214,DELRES28DEL07,18,4.9,Delhi,2026-04-09,22:36:00,Sunny,Low,2,Meal,motorcycle,0,No,2.81,301.8,UPI,Delivered,,27.6
ORD102315,BENRES33DEL03,22,4.6,Bengaluru,2026-04-09,22:43:00,Sunny,Medium,2,Snack,scooter,0,No,5.48,653.32,UPI,Delivered,,29.5
ORD100668,MUMRES17DEL05,28,4.6,Mumbai,2026-04-09,22:46:00,Sunny,Low,1,Snack,motorcycle,0,No,9.24,213.63,Card,Cancelled,Customer Cancelled,
ORD104091,BENRES07DEL05,30,4.6,Bengaluru,2026-04-09,22:50:00,Windy,Medium,1,Buffet,motorcycle,3,No,6.85,407.44,UPI,Delivered,,58.6
ORD102894,BENRES44DEL01,27,4.9,Bengaluru,2026-04-09,23:32:00,Fog,Medium,0,Snack,scooter,3,No,1.79,187.81,UPI,Delivered,,40.0
ORD104407,PUNRES24DEL05,36,4.5,Pune,2026-04-09,23:40:00,Sandstorms,Low,3,Drinks,electric_scooter,1,No,2.5,134.13,Cash,Delivered,,38.8
ORD102936,DELRES21DEL05,23,3.9,Delhi,2026-04-10,00:32:00,Stormy,High,2,Snack,motorcycle,2,No,5.46,346.21,UPI,Delivered,,56.1
ORD105282,MUMRES34DEL07,18,4.6,Mumbai,2026-04-10,07:53:00,Windy,Low,2,Buffet,scooter,0,No,5.23,304.6,Cash,Delivered,,28.0
ORD103166,DELRES35DEL06,25,4.8,Delhi,2026-04-10,07:55:00,Sandstorms,High,2,Buffet,scooter,0,No,13.19,144.03,Card,Delivered,,56.7
ORD100324,CHERES39DEL07,22,4.8,Chennai,2026-04-10,11:34:00,Sunny,Jam,1,Snack,motorcycle,1,No,5.68,340.33,UPI,Delivered,,42.9
ORD104429,DELRES37DEL04,22,4.7,Delhi,2026-04-10,11:40:00,Cloudy,Jam,2,Snack,motorcycle,0,No,8.44,434.18,Card,Delivered,,43.2
ORD104594,MUMRES42DEL06,26,3.9,Mumbai,2026-04-10,11:44:00,Cloudy,Medium,1,Buffet,electric_scooter,0,No,4.62,166.02,UPI,Delivered,,26.9
ORD105290,CHERES29DEL04,26,4.8,Chennai,2026-04-10,11:53:00,Stormy,Medium,3,Buffet,scooter,0,No,12.38,324.58,UPI,Delivered,,49.9
ORD102800,HYDRES20DEL01,36,3.8,Hyderabad,2026-04-10,12:02:00,Fog,Low,1,Drinks,scooter,1,No,3.31,217.28,Wallet,Delivered,,33.2
ORD100866,DELRES07DEL04,32,4.2,Delhi,2026-04-10,12:25:00,Sunny,Low,1,Snack,motorcycle,0,No,14.56,84.39,Cash,Delivered,,39.8
ORD104192,KOLRES29DEL08,30,4.3,Kolkata,2026-04-10,12:28:00,Fog,Medium,3,Drinks,motorcycle,1,No,10.83,80.0,UPI,Delivered,,51.4
ORD101517,HYDRES44DEL07,26,4.7,Hyderabad,2026-04-10,12:38:00,Fog,Medium,3,Snack,motorcycle,0,No,1.66,173.4,UPI,Delivered,,33.2
ORD105606,BENRES25DEL02,28,4.7,Bengaluru,2026-04-10,12:50:00,Windy,High,1,Buffet,electric_scooter,2,No,6.48,152.61,Wallet,Delivered,,47.8
ORD105096,CHERES12DEL03,45,4.5,Chennai,2026-04-10,12:58:00,Fog,Low,3,Snack,scooter,0,No,3.15,241.09,UPI,Delivered,,30.2
ORD103111,BENRES23DEL05,34,4.7,Bengaluru,2026-04-10,12:59:00,Sunny,High,1,Meal,motorcycle,1,No,1.8,266.82,Cash,Cancelled,Traffic Delay,
ORD101569,MUMRES04DEL03,28,4.2,Mumbai,2026-04-10,13:20:00,Sunny,Low,1,Snack,scooter,0,No,11.88,296.84,Card,Delivered,,36.8
ORD103174,MUMRES18DEL08,44,4.6,Mumbai,2026-04-10,13:35:00,Sunny,High,2,Snack,motorcycle,2,No,3.35,243.8,Cash,Delivered,,41.0
ORD102537,MUMRES07DEL07,25,4.3,Mumbai,2026-04-10,13:50:00,Sunny,Medium,0,Meal,scooter,1,No,1.15,182.54,Cash,Delivered,,32.5
ORD101942,DELRES44DEL03,28,4.0,Delhi,2026-04-10,14:00:00,Windy,High,0,Snack,motorcycle,0,No,9.32,304.04,UPI,Cancelled,Delivery Partner Unavailable,
ORD100661,DELRES19DEL05,23,5.0,Delhi,2026-04-10,14:57:00,Windy,Low,1,Meal,scooter,1,No,8.04,572.24,UPI,Delivered,,45.8
ORD102792,CHERES42DEL06,27,4.7,Chennai,2026-04-10,16:38:00,Cloudy,Medium,0,Buffet,motorcycle,0,No,3.07,196.06,UPI,Delivered,,21.9
ORD100956,PUNRES44DEL07,27,4.9,Pune,2026-04-10,16:54:00,Sunny,Medium,1,Drinks,motorcycle,1,No,3.83,538.59,UPI,Delivered,,26.1
ORD103036,PUNRES17DEL06,25,4.2,Pune,2026-04-10,17:19:00,Cloudy,Jam,3,Meal,motorcycle,1,No,3.38,223.09,UPI,Delivered,,47.4
ORD104808,BENRES06DEL01,42,4.7,Bengaluru,2026-04-10,18:30:00,Sunny,Medium,1,Snack,bicycle,0,No,4.23,218.89,Wallet,Delivered,,26.6
ORD105768,MUMRES41DEL05,38,4.3,Mumbai,2026-04-10,19:31:00,Stormy,Jam,0,Meal,electric_scooter,0,No,10.88,663.65,UPI,Delivered,,67.2
ORD102681,KOLRES13DEL08,31,4.4,Kolkata,2026-04-10,19:48:00,Sunny,High,2,Buffet,electric_scooter,1,No,1.4,216.06,Wallet,Delivered,,35.2
ORD103817,BENRES30DEL06,18,4.6,Bengaluru,2026-04-10,19:50:00,Windy,High,1,Buffet,scooter,2,No,1.87,206.06,UPI,Delivered,,41.4
ORD100822,BENRES12DEL04,26,4.6,Bengaluru,2026-04-10,20:02:00,Sunny,Medium,0,Snack,motorcycle,0,No,3.08,399.63,Cash,Delivered,,29.7
ORD102767,BENRES43DEL05,26,4.4,Bengaluru,2026-04-10,20:20:00,Sunny,High,3,Buffet,electric_scooter,0,No,8.37,530.85,UPI,Delivered,,37.7
ORD105879,DELRES29DEL02,18,4.7,Delhi,2026-04-10,20:39:00,Stormy,High,2,Buffet,bicycle,0,No,2.63,512.42,UPI,Delivered,,42.5
ORD102673,BENRES23DEL03,37,4.8,Bengaluru,2026-04-10,20:40:00,Sunny,Medium,1,Snack,scooter,0,No,4.23,603.23,UPI,Delivered,,29.1
ORD105065,BENRES14DEL07,28,4.5,Bengaluru,2026-04-10,20:44:00,Fog,Medium,0,Drinks,bicycle,0,No,3.77,305.86,UPI,Delivered,,32.8
ORD103912,CHERES21DEL04,29,4.6,Chennai,2026-04-10,20:45:00,Fog,High,1,Drinks,motorcycle,0,No,3.13,158.47,UPI,Delivered,,39.5
ORD103266,MUMRES31DEL02,27,4.3,Mumbai,2026-04-10,20:53:00,Windy,Low,0,Snack,motorcycle,0,No,6.67,220.8,Card,Delivered,,25.4
ORD102481,BENRES12DEL06,36,4.5,Bengaluru,2026-04-10,20:59:00,Windy,Jam,0,Buffet,scooter,1,No,1.87,193.0,UPI,Delivered,,39.6
ORD103362,HYDRES38DEL08,20,4.0,Hyderabad,2026-04-10,21:09:00,Windy,Medium,3,Snack,scooter,2,No,6.05,480.13,Card,Delivered,,49.9
ORD103554,CHERES02DEL06,20,4.9,Chennai,2026-04-10,21:15:00,Cloudy,Medium,0,Drinks,electric_scooter,0,No,17.11,303.08,Card,Delivered,,51.4
ORD105911,DELRES31DEL08,28,4.4,Delhi,2026-04-10,21:22:00,Cloudy,High,1,Buffet,motorcycle,0,No,2.58,235.76,UPI,Delivered,,28.6
ORD103154,BENRES30DEL05,25,4.2,Bengaluru,2026-04-10,22:02:00,Cloudy,Medium,0,Buffet,scooter,1,No,5.39,400.0,UPI,Delivered,,38.7
ORD103475,KOLRES19DEL06,38,3.9,Kolkata,2026-04-10,22:16:00,Stormy,High,2,Snack,scooter,1,No,5.21,592.81,Cash,Delivered,,52.3
ORD103744,DELRES07DEL01,32,4.2,Delhi,2026-04-10,22:37:00,Windy,Medium,1,Drinks,scooter,1,No,2.84,521.44,Wallet,Delivered,,32.4
ORD104742,DELRES37DEL04,25,4.5,Delhi,2026-04-10,22:58:00,Windy,High,1,Meal,electric_scooter,1,No,2.58,317.23,UPI,Delivered,,34.4
ORD101144,MUMRES03DEL08,29,3.7,Mumbai,2026-04-11,00:02:00,Sunny,High,1,Meal,motorcycle,1,No,1.49,132.37,Cash,Delivered,,32.8
ORD102809,DELRES06DEL08,26,4.6,Delhi,2026-04-11,07:57:00,Sunny,Jam,0,Snack,electric_scooter,1,No,9.27,418.19,UPI,Delivered,,52.9
ORD100272,PUNRES39DEL07,32,4.4,Pune,2026-04-11,08:47:00,Sunny,Low,1,Snack,motorcycle,0,No,1.15,181.22,UPI,Delivered,,25.6
ORD104337,HYDRES22DEL03,35,4.8,Hyderabad,2026-04-11,09:30:00,Cloudy,Medium,1,Snack,scooter,0,No,10.1,292.54,Card,Delivered,,33.2
ORD102482,DELRES19DEL04,25,4.8,Delhi,2026-04-11,09:42:00,Cloudy,Medium,0,Buffet,motorcycle,0,No,5.43,323.33,UPI,Delivered,,30.4
ORD100527,PUNRES17DEL01,33,3.8,Pune,2026-04-11,10:42:00,Cloudy,High,1,Snack,motorcycle,0,No,1.22,547.69,Wallet,Cancelled,Customer Cancelled,
ORD102552,CHERES21DEL01,27,4.8,Chennai,2026-04-11,10:48:00,Stormy,High,0,Snack,motorcycle,0,No,4.98,264.81,UPI,Delivered,,43.3
ORD100472,BENRES33DEL08,25,4.1,Bengaluru,2026-04-11,11:27:00,Sunny,Jam,0,Snack,electric_scooter,2,No,2.36,80.0,UPI,Cancelled,Customer Cancelled,
ORD103586,CHERES38DEL01,30,4.5,Chennai,2026-04-11,11:32:00,Fog,Low,0,Meal,scooter,1,No,4.84,123.49,UPI,Delivered,,34.9
ORD101614,PUNRES44DEL02,33,4.7,Pune,2026-04-11,12:06:00,Fog,Medium,2,Drinks,motorcycle,1,No,2.92,450.1,UPI,Delivered,,36.2
ORD101352,DELRES15DEL06,40,4.3,Delhi,2026-04-11,12:08:00,Windy,Medium,2,Meal,electric_scooter,1,No,8.15,165.69,UPI,Delivered,,41.6
ORD104232,CHERES18DEL07,23,4.7,Chennai,2026-04-11,12:09:00,Fog,Medium,2,Drinks,motorcycle,1,No,2.58,186.57,UPI,Delivered,,31.0
ORD103453,MUMRES42DEL08,28,4.7,Mumbai,2026-04-11,12:25:00,Windy,Jam,1,Meal,motorcycle,3,No,6.64,654.74,Card,Delivered,,62.3
ORD105930,BENRES15DEL08,30,4.3,Bengaluru,2026-04-11,12:27:00,Sunny,Medium,1,Snack,motorcycle,0,No,1.84,768.24,UPI,Delivered,,25.3
ORD102437,MUMRES44DEL04,21,3.9,Mumbai,2026-04-11,13:07:00,Fog,Medium,3,Buffet,motorcycle,1,No,1.43,188.98,UPI,Delivered,,34.1
ORD102753,DELRES31DEL06,32,3.9,Delhi,2026-04-11,13:10:00,Cloudy,Low,0,Meal,scooter,0,No,2.45,129.74,UPI,Delivered,,23.4
ORD103156,MUMRES08DEL07,19,4.6,Mumbai,2026-04-11,13:38:00,Cloudy,Jam,2,Snack,motorcycle,0,No,8.55,182.75,UPI,Delivered,,46.6
ORD105210,MUMRES29DEL08,41,4.7,Mumbai,2026-04-11,13:41:00,Cloudy,High,3,Buffet,motorcycle,0,No,2.64,323.47,Cash,Delivered,,31.2
ORD101793,CHERES33DEL06,32,4.3,Chennai,2026-04-11,13:49:00,Cloudy,Low,0,Meal,scooter,0,No,0.9,343.53,Cash,Delivered,,23.8
ORD100033,PUNRES41DEL03,24,4.0,Pune,2026-04-11,14:59:00,Cloudy,High,3,Drinks,motorcycle,0,No,1.45,299.04,Wallet,Delivered,,32.9
ORD101751,KOLRES44DEL03,42,4.0,Kolkata,2026-04-11,15:10:00,Cloudy,Medium,3,Drinks,scooter,0,No,3.33,205.99,UPI,Delivered,,30.2
ORD100924,KOLRES04DEL01,36,4.7,Kolkata,2026-04-11,15:15:00,Cloudy,Low,2,Buffet,motorcycle,0,No,10.8,211.32,Card,Delivered,,37.8
ORD105247,BENRES44DEL07,32,4.4,Bengaluru,2026-04-11,15:46:00,Cloudy,Low,3,Meal,motorcycle,0,No,5.44,361.97,UPI,Delivered,,30.1
ORD104771,BENRES17DEL03,25,4.4,Bengaluru,2026-04-11,17:06:00,Windy,Low,3,Drinks,motorcycle,0,No,4.63,237.22,Cash,Delivered,,30.8
ORD105434,MUMRES10DEL04,24,4.4,Mumbai,2026-04-11,17:37:00,Cloudy,High,1,Snack,motorcycle,0,No,2.18,209.97,Wallet,Delivered,,30.2
ORD100641,MUMRES08DEL01,18,4.4,Mumbai,2026-04-11,18:31:00,Sunny,Low,2,Snack,motorcycle,1,No,4.83,128.46,UPI,Delivered,,29.4
ORD104419,DELRES27DEL03,33,4.5,Delhi,2026-04-11,18:40:00,Sunny,Medium,1,Drinks,motorcycle,0,No,2.14,222.36,UPI,Delivered,,18.3
ORD100582,CHERES43DEL04,31,4.3,Chennai,2026-04-11,18:45:00,Sunny,High,3,Snack,motorcycle,3,No,1.31,608.1,UPI,Delivered,,49.7
ORD103347,HYDRES03DEL07,26,4.6,Hyderabad,2026-04-11,18:47:00,Windy,Low,0,Snack,bicycle,1,No,4.43,399.23,UPI,Delivered,,33.6
ORD105230,KOLRES24DEL07,28,4.2,Kolkata,2026-04-11,19:03:00,Fog,High,0,Meal,motorcycle,0,No,14.76,469.55,UPI,Delivered,,54.6
ORD103536,PUNRES24DEL06,32,4.5,Pune,2026-04-11,19:08:00,Cloudy,High,2,Buffet,motorcycle,0,No,5.17,433.42,UPI,Delivered,,41.6
ORD104814,CHERES20DEL01,27,4.0,Chennai,2026-04-11,19:31:00,Cloudy,Jam,2,Snack,scooter,1,No,2.26,504.0,UPI,Delivered,,43.5
ORD101860,CHERES28DEL02,37,4.5,Chennai,2026-04-11,19:39:00,Stormy,Low,2,Meal,motorcycle,0,No,3.21,327.11,UPI,Delivered,,33.6
ORD105945,BENRES06DEL08,20,4.7,Bengaluru,2026-04-11,19:58:00,Stormy,Low,3,Snack,motorcycle,0,No,5.89,210.88,Cash,Delivered,,32.2
ORD105918,MUMRES29DEL07,32,4.2,Mumbai,2026-04-11,20:19:00,Sunny,Medium,2,Drinks,motorcycle,0,No,5.89,457.94,UPI,Delivered,,28.0
ORD102634,DELRES14DEL05,28,4.7,Delhi,2026-04-11,20:43:00,Sunny,Low,1,Buffet,motorcycle,0,No,4.16,282.02,UPI,Delivered,,25.1
ORD103244,HYDRES19DEL02,31,4.4,Hyderabad,2026-04-11,21:17:00,Windy,Low,3,Buffet,scooter,3,No,4.65,198.42,Card,Delivered,,44.8
ORD101879,MUMRES36DEL05,29,4.7,Mumbai,2026-04-11,21:42:00,Fog,Medium,1,Buffet,electric_scooter,0,No,2.84,343.03,Cash,Delivered,,34.5
ORD101655,MUMRES14DEL03,35,4.4,Mumbai,2026-04-11,21:57:00,Cloudy,Medium,1,Meal,scooter,0,No,6.52,365.93,UPI,Delivered,,34.0
ORD100225,KOLRES19DEL03,18,4.1,Kolkata,2026-04-11,23:38:00,Sunny,Medium,1,Meal,scooter,0,No,1.05,297.8,UPI,Cancelled,Restaurant Delay,
ORD103017,BENRES09DEL02,20,4.2,Bengaluru,2026-04-12,04:03:00,Stormy,Jam,2,Drinks,scooter,2,No,3.32,367.81,Wallet,Delivered,,56.1
ORD102464,HYDRES06DEL04,29,4.8,Hyderabad,2026-04-12,04:44:00,Cloudy,Low,1,Buffet,electric_scooter,0,No,1.52,454.64,Card,Delivered,,24.6
ORD103985,MUMRES10DEL03,27,4.3,Mumbai,2026-04-12,05:22:00,Sunny,Low,3,Snack,electric_scooter,0,No,2.53,97.43,Cash,Delivered,,22.0
ORD104285,HYDRES28DEL05,42,4.3,Hyderabad,2026-04-12,07:59:00,Stormy,Medium,0,Buffet,scooter,0,No,2.59,488.73,UPI,Delivered,,35.1
ORD104364,HYDRES06DEL04,23,4.7,Hyderabad,2026-04-12,08:08:00,Sandstorms,Low,0,Drinks,bicycle,1,No,2.95,283.41,Cash,Delivered,,28.8
ORD105414,DELRES44DEL06,37,4.4,Delhi,2026-04-12,08:47:00,Sunny,Low,2,Snack,bicycle,0,No,1.27,406.34,UPI,Delivered,,22.1
ORD104160,HYDRES18DEL06,30,4.7,Hyderabad,2026-04-12,08:52:00,Sunny,Medium,1,Buffet,scooter,2,No,2.63,270.65,Cash,Delivered,,30.9
ORD105506,HYDRES36DEL02,20,4.0,Hyderabad,2026-04-12,09:03:00,Cloudy,Jam,2,Buffet,motorcycle,2,No,4.78,327.5,Card,Cancelled,Traffic Delay,
ORD100680,MUMRES44DEL02,36,4.1,Mumbai,2026-04-12,10:23:00,Windy,Medium,2,Drinks,scooter,0,No,8.02,213.1,Cash,Delivered,,37.2
ORD105248,BENRES19DEL01,18,5.0,Bengaluru,2026-04-12,10:29:00,Cloudy,Medium,2,Buffet,electric_scooter,1,No,3.79,408.97,Cash,Delivered,,29.7
ORD102312,HYDRES43DEL04,28,4.0,Hyderabad,2026-04-12,10:52:00,Windy,Medium,2,Snack,scooter,1,No,4.53,89.97,Cash,Delivered,,32.5
ORD102441,CHERES37DEL08,31,3.9,Chennai,2026-04-12,11:13:00,Sunny,Low,2,Snack,motorcycle,0,No,4.4,362.99,Card,Delivered,,23.6
ORD103790,DELRES31DEL07,23,4.8,Delhi,2026-04-12,11:17:00,Fog,Medium,1,Meal,scooter,2,No,9.04,249.39,UPI,Delivered,,48.1
ORD104043,HYDRES12DEL04,29,4.2,Hyderabad,2026-04-12,11:19:00,Stormy,Medium,1,Snack,motorcycle,1,No,4.51,296.94,UPI,Delivered,,44.8
ORD101786,BENRES41DEL05,25,4.9,Bengaluru,2026-04-12,11:24:00,Cloudy,Low,1,Buffet,motorcycle,1,No,9.29,80.0,Cash,Delivered,,35.7
ORD105767,BENRES43DEL02,36,5.0,Bengaluru,2026-04-12,11:43:00,Sunny,Medium,0,Buffet,scooter,0,No,4.3,381.49,Cash,Delivered,,31.1
ORD100904,PUNRES27DEL08,31,3.9,Pune,2026-04-12,11:52:00,Fog,Low,3,Meal,motorcycle,0,No,2.15,147.81,UPI,Delivered,,25.9
ORD101927,CHERES18DEL02,37,4.6,Chennai,2026-04-12,12:08:00,Cloudy,Jam,0,Snack,electric_scooter,2,No,6.15,188.71,UPI,Delivered,,55.1
ORD103895,KOLRES13DEL08,32,4.6,Kolkata,2026-04-12,12:15:00,Fog,Low,1,Meal,motorcycle,0,No,2.78,507.86,UPI,Delivered,,27.7
ORD103327,PUNRES02DEL03,29,4.2,Pune,2026-04-12,12:38:00,Sandstorms,Medium,2,Snack,motorcycle,1,No,5.23,344.59,UPI,Delivered,,43.2
ORD103672,MUMRES17DEL01,24,4.1,Mumbai,2026-04-12,12:45:00,Windy,Medium,0,Buffet,electric_scooter,2,No,3.8,215.65,UPI,Delivered,,38.9
ORD103749,PUNRES24DEL02,34,4.6,Pune,2026-04-12,12:49:00,Sunny,High,0,Drinks,electric_scooter,1,No,6.19,552.53,Wallet,Delivered,,38.9
ORD100913,BENRES02DEL05,26,4.0,Bengaluru,2026-04-12,12:56:00,Windy,Low,2,Buffet,scooter,1,No,5.53,490.37,Cash,Delivered,,35.5
ORD103614,BENRES03DEL05,18,4.7,Bengaluru,2026-04-12,13:00:00,Fog,Medium,0,Meal,electric_scooter,0,No,1.09,80.0,UPI,Delivered,,35.5
ORD104855,BENRES21DEL04,28,4.5,Bengaluru,2026-04-12,13:34:00,Sunny,Medium,0,Drinks,motorcycle,0,No,7.26,200.18,UPI,Delivered,,33.9
ORD104002,BENRES02DEL08,27,4.6,Bengaluru,2026-04-12,14:30:00,Sandstorms,Low,2,Buffet,scooter,0,No,3.28,239.32,UPI,Delivered,,29.6
ORD105704,DELRES35DEL05,29,4.4,Delhi,2026-04-12,14:46:00,Cloudy,High,1,Drinks,bicycle,1,No,6.56,139.86,Cash,Delivered,,42.0
ORD103633,HYDRES38DEL02,34,4.9,Hyderabad,2026-04-12,14:47:00,Windy,Jam,0,Snack,motorcycle,0,No,14.27,330.0,UPI,Delivered,,58.7
ORD101022,CHERES42DEL01,26,4.8,Chennai,2026-04-12,14:50:00,Sunny,Medium,0,Drinks,motorcycle,0,No,4.88,290.37,Card,Delivered,,33.3
ORD102398,DELRES14DEL06,30,4.5,Delhi,2026-04-12,16:55:00,Cloudy,Medium,2,Snack,motorcycle,0,No,5.18,327.24,Cash,Delivered,,29.0
ORD100753,MUMRES13DEL01,30,3.9,Mumbai,2026-04-12,17:12:00,Windy,High,3,Drinks,motorcycle,0,No,0.97,192.25,Card,Delivered,,33.7
ORD101402,MUMRES10DEL04,29,4.7,Mumbai,2026-04-12,17:24:00,Cloudy,Medium,2,Snack,motorcycle,1,No,3.79,369.83,UPI,Delivered,,35.8
ORD105027,HYDRES35DEL05,26,4.4,Hyderabad,2026-04-12,17:54:00,Windy,High,2,Snack,scooter,0,No,4.56,377.27,Cash,Delivered,,39.0
ORD105796,MUMRES29DEL03,28,4.8,Mumbai,2026-04-12,18:22:00,Sunny,High,3,Buffet,motorcycle,0,No,1.61,208.92,UPI,Delivered,,32.7
ORD101154,MUMRES09DEL02,31,4.3,Mumbai,2026-04-12,19:07:00,Stormy,High,1,Drinks,motorcycle,1,No,1.58,164.19,Cash,Delivered,,36.7
ORD103498,HYDRES34DEL06,40,4.8,Hyderabad,2026-04-12,19:07:00,Sunny,Low,3,Snack,scooter,3,No,1.01,240.71,UPI,Delivered,,31.2
ORD102932,BENRES28DEL02,30,4.5,Bengaluru,2026-04-12,19:36:00,Cloudy,Medium,2,Drinks,scooter,3,No,1.31,124.03,UPI,Delivered,,36.4
ORD102896,BENRES01DEL03,31,4.4,Bengaluru,2026-04-12,20:00:00,Windy,High,1,Buffet,motorcycle,0,No,5.51,93.2,Cash,Delivered,,42.1
ORD104404,BENRES29DEL01,30,4.5,Bengaluru,2026-04-12,20:00:00,Sunny,Medium,3,Snack,scooter,1,No,9.54,157.74,Cash,Delivered,,40.4
ORD102766,BENRES12DEL03,24,5.0,Bengaluru,2026-04-12,20:28:00,Stormy,Medium,3,Snack,motorcycle,0,No,1.48,296.81,Card,Delivered,,29.0
ORD103200,DELRES21DEL07,27,4.3,Delhi,2026-04-12,20:36:00,Sunny,Low,0,Buffet,electric_scooter,0,No,7.87,214.88,Cash,Delivered,,29.9
ORD102272,CHERES27DEL07,25,4.3,Chennai,2026-04-12,20:39:00,Cloudy,Low,1,Buffet,scooter,0,No,5.91,386.76,Cash,Delivered,,24.6
ORD103375,MUMRES20DEL02,19,4.3,Mumbai,2026-04-12,20:47:00,Sunny,Low,3,Drinks,motorcycle,2,No,3.23,243.53,UPI,Delivered,,32.1
ORD101276,HYDRES16DEL07,34,3.8,Hyderabad,2026-04-12,20:58:00,Sunny,Jam,2,Drinks,motorcycle,0,No,7.53,119.9,Cash,Delivered,,44.9
ORD100534,MUMRES30DEL04,18,4.3,Mumbai,2026-04-12,21:00:00,Cloudy,Jam,1,Drinks,electric_scooter,0,No,3.68,138.12,UPI,Delivered,,35.0
ORD104815,BENRES09DEL04,25,3.9,Bengaluru,2026-04-12,21:00:00,Cloudy,Medium,2,Snack,motorcycle,0,No,3.41,333.96,UPI,Delivered,,32.7
ORD104145,BENRES32DEL03,23,4.7,Bengaluru,2026-04-12,21:11:00,Sunny,Low,0,Meal,motorcycle,1,No,1.97,440.07,Cash,Cancelled,Weather Disruption,
ORD102684,CHERES14DEL01,27,5.0,Chennai,2026-04-12,21:27:00,Sunny,High,2,Meal,motorcycle,1,No,6.71,276.73,Wallet,Delivered,,46.1
ORD103709,BENRES15DEL03,36,4.2,Bengaluru,2026-04-12,21:27:00,Sunny,Low,1,Buffet,motorcycle,0,No,2.73,181.38,UPI,Delivered,,26.1
ORD103658,BENRES44DEL07,30,4.0,Bengaluru,2026-04-12,22:24:00,Cloudy,High,1,Buffet,motorcycle,1,No,4.85,290.66,UPI,Delivered,,40.3
ORD102708,MUMRES11DEL05,33,4.9,Mumbai,2026-04-12,22:44:00,Windy,Medium,1,Buffet,motorcycle,0,No,3.51,367.49,UPI,Cancelled,Restaurant Delay,
ORD105312,MUMRES30DEL05,26,3.7,Mumbai,2026-04-12,22:50:00,Windy,Jam,3,Meal,bicycle,1,No,16.36,363.71,UPI,Delivered,,65.6
ORD104882,HYDRES33DEL02,34,3.5,Hyderabad,2026-04-12,22:51:00,Sunny,High,3,Meal,bicycle,0,No,8.55,452.9,UPI,Delivered,,40.1
ORD102000,BENRES27DEL03,34,4.9,Bengaluru,2026-04-12,23:14:00,Sunny,Low,0,Buffet,motorcycle,1,No,3.3,221.12,UPI,Delivered,,24.5
ORD102550,MUMRES12DEL08,38,4.4,Mumbai,2026-04-12,23:49:00,Sunny,Low,3,Meal,scooter,1,No,0.82,312.58,UPI,Delivered,,25.8
ORD101485,DELRES30DEL07,35,4.2,Delhi,2026-04-13,00:44:00,Fog,High,1,Buffet,motorcycle,0,No,2.9,429.86,UPI,Delivered,,31.1
ORD101317,HYDRES24DEL02,24,4.0,Hyderabad,2026-04-13,04:25:00,Fog,Medium,3,Snack,motorcycle,2,No,5.33,192.76,Card,Delivered,,41.6
ORD101462,PUNRES07DEL03,29,3.9,Pune,2026-04-13,07:35:00,Fog,Medium,3,Snack,motorcycle,0,No,2.66,416.73,UPI,Delivered,,33.6
ORD103214,HYDRES30DEL02,31,3.9,Hyderabad,2026-04-13,08:27:00,Windy,Low,2,Drinks,motorcycle,1,No,6.46,279.05,UPI,Delivered,,39.3
ORD101002,MUMRES25DEL03,31,3.7,Mumbai,2026-04-13,08:34:00,Sunny,Medium,2,Drinks,scooter,0,No,4.14,230.33,Card,Delivered,,33.3
ORD104620,DELRES39DEL01,33,4.5,Delhi,2026-04-13,08:39:00,Stormy,High,3,Meal,motorcycle,0,No,1.29,194.48,UPI,Cancelled,Customer Cancelled,
ORD105575,DELRES33DEL03,23,4.9,Delhi,2026-04-13,09:57:00,Sunny,Low,1,Drinks,scooter,3,No,5.93,447.1,Cash,Delivered,,39.1
ORD103447,DELRES19DEL05,26,3.5,Delhi,2026-04-13,11:17:00,Cloudy,Jam,2,Snack,scooter,3,No,7.35,210.54,Wallet,Delivered,,64.9
ORD104486,MUMRES42DEL02,32,4.2,Mumbai,2026-04-13,11:32:00,Sandstorms,Jam,1,Meal,scooter,2,No,6.17,533.77,Cash,Cancelled,Weather Disruption,
ORD105378,DELRES38DEL08,32,4.6,Delhi,2026-04-13,12:03:00,Fog,Medium,3,Meal,electric_scooter,0,No,4.13,403.49,UPI,Delivered,,35.7
ORD105544,BENRES24DEL07,21,4.0,Bengaluru,2026-04-13,12:17:00,Cloudy,Low,2,Drinks,motorcycle,2,No,7.86,211.69,Cash,Cancelled,Customer Cancelled,
ORD102227,KOLRES39DEL04,28,4.6,Kolkata,2026-04-13,12:26:00,Sandstorms,Medium,0,Buffet,electric_scooter,1,No,1.21,166.38,UPI,Cancelled,Restaurant Delay,
ORD104422,BENRES14DEL05,32,4.2,Bengaluru,2026-04-13,12:28:00,Fog,High,2,Meal,motorcycle,0,No,13.81,344.07,UPI,Delivered,,57.7
ORD101394,HYDRES06DEL08,35,4.4,Hyderabad,2026-04-13,12:29:00,Sunny,Medium,0,Meal,motorcycle,3,No,7.62,405.68,UPI,Delivered,,48.1
ORD102377,HYDRES09DEL01,25,4.1,Hyderabad,2026-04-13,12:56:00,Cloudy,Low,2,Meal,electric_scooter,1,No,5.62,240.56,UPI,Delivered,,27.1
ORD102141,DELRES19DEL04,26,4.9,Delhi,2026-04-13,13:05:00,Windy,Medium,1,Drinks,motorcycle,1,No,1.08,80.0,Card,Delivered,,30.3
ORD104088,KOLRES07DEL07,18,4.3,Kolkata,2026-04-13,13:23:00,Windy,Medium,0,Drinks,motorcycle,1,No,10.96,427.6,Card,Delivered,,52.7
ORD100406,BENRES11DEL07,25,5.0,Bengaluru,2026-04-13,13:42:00,Cloudy,Medium,0,Drinks,scooter,1,No,7.74,228.66,UPI,Cancelled,Weather Disruption,
ORD104252,PUNRES27DEL07,24,3.7,Pune,2026-04-13,14:41:00,Cloudy,High,0,Drinks,electric_scooter,0,No,2.56,223.52,UPI,Delivered,,35.1
ORD101978,BENRES29DEL07,38,3.9,Bengaluru,2026-04-13,14:57:00,Sunny,Medium,2,Meal,scooter,3,No,7.83,318.94,Cash,Delivered,,48.3
ORD102655,KOLRES22DEL04,26,4.5,Kolkata,2026-04-13,15:40:00,Sunny,High,3,Snack,scooter,0,No,1.82,233.4,UPI,Delivered,,29.7
ORD102889,KOLRES18DEL04,37,4.9,Kolkata,2026-04-13,15:51:00,Stormy,Low,3,Snack,scooter,1,No,2.71,80.0,Card,Delivered,,40.2
ORD101890,MUMRES05DEL05,30,4.6,Mumbai,2026-04-13,16:21:00,Sunny,Low,0,Snack,scooter,0,No,4.65,132.43,UPI,Delivered,,28.7
ORD103202,BENRES24DEL03,23,4.6,Bengaluru,2026-04-13,16:36:00,Cloudy,Low,0,Drinks,scooter,1,No,4.61,131.84,Cash,Delivered,,29.4
ORD103053,BENRES39DEL04,29,4.4,Bengaluru,2026-04-13,16:51:00,Sunny,Medium,3,Buffet,scooter,0,No,2.72,186.43,Card,Delivered,,31.1
ORD101995,PUNRES10DEL08,28,4.0,Pune,2026-04-13,17:05:00,Sunny,Low,2,Buffet,motorcycle,2,No,7.29,170.66,Card,Delivered,,35.9
ORD101551,BENRES05DEL08,20,3.9,Bengaluru,2026-04-13,17:48:00,Sunny,Medium,1,Drinks,electric_scooter,1,No,12.77,243.84,UPI,Delivered,,49.6
ORD105629,MUMRES13DEL07,31,5.0,Mumbai,2026-04-13,18:04:00,Cloudy,Medium,1,Buffet,scooter,1,No,3.73,307.72,Wallet,Delivered,,42.3
ORD103820,PUNRES06DEL04,24,4.1,Pune,2026-04-13,18:08:00,Fog,High,0,Snack,scooter,0,No,7.36,318.83,UPI,Delivered,,37.7
ORD105151,HYDRES24DEL02,32,4.5,Hyderabad,2026-04-13,18:17:00,Windy,High,2,Snack,motorcycle,0,No,1.84,155.45,Cash,Delivered,,24.4
ORD103747,MUMRES41DEL08,28,4.4,Mumbai,2026-04-13,18:23:00,Sunny,Medium,1,Snack,scooter,1,No,6.27,690.82,UPI,Delivered,,41.6
ORD101340,DELRES10DEL06,26,4.5,Delhi,2026-04-13,18:31:00,Cloudy,Medium,0,Drinks,motorcycle,0,No,13.39,319.86,UPI,Cancelled,Traffic Delay,
ORD104982,MUMRES17DEL05,35,4.7,Mumbai,2026-04-13,18:37:00,Sunny,Low,1,Drinks,scooter,0,No,7.03,134.15,UPI,Delivered,,33.2
ORD101429,MUMRES11DEL08,22,3.8,Mumbai,2026-04-13,19:00:00,Windy,Medium,3,Drinks,motorcycle,0,No,4.27,140.32,Cash,Delivered,,33.9
ORD100074,MUMRES25DEL03,19,4.7,Mumbai,2026-04-13,19:21:00,Cloudy,Medium,3,Snack,electric_scooter,1,No,5.45,210.77,UPI,Delivered,,42.3
ORD103057,MUMRES25DEL06,28,4.7,Mumbai,2026-04-13,19:39:00,Fog,Medium,2,Buffet,scooter,1,No,4.54,334.82,Cash,Delivered,,37.6
ORD105280,HYDRES20DEL08,23,4.9,Hyderabad,2026-04-13,20:05:00,Sunny,High,2,Snack,scooter,1,No,8.61,752.03,UPI,Delivered,,48.6
ORD105554,PUNRES01DEL06,23,4.2,Pune,2026-04-13,20:16:00,Sunny,Low,2,Buffet,scooter,0,No,8.82,327.19,Wallet,Delivered,,30.8
ORD101625,BENRES13DEL05,36,4.4,Bengaluru,2026-04-13,20:49:00,Windy,High,2,Buffet,bicycle,1,No,17.89,94.52,UPI,Cancelled,Weather Disruption,
ORD100072,MUMRES34DEL02,20,3.8,Mumbai,2026-04-13,20:57:00,Cloudy,Low,3,Buffet,electric_scooter,1,No,1.19,517.66,UPI,Delivered,,22.3
ORD100139,BENRES36DEL05,33,4.6,Bengaluru,2026-04-13,21:23:00,Cloudy,Jam,1,Buffet,motorcycle,1,No,8.79,80.0,UPI,Delivered,,57.8
ORD104219,KOLRES41DEL08,33,3.9,Kolkata,2026-04-13,21:30:00,Stormy,Medium,0,Snack,motorcycle,0,No,2.85,442.37,Wallet,Delivered,,34.6
ORD104142,CHERES02DEL07,20,4.6,Chennai,2026-04-13,21:32:00,Fog,High,2,Drinks,scooter,1,No,5.04,136.23,Cash,Delivered,,40.6
ORD100575,BENRES03DEL08,29,4.6,Bengaluru,2026-04-13,21:42:00,Sunny,Low,2,Buffet,scooter,0,No,1.45,373.87,UPI,Delivered,,18.3
ORD101163,MUMRES37DEL01,33,4.1,Mumbai,2026-04-13,21:58:00,Sandstorms,High,0,Buffet,motorcycle,0,No,5.41,431.81,UPI,Delivered,,35.9
ORD101359,CHERES12DEL02,29,4.9,Chennai,2026-04-13,22:10:00,Windy,Medium,0,Snack,scooter,3,No,6.06,495.46,UPI,Delivered,,45.3
ORD104278,MUMRES07DEL04,27,4.7,Mumbai,2026-04-13,22:14:00,Stormy,Medium,0,Snack,motorcycle,0,No,5.28,307.79,Cash,Delivered,,34.8
ORD101403,MUMRES21DEL02,24,4.7,Mumbai,2026-04-13,23:05:00,Fog,Low,3,Snack,motorcycle,0,No,1.52,143.59,Wallet,Delivered,,32.7
ORD104859,PUNRES15DEL06,18,4.3,Pune,2026-04-13,23:23:00,Windy,High,0,Drinks,electric_scooter,0,No,8.3,443.57,UPI,Delivered,,44.4
ORD100940,CHERES19DEL04,34,4.6,Chennai,2026-04-14,05:47:00,Sunny,Low,2,Meal,electric_scooter,1,No,24.42,235.23,Wallet,Delivered,,63.5
ORD104950,HYDRES27DEL06,39,4.4,Hyderabad,2026-04-14,06:29:00,Sunny,High,0,Drinks,motorcycle,3,No,1.47,563.21,Cash,Delivered,,45.5
ORD102475,HYDRES07DEL05,25,4.6,Hyderabad,2026-04-14,07:24:00,Cloudy,Medium,2,Meal,motorcycle,0,No,2.08,116.44,UPI,Delivered,,27.4
ORD102749,BENRES33DEL08,23,4.4,Bengaluru,2026-04-14,07:50:00,Sunny,Medium,1,Buffet,scooter,0,No,7.06,315.58,Wallet,Delivered,,37.9
ORD104675,MUMRES36DEL04,28,3.6,Mumbai,2026-04-14,08:40:00,Sunny,Low,2,Buffet,motorcycle,2,No,6.09,171.98,Cash,Delivered,,39.3
ORD104000,PUNRES18DEL03,24,4.4,Pune,2026-04-14,09:32:00,Windy,Low,2,Buffet,scooter,0,No,2.11,561.65,UPI,Delivered,,26.3
ORD103467,BENRES06DEL05,28,4.3,Bengaluru,2026-04-14,09:50:00,Sandstorms,Low,0,Drinks,motorcycle,0,No,4.53,193.35,Cash,Delivered,,31.4
ORD100649,DELRES35DEL03,22,4.7,Delhi,2026-04-14,09:58:00,Fog,Jam,2,Meal,scooter,0,No,3.59,141.4,UPI,Cancelled,Traffic Delay,
ORD101795,MUMRES16DEL01,34,4.8,Mumbai,2026-04-14,10:15:00,Stormy,Jam,1,Meal,motorcycle,0,No,1.84,619.71,UPI,Cancelled,Weather Disruption,
ORD104955,CHERES14DEL02,32,4.6,Chennai,2026-04-14,10:40:00,Cloudy,Medium,0,Snack,scooter,0,No,5.41,375.18,Cash,Delivered,,35.2
ORD101260,MUMRES24DEL03,35,4.7,Mumbai,2026-04-14,11:18:00,Stormy,Medium,1,Drinks,electric_scooter,0,No,0.9,187.85,Cash,Delivered,,32.8
ORD103733,BENRES08DEL05,35,4.4,Bengaluru,2026-04-14,11:24:00,Stormy,High,3,Drinks,motorcycle,0,No,7.71,398.84,UPI,Delivered,,46.1
ORD105910,MUMRES02DEL05,28,4.3,Mumbai,2026-04-14,11:38:00,Sunny,Medium,1,Snack,electric_scooter,0,No,1.53,419.8,UPI,Delivered,,26.1
ORD100422,CHERES35DEL03,31,4.7,Chennai,2026-04-14,11:50:00,Cloudy,High,2,Buffet,motorcycle,3,No,4.43,451.69,Cash,Delivered,,52.7
ORD101661,MUMRES01DEL04,25,4.6,Mumbai,2026-04-14,11:55:00,Sunny,Low,0,Drinks,motorcycle,0,No,4.93,292.84,Card,Delivered,,27.2
ORD101497,DELRES34DEL02,22,4.5,Delhi,2026-04-14,12:19:00,Cloudy,High,3,Drinks,motorcycle,0,No,3.96,333.69,UPI,Delivered,,37.0
ORD100597,DELRES01DEL08,22,4.7,Delhi,2026-04-14,12:21:00,Windy,Medium,1,Drinks,scooter,0,No,2.12,555.58,UPI,Delivered,,30.1
ORD102803,HYDRES36DEL06,18,4.1,Hyderabad,2026-04-14,12:22:00,Sandstorms,Low,0,Drinks,motorcycle,0,No,19.95,235.77,UPI,Delivered,,58.5
ORD103997,PUNRES21DEL03,32,4.1,Pune,2026-04-14,12:41:00,Sunny,Medium,2,Drinks,electric_scooter,1,No,0.96,306.41,Cash,Delivered,,20.7
ORD100981,KOLRES44DEL05,28,4.6,Kolkata,2026-04-14,12:44:00,Stormy,High,2,Meal,electric_scooter,2,No,2.78,189.31,Cash,Cancelled,Weather Disruption,
ORD103731,PUNRES08DEL03,26,3.8,Pune,2026-04-14,12:50:00,Cloudy,Low,0,Meal,electric_scooter,1,No,2.44,553.09,UPI,Delivered,,21.3
ORD100347,CHERES01DEL02,27,4.6,Chennai,2026-04-14,12:51:00,Sunny,Medium,1,Drinks,motorcycle,0,No,4.96,263.44,UPI,Delivered,,33.3
ORD101252,KOLRES27DEL04,34,4.4,Kolkata,2026-04-14,12:56:00,Sunny,Low,3,Buffet,electric_scooter,1,No,25.0,253.05,Card,Delivered,,64.5
ORD102938,DELRES39DEL06,24,4.3,Delhi,2026-04-14,13:03:00,Cloudy,Low,2,Drinks,electric_scooter,0,No,7.34,233.42,Wallet,Delivered,,29.1
ORD102387,PUNRES01DEL07,32,4.7,Pune,2026-04-14,13:04:00,Fog,High,2,Drinks,scooter,0,No,8.43,277.23,UPI,Delivered,,49.8
ORD100907,DELRES27DEL03,40,3.8,Delhi,2026-04-14,13:25:00,Sunny,Medium,3,Buffet,motorcycle,1,No,6.5,277.37,Cash,Delivered,,28.6
ORD100973,DELRES36DEL06,26,4.0,Delhi,2026-04-14,14:51:00,Stormy,High,1,Buffet,electric_scooter,0,No,8.33,432.48,UPI,Delivered,,46.7
ORD103394,MUMRES30DEL03,27,4.2,Mumbai,2026-04-14,15:01:00,Cloudy,Low,1,Buffet,scooter,0,No,2.24,220.87,Cash,Delivered,,25.7
ORD104199,MUMRES27DEL03,34,3.6,Mumbai,2026-04-14,15:03:00,Sunny,High,0,Buffet,motorcycle,1,No,7.97,253.38,UPI,Delivered,,43.5
ORD105427,CHERES30DEL01,27,5.0,Chennai,2026-04-14,15:11:00,Sunny,Low,1,Drinks,electric_scooter,0,No,2.39,603.81,Cash,Delivered,,21.5
ORD100674,CHERES09DEL07,23,4.3,Chennai,2026-04-14,15:42:00,Cloudy,Medium,1,Snack,scooter,0,No,4.38,115.31,UPI,Delivered,,25.8
ORD105972,DELRES41DEL02,25,4.8,Delhi,2026-04-14,16:35:00,Stormy,Medium,3,Snack,motorcycle,1,No,1.89,257.7,Cash,Delivered,,40.1
ORD105566,DELRES12DEL06,35,4.7,Delhi,2026-04-14,17:53:00,Sunny,Low,2,Snack,motorcycle,0,No,3.43,482.38,UPI,Delivered,,27.8
ORD101565,CHERES11DEL07,31,4.6,Chennai,2026-04-14,17:58:00,Windy,Medium,0,Drinks,motorcycle,0,No,3.11,350.32,Card,Delivered,,32.4
ORD104854,DELRES29DEL02,25,4.2,Delhi,2026-04-14,17:59:00,Stormy,High,3,Buffet,scooter,3,No,5.28,382.78,UPI,Delivered,,53.1
ORD103676,MUMRES41DEL04,31,4.5,Mumbai,2026-04-14,18:33:00,Cloudy,High,2,Drinks,motorcycle,0,No,3.71,272.66,Cash,Delivered,,35.6
ORD104026,BENRES14DEL01,22,4.4,Bengaluru,2026-04-14,18:47:00,Sunny,Low,2,Buffet,motorcycle,3,No,5.14,177.43,UPI,Delivered,,39.5
ORD101454,DELRES04DEL01,21,4.7,Delhi,2026-04-14,18:57:00,Cloudy,Medium,2,Buffet,scooter,0,No,1.31,755.33,UPI,Cancelled,Delivery Partner Unavailable,
ORD102345,CHERES25DEL05,18,4.2,Chennai,2026-04-14,18:59:00,Sunny,High,1,Buffet,motorcycle,3,No,3.67,212.94,UPI,Delivered,,48.4
ORD103411,KOLRES10DEL05,33,4.1,Kolkata,2026-04-14,19:04:00,Cloudy,Low,0,Drinks,motorcycle,0,No,4.39,303.85,Cash,Delivered,,32.0
ORD100934,BENRES11DEL06,31,4.8,Bengaluru,2026-04-14,19:11:00,Sunny,Low,3,Buffet,scooter,0,No,6.58,327.13,UPI,Cancelled,Delivery Partner Unavailable,
ORD105557,KOLRES08DEL06,35,4.4,Kolkata,2026-04-14,19:30:00,Fog,Medium,3,Drinks,scooter,2,No,4.83,324.48,UPI,Delivered,,48.0
ORD102087,BENRES04DEL03,36,4.2,Bengaluru,2026-04-14,19:35:00,Fog,High,0,Buffet,motorcycle,0,No,2.33,195.17,Card,Delivered,,42.6
ORD103520,BENRES06DEL07,26,4.9,Bengaluru,2026-04-14,19:35:00,Cloudy,High,3,Buffet,motorcycle,1,No,4.01,152.64,UPI,Delivered,,34.7
ORD101901,CHERES18DEL04,33,4.3,Chennai,2026-04-14,19:44:00,Sunny,Low,3,Snack,motorcycle,1,No,2.51,286.48,Wallet,Delivered,,27.1
ORD102288,HYDRES17DEL06,25,4.2,Hyderabad,2026-04-14,19:58:00,Sunny,Medium,2,Snack,scooter,0,No,1.46,488.88,UPI,Delivered,,20.2
ORD100884,BENRES15DEL08,42,4.1,Bengaluru,2026-04-14,20:03:00,Sandstorms,Jam,1,Snack,bicycle,0,No,2.1,507.3,UPI,Cancelled,Customer Cancelled,
ORD101911,KOLRES04DEL04,18,4.2,Kolkata,2026-04-14,20:08:00,Windy,Medium,1,Meal,motorcycle,0,No,12.11,247.62,UPI,Delivered,,43.2
ORD102102,BENRES08DEL03,32,4.5,Bengaluru,2026-04-14,20:13:00,Sunny,Low,1,Drinks,motorcycle,0,No,25.0,191.7,UPI,Delivered,,56.5
ORD103231,MUMRES39DEL08,36,4.6,Mumbai,2026-04-14,20:13:00,Stormy,High,2,Drinks,scooter,0,No,2.04,249.16,UPI,Delivered,,43.7
ORD105487,KOLRES34DEL08,36,4.0,Kolkata,2026-04-14,20:16:00,Cloudy,Low,2,Meal,scooter,0,No,14.9,288.03,UPI,Delivered,,37.5
ORD100765,HYDRES24DEL04,21,4.2,Hyderabad,2026-04-14,20:35:00,Windy,Medium,3,Snack,motorcycle,0,No,1.28,412.33,UPI,Delivered,,27.5
ORD103245,KOLRES19DEL02,32,4.1,Kolkata,2026-04-14,20:35:00,Windy,High,2,Snack,electric_scooter,1,No,1.08,114.7,UPI,Delivered,,36.2
ORD100891,BENRES39DEL03,22,4.8,Bengaluru,2026-04-14,20:40:00,Sunny,Low,1,Buffet,scooter,2,No,2.09,134.88,UPI,Delivered,,31.1
ORD104179,HYDRES26DEL01,28,4.3,Hyderabad,2026-04-14,20:42:00,Windy,Medium,1,Drinks,motorcycle,0,No,5.29,378.26,Cash,Delivered,,33.6
ORD100692,PUNRES17DEL07,24,4.9,Pune,2026-04-14,20:44:00,Sunny,Medium,0,Buffet,scooter,3,No,1.68,466.34,Cash,Delivered,,41.7
ORD103603,DELRES09DEL02,22,4.0,Delhi,2026-04-14,20:49:00,Sunny,Low,0,Drinks,scooter,1,No,4.39,329.06,UPI,Delivered,,26.9
ORD101225,HYDRES39DEL03,33,4.0,Hyderabad,2026-04-14,21:04:00,Windy,High,2,Drinks,motorcycle,1,No,5.91,303.04,UPI,Delivered,,38.1
ORD100389,MUMRES27DEL07,31,4.2,Mumbai,2026-04-14,21:29:00,Cloudy,Medium,2,Drinks,motorcycle,0,No,4.07,129.2,UPI,Delivered,,31.0
ORD104951,BENRES44DEL06,37,4.2,Bengaluru,2026-04-14,21:33:00,Cloudy,High,3,Drinks,motorcycle,1,No,2.29,387.06,UPI,Delivered,,39.9
ORD104280,MUMRES30DEL02,33,5.0,Mumbai,2026-04-14,21:48:00,Sunny,High,0,Meal,motorcycle,0,No,5.22,261.61,UPI,Delivered,,34.2
ORD101215,KOLRES20DEL03,33,4.2,Kolkata,2026-04-14,22:01:00,Sunny,Low,0,Snack,motorcycle,0,No,4.7,249.32,UPI,Delivered,,24.3
ORD101173,MUMRES31DEL04,23,4.6,Mumbai,2026-04-14,22:13:00,Cloudy,High,1,Meal,motorcycle,2,No,2.49,299.65,UPI,Delivered,,38.0
ORD103273,DELRES21DEL05,40,4.3,Delhi,2026-04-14,22:23:00,Windy,High,2,Snack,bicycle,0,No,4.33,279.68,UPI,Delivered,,39.5
ORD103477,CHERES06DEL08,34,4.1,Chennai,2026-04-14,22:33:00,Windy,Low,2,Meal,bicycle,1,No,5.97,437.78,UPI,Delivered,,36.8
ORD105215,MUMRES21DEL02,28,4.3,Mumbai,2026-04-14,22:53:00,Sunny,Medium,0,Meal,scooter,2,No,2.2,819.74,UPI,Delivered,,35.2
ORD105773,BENRES04DEL05,28,3.8,Bengaluru,2026-04-14,23:05:00,Cloudy,Low,1,Drinks,motorcycle,1,No,4.58,276.83,UPI,Delivered,,31.6
ORD100304,BENRES09DEL03,23,5.0,Bengaluru,2026-04-15,00:21:00,Sunny,Low,0,Snack,scooter,0,No,3.4,438.22,UPI,Delivered,,25.6
ORD102547,KOLRES21DEL05,34,4.0,Kolkata,2026-04-15,04:38:00,Windy,Medium,2,Drinks,electric_scooter,0,No,1.81,210.48,Cash,Delivered,,21.0
ORD100148,KOLRES12DEL01,28,3.6,Kolkata,2026-04-15,05:14:00,Sunny,Medium,1,Buffet,scooter,0,No,2.43,460.84,UPI,Delivered,,29.1
ORD101811,CHERES24DEL01,29,4.7,Chennai,2026-04-15,06:36:00,Sunny,Medium,2,Meal,scooter,2,No,6.8,536.09,Cash,Delivered,,47.0
ORD103986,BENRES37DEL04,32,4.8,Bengaluru,2026-04-15,08:43:00,Stormy,Jam,0,Drinks,motorcycle,3,No,3.08,349.87,UPI,Cancelled,Traffic Delay,
ORD102540,HYDRES42DEL01,32,4.2,Hyderabad,2026-04-15,10:29:00,Sunny,High,3,Drinks,motorcycle,0,No,7.03,165.26,UPI,Delivered,,42.9
ORD102973,DELRES12DEL06,19,5.0,Delhi,2026-04-15,11:02:00,Sunny,Low,2,Meal,motorcycle,0,No,10.21,190.28,UPI,Delivered,,33.3
ORD103370,KOLRES28DEL07,32,5.0,Kolkata,2026-04-15,11:03:00,Cloudy,Low,2,Meal,motorcycle,0,No,1.1,298.15,UPI,Delivered,,17.2
ORD105370,MUMRES24DEL03,25,4.6,Mumbai,2026-04-15,11:10:00,Sunny,Medium,0,Buffet,scooter,1,No,6.88,346.37,UPI,Delivered,,43.1
ORD104765,BENRES21DEL02,18,5.0,Bengaluru,2026-04-15,11:40:00,Stormy,Medium,3,Buffet,bicycle,1,No,1.22,251.59,UPI,Delivered,,34.7
ORD102183,DELRES35DEL06,22,4.5,Delhi,2026-04-15,12:04:00,Sunny,High,3,Meal,motorcycle,1,No,25.0,432.89,UPI,Delivered,,69.1
ORD100590,MUMRES04DEL01,31,3.9,Mumbai,2026-04-15,12:19:00,Sunny,High,0,Snack,motorcycle,0,No,1.95,293.56,Wallet,Delivered,,30.4
ORD105018,BENRES32DEL08,27,4.8,Bengaluru,2026-04-15,12:24:00,Sunny,High,2,Snack,scooter,0,No,1.13,212.22,UPI,Delivered,,25.1
ORD100412,HYDRES44DEL04,23,4.4,Hyderabad,2026-04-15,12:27:00,Fog,Jam,1,Snack,scooter,1,No,2.39,531.78,Cash,Delivered,,45.4
ORD103662,MUMRES06DEL04,37,4.7,Mumbai,2026-04-15,12:37:00,Fog,Medium,0,Buffet,motorcycle,2,No,5.18,454.67,UPI,Delivered,,50.4
ORD103983,BENRES15DEL08,22,4.3,Bengaluru,2026-04-15,12:37:00,Windy,High,3,Buffet,motorcycle,2,No,4.78,521.03,UPI,Delivered,,42.6
ORD102553,HYDRES26DEL08,28,4.5,Hyderabad,2026-04-15,12:44:00,Cloudy,Medium,2,Drinks,electric_scooter,0,No,2.32,264.99,Cash,Delivered,,24.5
ORD104895,PUNRES18DEL01,33,4.3,Pune,2026-04-15,13:28:00,Stormy,Low,0,Drinks,motorcycle,2,No,7.34,708.74,UPI,Cancelled,Restaurant Delay,
ORD104900,DELRES20DEL06,33,4.6,Delhi,2026-04-15,13:33:00,Fog,Jam,0,Drinks,scooter,0,No,0.89,363.83,UPI,Delivered,,41.0
ORD100165,BENRES17DEL03,32,4.8,Bengaluru,2026-04-15,13:37:00,Windy,Medium,1,Drinks,motorcycle,0,No,10.24,216.78,UPI,Delivered,,40.0
ORD103501,KOLRES21DEL07,33,4.1,Kolkata,2026-04-15,13:39:00,Sunny,Medium,0,Drinks,scooter,2,No,4.08,353.68,UPI,Cancelled,Traffic Delay,
ORD105770,DELRES19DEL07,22,4.3,Delhi,2026-04-15,14:24:00,Sunny,Medium,0,Buffet,bicycle,0,No,13.74,243.99,UPI,Delivered,,42.8
ORD102986,HYDRES22DEL06,18,4.0,Hyderabad,2026-04-15,16:04:00,Fog,High,0,Drinks,scooter,0,No,8.84,282.66,Cash,Delivered,,52.1
ORD103505,CHERES08DEL07,26,4.8,Chennai,2026-04-15,16:16:00,Fog,High,2,Snack,motorcycle,1,No,1.8,229.45,Cash,Delivered,,41.4
ORD105751,HYDRES10DEL04,35,4.3,Hyderabad,2026-04-15,17:08:00,Sunny,High,3,Meal,motorcycle,0,No,3.64,125.08,Cash,Delivered,,27.9
ORD105683,PUNRES35DEL08,27,4.7,Pune,2026-04-15,17:21:00,Fog,Medium,0,Drinks,motorcycle,0,No,1.0,677.23,Cash,Delivered,,25.7
ORD102217,PUNRES04DEL07,33,4.4,Pune,2026-04-15,17:34:00,Cloudy,High,3,Snack,motorcycle,0,No,2.48,246.04,UPI,Delivered,,31.7
ORD105521,HYDRES06DEL05,39,4.6,Hyderabad,2026-04-15,17:46:00,Sunny,Medium,3,Drinks,scooter,2,No,3.22,304.22,UPI,Delivered,,43.1
ORD102255,DELRES22DEL08,31,4.6,Delhi,2026-04-15,18:09:00,Windy,Medium,3,Buffet,motorcycle,0,No,0.83,240.93,Wallet,Delivered,,21.3
ORD104431,BENRES12DEL05,29,4.3,Bengaluru,2026-04-15,18:15:00,Cloudy,Medium,2,Snack,electric_scooter,0,No,4.55,248.76,UPI,Delivered,,33.5
ORD104264,HYDRES22DEL08,25,4.3,Hyderabad,2026-04-15,18:17:00,Fog,Medium,3,Drinks,motorcycle,1,No,3.68,100.48,Cash,Delivered,,31.2
ORD105931,KOLRES33DEL03,38,3.9,Kolkata,2026-04-15,18:41:00,Cloudy,High,1,Snack,motorcycle,0,No,1.62,522.14,UPI,Delivered,,25.3
ORD105482,MUMRES30DEL03,20,4.0,Mumbai,2026-04-15,18:47:00,Sunny,High,2,Drinks,scooter,0,No,20.42,93.96,UPI,Delivered,,58.9
ORD103723,BENRES29DEL03,32,3.6,Bengaluru,2026-04-15,19:12:00,Sunny,Medium,2,Drinks,scooter,1,No,2.42,346.05,UPI,Delivered,,34.8
ORD103504,BENRES13DEL04,36,3.9,Bengaluru,2026-04-15,19:24:00,Windy,High,3,Meal,bicycle,1,No,4.01,157.39,Cash,Delivered,,41.2
ORD104412,CHERES19DEL02,28,4.6,Chennai,2026-04-15,19:24:00,Stormy,Low,2,Drinks,motorcycle,1,No,8.61,403.36,UPI,Delivered,,45.7
ORD101605,BENRES35DEL02,38,4.6,Bengaluru,2026-04-15,19:35:00,Fog,High,1,Buffet,motorcycle,1,No,12.12,247.61,UPI,Delivered,,57.8
ORD105877,MUMRES40DEL02,20,4.7,Mumbai,2026-04-15,19:37:00,Sunny,Low,1,Buffet,motorcycle,0,No,2.26,395.11,Wallet,Delivered,,26.9
ORD101375,BENRES03DEL01,34,5.0,Bengaluru,2026-04-15,19:46:00,Stormy,Low,0,Snack,motorcycle,1,No,10.59,86.05,UPI,Cancelled,Restaurant Delay,
ORD104577,BENRES31DEL07,27,4.4,Bengaluru,2026-04-15,19:51:00,Sunny,Medium,0,Buffet,scooter,0,No,1.69,265.9,UPI,Delivered,,22.2
ORD102455,DELRES25DEL07,30,3.9,Delhi,2026-04-15,20:01:00,Cloudy,Jam,3,Snack,motorcycle,0,No,2.5,396.59,Cash,Delivered,,35.9
ORD100403,HYDRES35DEL03,32,4.5,Hyderabad,2026-04-15,20:09:00,Cloudy,High,2,Snack,scooter,0,No,5.4,402.85,Card,Delivered,,38.7
ORD100087,DELRES40DEL03,18,4.4,Delhi,2026-04-15,20:13:00,Windy,Medium,2,Meal,motorcycle,0,No,4.61,269.02,UPI,Delivered,,30.0
ORD103071,MUMRES33DEL08,22,4.4,Mumbai,2026-04-15,20:14:00,Cloudy,High,2,Meal,motorcycle,0,No,3.04,149.96,UPI,Delivered,,32.2
ORD100090,BENRES21DEL04,21,3.4,Bengaluru,2026-04-15,20:21:00,Windy,Jam,1,Snack,scooter,2,No,15.89,498.62,Card,Delivered,,72.6
ORD100987,DELRES33DEL07,29,4.0,Delhi,2026-04-15,20:23:00,Windy,High,1,Buffet,motorcycle,0,No,12.83,394.77,UPI,Delivered,,50.9
ORD103391,BENRES22DEL07,33,4.7,Bengaluru,2026-04-15,20:25:00,Sunny,Medium,3,Snack,motorcycle,1,No,2.43,421.8,UPI,Delivered,,33.5
ORD101964,BENRES32DEL06,34,3.8,Bengaluru,2026-04-15,20:33:00,Sunny,Medium,2,Meal,scooter,0,No,9.63,308.53,UPI,Cancelled,Customer Cancelled,
ORD102873,MUMRES22DEL01,23,4.5,Mumbai,2026-04-15,20:41:00,Windy,High,1,Drinks,motorcycle,1,No,4.44,253.61,UPI,Delivered,,35.8
ORD101113,CHERES25DEL05,18,4.5,Chennai,2026-04-15,20:42:00,Sunny,High,0,Snack,electric_scooter,0,No,4.85,215.54,UPI,Delivered,,32.0
ORD104638,BENRES13DEL04,35,4.5,Bengaluru,2026-04-15,21:14:00,Sandstorms,High,0,Drinks,motorcycle,2,No,2.13,166.43,Cash,Delivered,,52.4
ORD103268,DELRES07DEL04,30,4.5,Delhi,2026-04-15,21:42:00,Fog,Low,0,Snack,scooter,2,No,1.03,293.57,Wallet,Cancelled,Customer Cancelled,
ORD101591,HYDRES04DEL03,45,4.5,Hyderabad,2026-04-15,21:58:00,Sandstorms,High,1,Buffet,motorcycle,0,No,0.84,445.21,UPI,Delivered,,39.0
ORD103530,PUNRES15DEL06,27,4.4,Pune,2026-04-15,22:20:00,Cloudy,Low,0,Snack,bicycle,1,No,3.83,507.55,UPI,Delivered,,30.5
ORD105167,KOLRES26DEL07,37,4.8,Kolkata,2026-04-15,22:33:00,Sunny,Low,2,Meal,scooter,2,No,8.48,172.97,UPI,Delivered,,44.2
ORD101248,BENRES23DEL02,36,4.3,Bengaluru,2026-04-16,07:50:00,Sunny,Medium,3,Snack,motorcycle,0,No,0.86,193.35,Cash,Delivered,,25.4
ORD103298,BENRES19DEL01,33,4.1,Bengaluru,2026-04-16,10:15:00,Cloudy,Medium,3,Drinks,electric_scooter,0,No,8.23,478.16,UPI,Delivered,,31.6
ORD104106,MUMRES20DEL03,21,3.8,Mumbai,2026-04-16,10:26:00,Windy,Low,0,Snack,motorcycle,1,No,3.05,534.75,UPI,Delivered,,32.2
ORD102461,BENRES09DEL02,27,4.2,Bengaluru,2026-04-16,11:05:00,Sunny,High,1,Buffet,motorcycle,2,No,6.27,319.55,Wallet,Delivered,,43.0
ORD100429,HYDRES35DEL07,30,4.6,Hyderabad,2026-04-16,11:50:00,Sunny,Low,2,Snack,motorcycle,0,No,1.22,222.43,Card,Delivered,,16.6
ORD105777,MUMRES27DEL01,23,3.9,Mumbai,2026-04-16,12:01:00,Sunny,Medium,2,Snack,motorcycle,1,No,3.99,475.23,Cash,Delivered,,36.2
ORD104889,MUMRES07DEL07,34,4.5,Mumbai,2026-04-16,12:20:00,Stormy,Medium,0,Snack,motorcycle,1,No,3.2,119.32,Card,Delivered,,44.8
ORD105790,BENRES13DEL02,31,4.9,Bengaluru,2026-04-16,12:23:00,Windy,High,0,Buffet,motorcycle,0,No,8.56,415.79,UPI,Delivered,,45.5
ORD100051,MUMRES09DEL02,23,3.9,Mumbai,2026-04-16,12:28:00,Sunny,Low,2,Snack,motorcycle,1,No,8.42,138.85,Wallet,Delivered,,35.8
ORD103242,BENRES18DEL07,28,3.9,Bengaluru,2026-04-16,12:38:00,Windy,Low,2,Buffet,motorcycle,0,No,6.75,292.3,Wallet,Delivered,,29.8
ORD102591,BENRES43DEL03,27,4.6,Bengaluru,2026-04-16,12:48:00,Stormy,Jam,0,Meal,motorcycle,0,No,10.25,263.04,UPI,Delivered,,64.8
ORD103830,BENRES21DEL06,28,4.8,Bengaluru,2026-04-16,12:50:00,Fog,High,0,Buffet,electric_scooter,0,No,2.05,428.14,UPI,Delivered,,39.9
ORD102771,MUMRES36DEL07,37,4.2,Mumbai,2026-04-16,13:01:00,Sunny,Low,0,Buffet,motorcycle,0,No,9.91,641.9,Wallet,Delivered,,32.4
ORD101794,MUMRES08DEL07,19,4.7,Mumbai,2026-04-16,13:11:00,Cloudy,Medium,0,Buffet,motorcycle,1,No,1.95,527.43,UPI,Delivered,,33.6
ORD104515,DELRES14DEL03,44,4.5,Delhi,2026-04-16,13:22:00,Sunny,Medium,1,Buffet,motorcycle,1,No,20.16,493.15,UPI,Delivered,,59.4
ORD104312,CHERES24DEL05,23,4.1,Chennai,2026-04-16,13:24:00,Windy,Medium,2,Buffet,motorcycle,0,No,6.48,211.06,Wallet,Delivered,,36.7
ORD105042,MUMRES29DEL07,39,4.9,Mumbai,2026-04-16,13:49:00,Sunny,Low,1,Buffet,scooter,0,No,1.21,407.94,Card,Delivered,,20.7
ORD101730,CHERES26DEL05,23,4.4,Chennai,2026-04-16,14:16:00,Fog,Medium,1,Drinks,motorcycle,0,No,3.9,283.74,UPI,Delivered,,31.5
ORD103085,BENRES36DEL05,23,4.5,Bengaluru,2026-04-16,14:18:00,Windy,High,2,Drinks,motorcycle,0,No,4.02,323.73,Cash,Delivered,,38.0
ORD100677,DELRES05DEL07,19,4.1,Delhi,2026-04-16,14:47:00,Fog,Low,3,Meal,motorcycle,0,No,3.22,287.53,UPI,Delivered,,30.4
ORD101192,DELRES08DEL06,26,4.7,Delhi,2026-04-16,14:52:00,Stormy,High,1,Meal,motorcycle,0,No,1.93,388.97,Card,Delivered,,41.0
ORD100316,DELRES29DEL04,24,4.7,Delhi,2026-04-16,15:48:00,Windy,Low,3,Buffet,scooter,1,No,1.51,249.42,Wallet,Delivered,,23.5
ORD101913,BENRES26DEL07,18,4.7,Bengaluru,2026-04-16,16:29:00,Sunny,High,1,Snack,electric_scooter,0,No,5.85,223.31,Wallet,Delivered,,36.2
ORD105243,MUMRES16DEL04,23,4.3,Mumbai,2026-04-16,16:39:00,Cloudy,Medium,0,Drinks,motorcycle,2,No,7.24,173.84,Card,Delivered,,38.6
ORD100415,CHERES38DEL08,40,4.7,Chennai,2026-04-16,16:50:00,Sunny,Medium,1,Buffet,motorcycle,3,No,5.12,449.78,Wallet,Delivered,,43.5
ORD105291,DELRES11DEL06,32,4.3,Delhi,2026-04-16,18:16:00,Sunny,Medium,3,Meal,electric_scooter,0,No,6.48,260.79,UPI,Delivered,,38.2
ORD100259,DELRES02DEL02,32,4.3,Delhi,2026-04-16,18:18:00,Cloudy,Low,3,Meal,bicycle,0,No,2.6,197.01,Cash,Delivered,,21.6
ORD103925,MUMRES38DEL01,24,4.8,Mumbai,2026-04-16,18:27:00,Fog,Jam,0,Buffet,motorcycle,2,No,11.52,414.13,UPI,Delivered,,65.5
ORD103340,DELRES20DEL05,27,3.9,Delhi,2026-04-16,18:36:00,Stormy,Medium,1,Snack,motorcycle,0,No,8.73,356.17,Card,Delivered,,50.1
ORD103980,DELRES25DEL04,29,4.4,Delhi,2026-04-16,18:43:00,Sunny,Medium,1,Snack,scooter,2,No,10.1,208.75,Cash,Delivered,,50.2
ORD105985,BENRES33DEL02,19,4.6,Bengaluru,2026-04-16,18:44:00,Cloudy,High,3,Buffet,bicycle,1,No,6.17,236.43,UPI,Delivered,,46.1
ORD103254,BENRES39DEL08,31,5.0,Bengaluru,2026-04-16,19:00:00,Windy,High,2,Drinks,scooter,1,No,1.5,275.92,Card,Delivered,,31.9
ORD102905,DELRES27DEL06,37,4.2,Delhi,2026-04-16,19:10:00,Stormy,Low,3,Buffet,scooter,1,No,4.7,306.16,Wallet,Delivered,,41.1
ORD100711,MUMRES06DEL05,28,4.6,Mumbai,2026-04-16,19:17:00,Windy,Jam,2,Meal,scooter,0,No,2.1,118.18,UPI,Delivered,,38.1
ORD101382,CHERES26DEL07,32,5.0,Chennai,2026-04-16,19:35:00,Sunny,Jam,1,Meal,electric_scooter,1,No,2.14,482.94,Cash,Delivered,,50.0
ORD105318,PUNRES21DEL02,32,4.4,Pune,2026-04-16,19:37:00,Sunny,Medium,1,Drinks,motorcycle,0,No,2.72,485.24,Cash,Delivered,,22.7
ORD103495,DELRES32DEL01,26,3.7,Delhi,2026-04-16,19:42:00,Fog,Medium,3,Buffet,scooter,1,No,4.04,574.19,UPI,Delivered,,32.9
ORD102280,CHERES32DEL08,30,4.6,Chennai,2026-04-16,19:43:00,Cloudy,Low,2,Meal,motorcycle,1,No,15.05,529.62,Cash,Delivered,,41.3
ORD101527,DELRES42DEL03,27,5.0,Delhi,2026-04-16,19:44:00,Sunny,High,2,Snack,electric_scooter,1,No,5.13,261.87,Wallet,Delivered,,34.9
ORD102769,CHERES04DEL02,31,4.4,Chennai,2026-04-16,19:56:00,Cloudy,Medium,1,Drinks,scooter,0,No,1.32,254.9,Cash,Delivered,,25.4
ORD100989,BENRES08DEL06,29,4.5,Bengaluru,2026-04-16,20:00:00,Sunny,High,3,Snack,bicycle,0,No,5.14,235.49,Card,Delivered,,35.6
ORD105104,MUMRES42DEL04,33,4.2,Mumbai,2026-04-16,20:06:00,Stormy,Medium,1,Buffet,bicycle,0,No,1.97,183.22,Card,Delivered,,34.7
ORD105341,PUNRES43DEL02,29,3.9,Pune,2026-04-16,20:16:00,Sunny,High,1,Snack,motorcycle,1,No,5.27,342.4,UPI,Delivered,,44.7
ORD104107,BENRES13DEL01,23,4.4,Bengaluru,2026-04-16,20:34:00,Stormy,Low,3,Snack,motorcycle,3,No,3.63,187.5,UPI,Delivered,,46.6
ORD101347,KOLRES13DEL04,22,4.2,Kolkata,2026-04-16,20:39:00,Windy,High,0,Meal,scooter,0,No,4.49,228.99,UPI,Delivered,,35.8
ORD101766,DELRES21DEL05,25,3.9,Delhi,2026-04-16,20:56:00,Stormy,Medium,0,Meal,scooter,0,No,2.42,536.17,UPI,Delivered,,37.3
ORD100392,MUMRES36DEL02,28,3.8,Mumbai,2026-04-16,21:12:00,Sunny,Medium,1,Meal,motorcycle,1,No,4.29,492.83,UPI,Cancelled,Delivery Partner Unavailable,
ORD102485,PUNRES37DEL02,33,4.4,Pune,2026-04-16,21:37:00,Sunny,Medium,3,Drinks,scooter,2,No,5.1,435.64,Wallet,Delivered,,40.2
ORD101135,KOLRES30DEL04,35,4.9,Kolkata,2026-04-16,22:09:00,Fog,Medium,0,Meal,electric_scooter,3,No,0.98,580.61,UPI,Delivered,,40.6
ORD105889,CHERES40DEL01,19,4.5,Chennai,2026-04-16,22:19:00,Cloudy,Jam,2,Drinks,motorcycle,1,No,0.8,387.33,Wallet,Delivered,,39.4
ORD100521,MUMRES07DEL04,36,4.2,Mumbai,2026-04-16,22:39:00,Cloudy,Low,0,Meal,bicycle,0,No,3.97,450.61,Card,Delivered,,24.5
ORD103454,DELRES23DEL03,35,4.5,Delhi,2026-04-16,23:06:00,Fog,Medium,1,Drinks,scooter,0,No,10.4,501.4,UPI,Delivered,,46.2
ORD101851,BENRES27DEL05,18,4.9,Bengaluru,2026-04-17,00:25:00,Cloudy,Medium,0,Meal,motorcycle,0,No,1.48,529.25,UPI,Delivered,,22.2
ORD103493,CHERES41DEL06,40,4.4,Chennai,2026-04-17,06:23:00,Cloudy,High,1,Snack,motorcycle,0,No,1.05,200.24,UPI,Cancelled,Customer Cancelled,
ORD105952,KOLRES01DEL02,37,4.4,Kolkata,2026-04-17,06:53:00,Sunny,Medium,0,Buffet,bicycle,0,No,7.06,200.48,Card,Cancelled,Delivery Partner Unavailable,
ORD103487,DELRES28DEL02,19,4.3,Delhi,2026-04-17,08:43:00,Fog,High,3,Buffet,motorcycle,1,No,13.6,421.56,Cash,Delivered,,56.8
ORD102014,MUMRES29DEL08,29,4.9,Mumbai,2026-04-17,09:15:00,Sunny,Medium,2,Meal,motorcycle,0,No,1.01,445.38,Card,Delivered,,16.9
ORD104841,MUMRES25DEL08,30,4.8,Mumbai,2026-04-17,09:15:00,Cloudy,Low,0,Meal,motorcycle,1,No,5.11,162.8,Wallet,Delivered,,27.3
ORD101543,PUNRES17DEL06,34,4.9,Pune,2026-04-17,09:21:00,Sandstorms,Medium,0,Meal,scooter,1,No,12.33,638.21,Wallet,Delivered,,50.9
ORD102321,MUMRES30DEL04,27,4.8,Mumbai,2026-04-17,09:34:00,Sunny,Low,2,Drinks,electric_scooter,0,No,2.13,442.11,Wallet,Delivered,,18.9
ORD105736,PUNRES01DEL06,20,4.2,Pune,2026-04-17,10:13:00,Windy,Medium,1,Meal,motorcycle,1,No,8.14,218.74,Card,Delivered,,38.7
ORD105448,BENRES17DEL02,21,4.3,Bengaluru,2026-04-17,11:44:00,Sunny,Low,1,Snack,electric_scooter,0,No,2.12,269.12,UPI,Delivered,,19.5
ORD105040,BENRES31DEL03,36,4.1,Bengaluru,2026-04-17,12:01:00,Cloudy,Medium,0,Snack,electric_scooter,2,No,6.34,367.21,UPI,Delivered,,41.6
ORD101159,CHERES02DEL07,30,4.4,Chennai,2026-04-17,12:16:00,Windy,Low,0,Meal,scooter,1,No,1.14,544.96,Wallet,Delivered,,29.8
ORD105502,HYDRES03DEL04,32,4.9,Hyderabad,2026-04-17,12:16:00,Cloudy,High,0,Drinks,scooter,1,No,2.75,298.61,Cash,Cancelled,Customer Cancelled,
ORD100237,CHERES33DEL01,20,4.1,Chennai,2026-04-17,12:17:00,Cloudy,Low,0,Meal,motorcycle,0,No,3.12,180.21,Cash,Delivered,,22.9
ORD102718,KOLRES26DEL02,22,3.9,Kolkata,2026-04-17,12:23:00,Stormy,Low,2,Drinks,motorcycle,0,No,1.7,272.56,Card,Delivered,,32.1
ORD105671,DELRES22DEL05,39,3.9,Delhi,2026-04-17,12:25:00,Cloudy,Low,3,Drinks,scooter,3,No,6.57,158.22,UPI,Delivered,,39.5
ORD102497,DELRES32DEL03,28,4.0,Delhi,2026-04-17,12:27:00,Windy,Medium,2,Snack,electric_scooter,2,No,1.48,373.6,UPI,Delivered,,42.1
ORD102019,DELRES28DEL06,27,4.5,Delhi,2026-04-17,12:28:00,Fog,Medium,1,Meal,motorcycle,0,No,3.33,223.85,Cash,Delivered,,33.2
ORD103169,BENRES19DEL07,30,4.5,Bengaluru,2026-04-17,12:32:00,Sunny,Medium,2,Buffet,electric_scooter,0,No,7.86,257.78,Wallet,Delivered,,34.5
ORD102843,PUNRES11DEL05,25,4.4,Pune,2026-04-17,12:36:00,Windy,Medium,1,Snack,electric_scooter,1,No,4.31,129.41,UPI,Delivered,,37.1
ORD101528,CHERES40DEL01,29,4.4,Chennai,2026-04-17,13:23:00,Fog,Medium,0,Meal,scooter,1,No,1.0,453.69,UPI,Delivered,,36.2
ORD100760,BENRES01DEL07,26,3.7,Bengaluru,2026-04-17,13:24:00,Stormy,Medium,2,Buffet,motorcycle,0,No,2.08,648.48,UPI,Cancelled,Customer Cancelled,
ORD105960,BENRES12DEL05,34,4.2,Bengaluru,2026-04-17,13:27:00,Sunny,High,1,Meal,motorcycle,0,No,4.21,356.45,Wallet,Delivered,,33.9
ORD102262,BENRES43DEL06,32,3.6,Bengaluru,2026-04-17,15:04:00,Cloudy,High,0,Buffet,electric_scooter,1,No,0.95,442.61,UPI,Delivered,,35.2
ORD103839,KOLRES27DEL05,34,4.1,Kolkata,2026-04-17,15:21:00,Cloudy,Low,3,Snack,electric_scooter,2,No,2.12,592.12,UPI,Delivered,,32.5
ORD100811,MUMRES21DEL03,28,4.2,Mumbai,2026-04-17,16:59:00,Cloudy,Medium,1,Drinks,scooter,2,No,3.67,534.35,Cash,Cancelled,Weather Disruption,
ORD105271,BENRES15DEL04,23,4.3,Bengaluru,2026-04-17,17:04:00,Sunny,Low,0,Drinks,bicycle,0,No,2.49,180.65,UPI,Delivered,,24.4
ORD105175,MUMRES43DEL08,18,4.2,Mumbai,2026-04-17,17:24:00,Windy,Medium,1,Drinks,motorcycle,0,No,5.72,226.4,Card,Delivered,,35.3
ORD102740,MUMRES19DEL08,36,4.0,Mumbai,2026-04-17,17:42:00,Sunny,Medium,1,Snack,scooter,0,No,1.63,387.5,UPI,Delivered,,24.3
ORD105333,KOLRES32DEL07,35,4.4,Kolkata,2026-04-17,18:11:00,Cloudy,Medium,3,Buffet,motorcycle,2,No,6.23,119.37,UPI,Delivered,,42.4
ORD100756,BENRES35DEL03,33,4.1,Bengaluru,2026-04-17,18:14:00,Sunny,Medium,3,Meal,motorcycle,1,No,2.34,254.06,UPI,Delivered,,35.0
ORD105652,PUNRES18DEL04,33,4.7,Pune,2026-04-17,18:20:00,Cloudy,Medium,3,Snack,scooter,3,No,9.58,467.47,Cash,Delivered,,51.5
ORD100771,PUNRES27DEL02,29,4.6,Pune,2026-04-17,18:21:00,Cloudy,Jam,2,Meal,motorcycle,0,No,19.06,257.77,UPI,Delivered,,67.6
ORD104482,MUMRES04DEL03,29,4.0,Mumbai,2026-04-17,18:31:00,Stormy,High,0,Drinks,motorcycle,0,No,3.12,326.97,Card,Delivered,,38.7
ORD103832,CHERES05DEL08,33,4.2,Chennai,2026-04-17,18:37:00,Cloudy,Jam,2,Meal,scooter,1,No,1.65,167.02,UPI,Delivered,,40.1
ORD104672,MUMRES40DEL07,28,4.5,Mumbai,2026-04-17,18:46:00,Fog,High,3,Meal,motorcycle,0,No,3.42,108.82,Cash,Delivered,,36.9
ORD104057,BENRES23DEL03,29,3.7,Bengaluru,2026-04-17,18:52:00,Cloudy,High,2,Drinks,scooter,0,No,5.07,338.58,Card,Cancelled,Weather Disruption,
ORD100476,DELRES27DEL02,32,5.0,Delhi,2026-04-17,19:14:00,Sunny,Low,1,Buffet,scooter,0,No,9.7,367.29,Cash,Delivered,,33.5
ORD100360,DELRES09DEL07,31,4.3,Delhi,2026-04-17,19:41:00,Cloudy,Jam,2,Drinks,motorcycle,0,No,14.12,413.83,UPI,Delivered,,52.9
ORD102028,BENRES23DEL03,22,4.4,Bengaluru,2026-04-17,19:41:00,Sunny,Low,0,Meal,motorcycle,0,No,2.88,353.07,UPI,Delivered,,25.7
ORD105887,CHERES10DEL02,23,4.5,Chennai,2026-04-17,19:48:00,Sunny,High,2,Meal,motorcycle,1,No,7.45,320.55,Cash,Delivered,,44.6
ORD100704,DELRES32DEL08,26,4.5,Delhi,2026-04-17,19:55:00,Sunny,High,2,Meal,scooter,3,No,1.27,215.76,UPI,Cancelled,Delivery Partner Unavailable,
ORD103782,HYDRES43DEL05,25,4.4,Hyderabad,2026-04-17,19:56:00,Fog,Low,1,Meal,motorcycle,0,No,2.29,398.7,UPI,Delivered,,29.8
ORD101024,BENRES39DEL08,30,4.4,Bengaluru,2026-04-17,20:05:00,Sunny,Medium,0,Snack,motorcycle,1,No,1.36,90.9,Card,Delivered,,29.3
ORD104143,DELRES08DEL01,37,4.4,Delhi,2026-04-17,20:37:00,Sunny,Jam,2,Buffet,motorcycle,0,No,3.02,418.28,Card,Delivered,,39.4
ORD102022,DELRES09DEL07,18,4.2,Delhi,2026-04-17,20:47:00,Windy,High,1,Snack,motorcycle,1,No,1.77,331.66,Cash,Delivered,,38.7
ORD103746,KOLRES40DEL06,28,4.0,Kolkata,2026-04-17,20:48:00,Cloudy,Low,3,Meal,motorcycle,3,No,1.05,302.2,Cash,Delivered,,30.8
ORD103828,MUMRES18DEL06,37,4.1,Mumbai,2026-04-17,20:50:00,Cloudy,Jam,3,Meal,electric_scooter,0,No,8.35,244.94,Cash,Delivered,,47.3
ORD105135,MUMRES31DEL01,27,5.0,Mumbai,2026-04-17,21:02:00,Stormy,Medium,3,Snack,motorcycle,1,No,8.83,187.28,Cash,Cancelled,Weather Disruption,
ORD101694,CHERES16DEL03,27,5.0,Chennai,2026-04-17,21:04:00,Stormy,Low,1,Drinks,scooter,0,No,9.13,295.58,Card,Delivered,,42.2
ORD105418,DELRES16DEL08,25,4.6,Delhi,2026-04-17,21:13:00,Sunny,High,0,Snack,scooter,1,No,4.45,452.62,Card,Delivered,,41.0
ORD103144,KOLRES29DEL07,34,4.2,Kolkata,2026-04-17,22:13:00,Fog,Low,0,Meal,motorcycle,1,No,4.92,376.76,Cash,Delivered,,36.3
ORD102534,BENRES43DEL04,41,4.3,Bengaluru,2026-04-17,22:15:00,Cloudy,Low,1,Buffet,motorcycle,2,No,6.81,80.0,Cash,Delivered,,42.6
ORD104130,HYDRES24DEL03,39,4.8,Hyderabad,2026-04-17,22:34:00,Sunny,Medium,3,Meal,motorcycle,0,No,6.0,80.0,UPI,Delivered,,28.1
ORD103176,DELRES14DEL01,26,4.4,Delhi,2026-04-17,23:23:00,Cloudy,Medium,1,Buffet,motorcycle,1,No,3.41,177.04,UPI,Delivered,,34.2
ORD100653,KOLRES08DEL07,24,3.9,Kolkata,2026-04-18,03:15:00,Cloudy,Low,1,Drinks,motorcycle,1,No,3.15,367.72,UPI,Delivered,,36.5
ORD102571,DELRES02DEL06,25,4.7,Delhi,2026-04-18,04:56:00,Cloudy,High,1,Buffet,motorcycle,0,No,3.54,226.14,Card,Delivered,,33.2
ORD104525,DELRES42DEL02,26,4.3,Delhi,2026-04-18,08:22:00,Windy,Low,1,Snack,scooter,0,No,3.72,239.43,UPI,Delivered,,25.8
ORD103691,PUNRES11DEL03,44,5.0,Pune,2026-04-18,08:43:00,Sunny,Medium,2,Meal,motorcycle,0,No,7.95,401.18,Card,Delivered,,32.7
ORD105996,KOLRES20DEL03,26,4.2,Kolkata,2026-04-18,09:14:00,Fog,Low,2,Buffet,motorcycle,0,No,3.46,273.38,Cash,Delivered,,36.0
ORD104261,PUNRES43DEL07,22,4.7,Pune,2026-04-18,09:16:00,Fog,Medium,3,Snack,scooter,1,No,7.98,365.94,Cash,Delivered,,46.6
ORD101241,PUNRES33DEL02,25,4.8,Pune,2026-04-18,10:08:00,Sunny,Low,2,Snack,electric_scooter,0,No,3.72,376.8,Cash,Delivered,,24.1
ORD100073,MUMRES15DEL05,21,4.4,Mumbai,2026-04-18,10:39:00,Stormy,Medium,3,Buffet,motorcycle,0,No,6.74,389.22,Wallet,Delivered,,39.3
ORD104509,DELRES24DEL01,27,4.2,Delhi,2026-04-18,11:35:00,Windy,Medium,3,Meal,motorcycle,0,No,11.68,438.73,Cash,Delivered,,41.8
ORD105441,BENRES09DEL08,24,4.6,Bengaluru,2026-04-18,11:54:00,Cloudy,Medium,3,Meal,motorcycle,0,No,4.88,80.0,Cash,Delivered,,27.2
ORD103368,PUNRES39DEL02,29,4.6,Pune,2026-04-18,12:03:00,Cloudy,Low,0,Drinks,motorcycle,0,No,8.01,520.32,UPI,Delivered,,29.4
ORD100519,BENRES18DEL03,28,4.2,Bengaluru,2026-04-18,12:54:00,Sunny,Medium,1,Buffet,motorcycle,0,No,5.22,499.44,UPI,Delivered,,26.1
ORD105556,DELRES02DEL03,32,4.5,Delhi,2026-04-18,13:03:00,Sunny,Medium,2,Drinks,scooter,0,No,0.98,207.6,UPI,Delivered,,29.3
ORD102668,HYDRES21DEL03,18,4.1,Hyderabad,2026-04-18,13:29:00,Cloudy,Medium,1,Buffet,scooter,0,No,11.1,173.12,UPI,Delivered,,38.2
ORD101361,MUMRES37DEL05,25,4.2,Mumbai,2026-04-18,13:45:00,Sandstorms,Low,0,Meal,electric_scooter,0,No,2.14,390.05,UPI,Delivered,,34.6
ORD100758,CHERES40DEL01,33,4.3,Chennai,2026-04-18,13:51:00,Stormy,Low,2,Meal,motorcycle,0,No,19.06,170.6,UPI,Delivered,,59.0
ORD100787,PUNRES12DEL05,30,4.1,Pune,2026-04-18,15:17:00,Sunny,Low,2,Meal,bicycle,0,No,6.35,346.34,UPI,Delivered,,25.4
ORD103304,DELRES40DEL08,33,4.3,Delhi,2026-04-18,15:17:00,Sandstorms,Low,0,Snack,motorcycle,0,No,8.63,641.8,UPI,Delivered,,40.7
ORD105012,HYDRES10DEL04,20,4.4,Hyderabad,2026-04-18,16:06:00,Cloudy,Medium,0,Drinks,motorcycle,0,No,10.15,218.07,UPI,Delivered,,38.9
ORD100573,PUNRES35DEL04,32,4.7,Pune,2026-04-18,17:16:00,Windy,Jam,2,Drinks,motorcycle,0,No,3.36,409.12,UPI,Delivered,,46.9
ORD102783,HYDRES38DEL07,26,4.7,Hyderabad,2026-04-18,17:29:00,Cloudy,High,0,Drinks,scooter,0,No,2.26,213.93,Wallet,Delivered,,29.6
ORD103725,MUMRES13DEL03,35,5.0,Mumbai,2026-04-18,17:40:00,Stormy,Jam,1,Drinks,scooter,0,No,4.33,327.37,Card,Delivered,,54.4
ORD105697,KOLRES24DEL08,36,4.1,Kolkata,2026-04-18,17:59:00,Cloudy,Medium,1,Snack,scooter,2,No,4.64,481.13,Wallet,Delivered,,38.5
ORD105786,BENRES22DEL03,24,4.4,Bengaluru,2026-04-18,18:23:00,Sunny,High,0,Snack,electric_scooter,0,No,6.91,306.25,Cash,Delivered,,39.0
ORD101970,BENRES05DEL08,31,5.0,Bengaluru,2026-04-18,18:32:00,Sunny,Low,3,Drinks,motorcycle,1,No,4.4,315.45,Cash,Delivered,,29.7
ORD102090,PUNRES08DEL03,27,4.2,Pune,2026-04-18,18:37:00,Stormy,High,3,Drinks,motorcycle,0,No,2.33,278.1,UPI,Cancelled,Traffic Delay,
ORD100724,KOLRES43DEL08,30,4.5,Kolkata,2026-04-18,18:56:00,Windy,Medium,0,Buffet,scooter,2,No,9.82,312.44,Cash,Delivered,,47.9
ORD101837,KOLRES40DEL07,36,4.5,Kolkata,2026-04-18,19:10:00,Windy,High,0,Snack,bicycle,0,No,5.29,372.63,UPI,Delivered,,30.5
ORD101628,DELRES20DEL01,31,4.1,Delhi,2026-04-18,19:31:00,Sunny,Medium,2,Buffet,scooter,1,No,2.21,439.27,Cash,Delivered,,33.3
ORD105708,MUMRES38DEL02,21,3.9,Mumbai,2026-04-18,19:32:00,Cloudy,High,0,Snack,motorcycle,2,No,3.02,184.61,UPI,Delivered,,41.9
ORD104825,HYDRES14DEL08,33,4.6,Hyderabad,2026-04-18,19:50:00,Sunny,High,3,Meal,scooter,1,No,5.6,415.56,Card,Delivered,,37.1
ORD100227,BENRES23DEL02,35,4.1,Bengaluru,2026-04-18,20:09:00,Sunny,Low,3,Drinks,scooter,2,No,3.16,451.24,UPI,Delivered,,31.3
ORD102181,BENRES27DEL08,31,5.0,Bengaluru,2026-04-18,20:15:00,Cloudy,Medium,2,Snack,bicycle,1,No,2.98,396.08,Wallet,Delivered,,36.9
ORD105156,HYDRES02DEL07,34,4.9,Hyderabad,2026-04-18,20:25:00,Stormy,High,2,Buffet,electric_scooter,0,No,6.63,225.3,UPI,Cancelled,Customer Cancelled,
ORD101819,BENRES12DEL06,30,4.1,Bengaluru,2026-04-18,20:27:00,Cloudy,Medium,1,Snack,motorcycle,0,No,2.91,363.15,UPI,Delivered,,22.3
ORD104984,CHERES08DEL06,28,3.9,Chennai,2026-04-18,20:36:00,Sunny,Low,3,Drinks,motorcycle,0,No,4.57,199.37,UPI,Delivered,,23.1
ORD105415,KOLRES24DEL04,28,4.1,Kolkata,2026-04-18,20:39:00,Cloudy,Medium,0,Buffet,motorcycle,2,No,0.94,326.84,Card,Delivered,,32.1
ORD101815,MUMRES15DEL02,27,4.4,Mumbai,2026-04-18,20:44:00,Fog,Medium,1,Drinks,scooter,2,No,1.01,357.64,Cash,Delivered,,38.0
ORD105627,PUNRES05DEL01,21,4.3,Pune,2026-04-18,20:48:00,Windy,High,3,Meal,electric_scooter,0,No,6.8,473.34,UPI,Delivered,,43.2
ORD101459,DELRES30DEL07,25,4.6,Delhi,2026-04-18,21:02:00,Sunny,Medium,3,Meal,bicycle,0,No,2.54,273.24,Card,Delivered,,21.4
ORD100098,HYDRES44DEL02,19,4.5,Hyderabad,2026-04-18,21:09:00,Stormy,Low,2,Buffet,scooter,3,No,4.09,161.02,UPI,Delivered,,52.2
ORD100268,CHERES14DEL05,35,3.9,Chennai,2026-04-18,21:25:00,Stormy,Jam,2,Snack,scooter,0,No,3.61,170.04,UPI,Delivered,,48.9
ORD103419,BENRES38DEL07,30,4.6,Bengaluru,2026-04-18,21:59:00,Fog,Medium,2,Snack,electric_scooter,0,No,1.79,313.69,UPI,Delivered,,27.4
ORD103083,HYDRES42DEL03,32,3.8,Hyderabad,2026-04-18,22:13:00,Cloudy,High,2,Buffet,scooter,0,No,5.39,318.99,Card,Delivered,,34.0
ORD102124,HYDRES27DEL08,22,4.9,Hyderabad,2026-04-18,22:19:00,Fog,Jam,2,Meal,motorcycle,1,No,3.26,108.99,Card,Cancelled,Restaurant Delay,
ORD103523,DELRES17DEL07,37,4.4,Delhi,2026-04-18,22:56:00,Cloudy,Low,0,Drinks,motorcycle,1,No,19.81,233.51,UPI,Delivered,,60.1
ORD104223,BENRES26DEL01,36,4.6,Bengaluru,2026-04-18,23:56:00,Windy,Medium,2,Drinks,motorcycle,1,No,7.69,413.63,Wallet,Delivered,,33.6
ORD101987,MUMRES40DEL07,33,3.9,Mumbai,2026-04-19,04:06:00,Sunny,Medium,0,Drinks,motorcycle,0,No,5.88,534.12,Wallet,Delivered,,37.1
ORD104201,MUMRES07DEL04,31,4.7,Mumbai,2026-04-19,07:19:00,Cloudy,Medium,0,Meal,motorcycle,0,No,5.11,483.03,Wallet,Delivered,,33.8
ORD103072,MUMRES05DEL04,26,4.3,Mumbai,2026-04-19,07:45:00,Stormy,Jam,3,Buffet,motorcycle,0,No,1.81,415.63,UPI,Cancelled,Traffic Delay,
ORD101674,DELRES10DEL02,21,4.0,Delhi,2026-04-19,08:41:00,Windy,Medium,3,Buffet,bicycle,2,No,8.65,222.03,UPI,Delivered,,45.7
ORD102562,PUNRES28DEL07,18,4.9,Pune,2026-04-19,10:00:00,Sandstorms,Medium,2,Buffet,motorcycle,2,No,4.68,563.46,Card,Delivered,,49.4
ORD102804,DELRES16DEL01,19,4.5,Delhi,2026-04-19,10:05:00,Sunny,Medium,2,Snack,scooter,1,No,1.67,280.68,Wallet,Cancelled,Customer Cancelled,
ORD105734,BENRES07DEL04,22,4.8,Bengaluru,2026-04-19,10:05:00,Fog,Low,1,Meal,motorcycle,0,No,2.04,141.63,Wallet,Delivered,,23.3
ORD102611,KOLRES44DEL01,30,4.5,Kolkata,2026-04-19,10:11:00,Fog,Medium,3,Snack,bicycle,1,No,3.37,399.0,UPI,Delivered,,36.8
ORD101463,BENRES39DEL02,27,4.9,Bengaluru,2026-04-19,10:21:00,Stormy,Low,1,Snack,motorcycle,1,No,3.19,278.06,UPI,Cancelled,Delivery Partner Unavailable,
ORD101289,HYDRES36DEL04,33,4.2,Hyderabad,2026-04-19,11:02:00,Cloudy,Low,3,Snack,electric_scooter,2,No,4.16,333.41,UPI,Delivered,,33.6
ORD103875,BENRES41DEL05,21,4.6,Bengaluru,2026-04-19,11:16:00,Windy,High,0,Buffet,scooter,0,No,2.09,694.31,Card,Delivered,,35.0
ORD105208,MUMRES43DEL01,26,4.8,Mumbai,2026-04-19,11:26:00,Sunny,Medium,0,Meal,scooter,0,No,3.03,308.91,UPI,Delivered,,28.3
ORD100249,PUNRES44DEL07,28,4.5,Pune,2026-04-19,11:34:00,Sunny,High,0,Buffet,motorcycle,0,No,10.24,459.78,Cash,Cancelled,Customer Cancelled,
ORD100091,DELRES18DEL08,18,4.1,Delhi,2026-04-19,12:07:00,Cloudy,High,0,Buffet,motorcycle,2,No,7.19,276.93,Card,Delivered,,42.3
ORD102582,BENRES29DEL08,26,4.0,Bengaluru,2026-04-19,12:08:00,Windy,Low,3,Buffet,scooter,0,No,6.98,386.07,Cash,Delivered,,27.4
ORD103090,CHERES02DEL06,26,4.7,Chennai,2026-04-19,12:39:00,Sunny,Medium,3,Meal,electric_scooter,1,No,2.45,443.99,Wallet,Cancelled,Customer Cancelled,
ORD103668,DELRES35DEL07,30,4.6,Delhi,2026-04-19,12:46:00,Sunny,Low,0,Drinks,motorcycle,1,No,6.5,209.16,UPI,Delivered,,30.1
ORD100310,MUMRES34DEL03,30,4.2,Mumbai,2026-04-19,13:35:00,Sunny,Medium,3,Buffet,motorcycle,2,No,12.39,128.04,UPI,Delivered,,46.1
ORD101387,KOLRES32DEL04,28,4.4,Kolkata,2026-04-19,13:58:00,Sunny,Low,1,Buffet,motorcycle,1,No,1.52,337.7,UPI,Delivered,,27.3
ORD101642,MUMRES36DEL07,28,4.1,Mumbai,2026-04-19,14:19:00,Fog,Medium,0,Drinks,scooter,0,No,3.02,269.94,UPI,Delivered,,35.4
ORD101742,CHERES15DEL02,20,4.1,Chennai,2026-04-19,14:23:00,Cloudy,High,0,Buffet,motorcycle,0,No,4.26,274.52,Cash,Delivered,,34.2
ORD104448,PUNRES14DEL07,37,4.9,Pune,2026-04-19,14:27:00,Windy,High,1,Buffet,scooter,1,No,5.43,413.93,UPI,Delivered,,39.5
ORD102597,DELRES41DEL08,27,4.1,Delhi,2026-04-19,14:28:00,Sunny,Medium,2,Buffet,electric_scooter,1,No,9.6,570.52,UPI,Delivered,,40.4
ORD104341,HYDRES40DEL08,20,4.8,Hyderabad,2026-04-19,15:07:00,Sunny,Medium,1,Meal,scooter,0,No,3.69,135.6,UPI,Delivered,,29.5
ORD105322,CHERES06DEL03,32,4.4,Chennai,2026-04-19,15:35:00,Stormy,Medium,2,Meal,bicycle,0,No,1.41,259.99,Cash,Delivered,,31.1
ORD102946,MUMRES15DEL08,33,4.5,Mumbai,2026-04-19,16:18:00,Sunny,Medium,2,Drinks,motorcycle,0,No,6.37,378.4,UPI,Delivered,,26.5
ORD103250,DELRES16DEL07,27,4.9,Delhi,2026-04-19,16:22:00,Sandstorms,Jam,0,Buffet,electric_scooter,2,No,14.35,400.91,UPI,Delivered,,81.3
ORD100305,HYDRES29DEL01,27,4.2,Hyderabad,2026-04-19,16:51:00,Fog,Low,0,Snack,motorcycle,0,No,1.35,279.98,Cash,Delivered,,27.8
ORD105561,KOLRES05DEL01,21,4.2,Kolkata,2026-04-19,16:58:00,Sunny,Medium,1,Meal,electric_scooter,2,No,6.35,185.85,UPI,Delivered,,39.8
ORD101858,DELRES08DEL05,29,4.5,Delhi,2026-04-19,17:51:00,Sunny,Low,0,Meal,bicycle,1,No,3.22,383.61,Cash,Delivered,,24.6
ORD105460,BENRES23DEL01,22,3.9,Bengaluru,2026-04-19,17:53:00,Sunny,Low,3,Buffet,motorcycle,1,No,3.14,292.82,Cash,Delivered,,26.8
ORD101178,BENRES11DEL06,36,4.0,Bengaluru,2026-04-19,18:38:00,Cloudy,High,1,Snack,motorcycle,1,No,13.42,261.77,Wallet,Delivered,,53.4
ORD100105,BENRES41DEL01,26,4.4,Bengaluru,2026-04-19,18:43:00,Sunny,Medium,2,Buffet,motorcycle,0,No,5.12,138.45,Card,Delivered,,35.3
ORD100903,CHERES06DEL03,40,4.7,Chennai,2026-04-19,18:58:00,Stormy,Medium,2,Snack,motorcycle,0,No,4.63,432.25,Card,Cancelled,Delivery Partner Unavailable,
ORD101838,PUNRES27DEL04,26,4.3,Pune,2026-04-19,18:59:00,Windy,Medium,1,Snack,scooter,3,No,7.57,425.08,Wallet,Delivered,,56.1
ORD100972,BENRES22DEL03,27,4.5,Bengaluru,2026-04-19,19:14:00,Fog,Medium,0,Meal,bicycle,0,No,9.01,336.56,UPI,Delivered,,46.0
ORD105669,PUNRES11DEL07,32,4.3,Pune,2026-04-19,19:31:00,Fog,Low,0,Drinks,electric_scooter,1,No,2.5,443.14,UPI,Delivered,,37.0
ORD101385,CHERES15DEL01,40,3.7,Chennai,2026-04-19,19:38:00,Stormy,Medium,0,Snack,motorcycle,0,No,7.78,463.52,Card,Delivered,,41.9
ORD101321,DELRES24DEL03,18,4.2,Delhi,2026-04-19,19:40:00,Sandstorms,Medium,3,Drinks,scooter,1,No,8.92,169.08,UPI,Cancelled,Restaurant Delay,
ORD104020,HYDRES11DEL01,26,4.5,Hyderabad,2026-04-19,19:57:00,Cloudy,Medium,0,Drinks,scooter,1,No,3.32,329.2,UPI,Delivered,,33.3
ORD105839,BENRES05DEL06,31,4.4,Bengaluru,2026-04-19,19:59:00,Cloudy,Low,0,Meal,electric_scooter,0,No,7.6,299.76,Cash,Delivered,,30.0
ORD100096,BENRES11DEL05,33,4.8,Bengaluru,2026-04-19,20:04:00,Windy,Medium,0,Snack,motorcycle,2,No,4.97,348.61,Cash,Delivered,,38.0
ORD103898,MUMRES42DEL08,26,4.1,Mumbai,2026-04-19,20:37:00,Sunny,Low,2,Buffet,scooter,2,No,23.43,293.34,Card,Delivered,,56.4
ORD100528,KOLRES38DEL03,36,4.8,Kolkata,2026-04-19,20:55:00,Cloudy,Low,2,Snack,electric_scooter,1,No,25.0,362.94,Card,Delivered,,70.3
ORD105001,KOLRES07DEL01,31,4.1,Kolkata,2026-04-19,20:56:00,Fog,Medium,1,Buffet,motorcycle,0,No,8.54,222.83,UPI,Cancelled,Traffic Delay,
ORD104339,BENRES05DEL03,29,4.7,Bengaluru,2026-04-19,20:57:00,Cloudy,High,3,Meal,scooter,1,No,1.74,385.82,UPI,Delivered,,36.7
ORD102449,BENRES36DEL05,37,4.3,Bengaluru,2026-04-19,21:04:00,Fog,Low,2,Buffet,scooter,3,No,4.8,329.82,Cash,Cancelled,Weather Disruption,
ORD102089,BENRES23DEL08,20,3.8,Bengaluru,2026-04-19,21:16:00,Sunny,Medium,2,Meal,scooter,1,No,12.09,342.08,UPI,Delivered,,45.2
ORD102442,MUMRES26DEL06,29,4.2,Mumbai,2026-04-19,21:18:00,Sunny,Medium,1,Buffet,motorcycle,0,No,8.46,213.27,Card,Delivered,,34.7
ORD103162,BENRES12DEL04,30,4.7,Bengaluru,2026-04-19,21:24:00,Windy,Medium,0,Meal,motorcycle,1,No,3.41,675.19,UPI,Delivered,,39.3
ORD102624,DELRES35DEL02,28,4.2,Delhi,2026-04-19,21:34:00,Sunny,Medium,2,Drinks,electric_scooter,0,No,13.49,158.35,Card,Delivered,,43.7
ORD104691,DELRES20DEL03,33,3.9,Delhi,2026-04-19,21:47:00,Fog,High,0,Drinks,bicycle,1,No,6.59,333.39,UPI,Delivered,,44.9
ORD100689,HYDRES44DEL08,22,4.1,Hyderabad,2026-04-19,22:06:00,Windy,High,2,Snack,scooter,3,No,3.43,502.33,UPI,Delivered,,49.9
ORD103302,DELRES08DEL03,33,4.6,Delhi,2026-04-19,22:39:00,Sunny,Jam,3,Buffet,motorcycle,0,No,13.41,162.74,UPI,Delivered,,55.8
ORD103616,CHERES07DEL02,21,4.3,Chennai,2026-04-20,01:17:00,Sunny,Medium,0,Drinks,scooter,1,No,3.15,178.46,Wallet,Delivered,,27.7
ORD105182,MUMRES40DEL06,24,4.7,Mumbai,2026-04-20,07:18:00,Windy,High,1,Buffet,motorcycle,0,No,4.12,375.23,Wallet,Cancelled,Restaurant Delay,
ORD104253,DELRES22DEL07,22,4.4,Delhi,2026-04-20,09:52:00,Sunny,Medium,3,Snack,motorcycle,0,No,3.27,116.91,Card,Delivered,,32.9
ORD100863,PUNRES37DEL02,27,4.8,Pune,2026-04-20,10:10:00,Stormy,Medium,2,Snack,scooter,0,No,1.11,84.27,Card,Delivered,,31.2
ORD104295,DELRES04DEL05,37,4.2,Delhi,2026-04-20,11:17:00,Sunny,Low,0,Buffet,motorcycle,0,No,14.54,362.05,Card,Delivered,,42.0
ORD103012,PUNRES05DEL07,39,4.3,Pune,2026-04-20,11:23:00,Sunny,Medium,0,Drinks,motorcycle,0,No,5.2,688.78,UPI,Cancelled,Customer Cancelled,
ORD105068,DELRES11DEL03,22,4.6,Delhi,2026-04-20,11:28:00,Sunny,Low,0,Drinks,motorcycle,0,No,8.09,264.18,UPI,Delivered,,30.7
ORD101627,DELRES32DEL05,24,4.6,Delhi,2026-04-20,11:33:00,Cloudy,Medium,1,Buffet,electric_scooter,0,No,1.29,396.23,UPI,Delivered,,24.2
ORD101186,MUMRES38DEL02,25,4.4,Mumbai,2026-04-20,12:16:00,Sunny,Medium,2,Buffet,motorcycle,1,No,7.0,337.93,Cash,Delivered,,46.4
ORD100971,DELRES35DEL01,21,4.7,Delhi,2026-04-20,12:41:00,Sunny,Medium,2,Meal,scooter,1,No,3.54,459.2,UPI,Delivered,,31.3
ORD104365,DELRES17DEL07,31,4.4,Delhi,2026-04-20,13:14:00,Fog,High,2,Drinks,scooter,2,No,2.16,150.46,Wallet,Delivered,,51.2
ORD101045,DELRES41DEL01,34,3.8,Delhi,2026-04-20,14:23:00,Cloudy,Medium,1,Meal,motorcycle,3,No,7.01,289.72,Wallet,Delivered,,43.5
ORD101209,MUMRES35DEL08,22,4.5,Mumbai,2026-04-20,15:21:00,Sandstorms,Medium,3,Drinks,motorcycle,1,No,6.49,461.45,Card,Delivered,,47.6
ORD104775,BENRES34DEL07,43,4.9,Bengaluru,2026-04-20,15:25:00,Cloudy,Low,0,Buffet,motorcycle,0,No,3.62,329.62,UPI,Delivered,,25.1
ORD101475,BENRES26DEL07,25,4.6,Bengaluru,2026-04-20,15:37:00,Windy,High,3,Buffet,electric_scooter,0,No,0.9,337.96,Cash,Cancelled,Traffic Delay,
ORD101176,HYDRES24DEL03,27,4.1,Hyderabad,2026-04-20,15:44:00,Cloudy,High,0,Snack,motorcycle,3,No,5.95,357.53,Cash,Delivered,,48.1
ORD102359,BENRES01DEL01,28,4.9,Bengaluru,2026-04-20,16:29:00,Sunny,Medium,1,Snack,motorcycle,1,No,0.89,273.83,UPI,Delivered,,25.3
ORD100807,BENRES05DEL04,25,4.2,Bengaluru,2026-04-20,17:52:00,Sunny,Low,1,Buffet,electric_scooter,0,No,7.12,80.0,Cash,Delivered,,32.4
ORD100789,DELRES35DEL01,35,4.8,Delhi,2026-04-20,18:06:00,Cloudy,High,2,Meal,motorcycle,0,No,7.58,231.48,UPI,Delivered,,45.7
ORD101593,MUMRES21DEL08,37,4.4,Mumbai,2026-04-20,18:09:00,Cloudy,Medium,2,Meal,scooter,0,No,3.45,416.75,UPI,Delivered,,28.2
ORD101912,DELRES19DEL06,25,4.6,Delhi,2026-04-20,18:16:00,Cloudy,High,3,Buffet,motorcycle,0,No,15.81,388.03,Card,Delivered,,52.4
ORD100277,KOLRES10DEL01,28,4.1,Kolkata,2026-04-20,18:44:00,Sunny,Jam,2,Snack,motorcycle,0,No,2.7,357.01,Wallet,Delivered,,38.0
ORD104040,MUMRES30DEL02,44,4.7,Mumbai,2026-04-20,18:59:00,Stormy,Low,2,Meal,motorcycle,0,No,8.83,200.03,UPI,Delivered,,45.0
ORD100114,DELRES17DEL05,35,4.4,Delhi,2026-04-20,19:01:00,Sunny,High,0,Drinks,scooter,0,No,3.55,409.34,Card,Delivered,,29.7
ORD102508,BENRES22DEL01,37,3.9,Bengaluru,2026-04-20,19:03:00,Sunny,Low,3,Snack,motorcycle,0,No,9.82,249.73,UPI,Delivered,,31.3
ORD103158,BENRES12DEL05,45,4.7,Bengaluru,2026-04-20,19:24:00,Sunny,Low,3,Meal,electric_scooter,1,No,1.1,117.45,UPI,Delivered,,23.1
ORD101018,MUMRES26DEL08,25,4.1,Mumbai,2026-04-20,19:30:00,Sunny,Medium,1,Snack,motorcycle,0,No,25.0,264.41,UPI,Delivered,,62.0
ORD102893,DELRES38DEL03,27,4.5,Delhi,2026-04-20,20:00:00,Stormy,Medium,0,Snack,scooter,1,No,6.02,91.95,UPI,Cancelled,Delivery Partner Unavailable,
ORD105640,MUMRES27DEL04,29,4.7,Mumbai,2026-04-20,20:01:00,Cloudy,Medium,1,Snack,scooter,0,No,2.5,206.91,UPI,Delivered,,24.5
ORD104953,KOLRES02DEL05,25,4.5,Kolkata,2026-04-20,20:03:00,Windy,Low,1,Meal,motorcycle,0,No,3.26,271.8,Wallet,Delivered,,22.6
ORD101108,PUNRES41DEL02,19,4.9,Pune,2026-04-20,20:31:00,Cloudy,Medium,2,Meal,scooter,0,No,10.79,152.52,UPI,Delivered,,42.6
ORD102004,MUMRES41DEL05,43,4.6,Mumbai,2026-04-20,20:31:00,Sunny,High,1,Snack,scooter,0,No,9.0,160.77,UPI,Delivered,,43.4
ORD105639,BENRES03DEL07,34,4.5,Bengaluru,2026-04-20,20:38:00,Fog,Medium,3,Snack,scooter,0,No,6.6,120.93,Cash,Delivered,,36.8
ORD105121,MUMRES27DEL06,30,4.5,Mumbai,2026-04-20,20:50:00,Fog,Jam,2,Snack,electric_scooter,0,No,7.17,506.53,UPI,Delivered,,50.6
ORD100281,MUMRES04DEL04,23,4.2,Mumbai,2026-04-20,20:53:00,Sunny,Medium,3,Buffet,electric_scooter,1,No,2.41,314.35,Cash,Delivered,,30.2
ORD104995,BENRES09DEL03,29,4.4,Bengaluru,2026-04-20,21:04:00,Sunny,High,0,Drinks,scooter,0,No,1.71,216.94,UPI,Delivered,,31.4
ORD103414,BENRES29DEL08,29,4.5,Bengaluru,2026-04-20,21:10:00,Sunny,Medium,3,Snack,motorcycle,1,No,3.81,130.87,UPI,Delivered,,33.8
ORD103952,BENRES14DEL06,33,4.6,Bengaluru,2026-04-20,21:25:00,Windy,High,1,Snack,motorcycle,0,No,6.39,313.8,Cash,Delivered,,42.4
ORD102991,MUMRES27DEL07,26,4.8,Mumbai,2026-04-20,21:41:00,Stormy,High,2,Snack,motorcycle,0,No,0.83,176.73,UPI,Delivered,,36.0
ORD101116,PUNRES12DEL05,36,4.5,Pune,2026-04-20,22:18:00,Windy,Medium,0,Buffet,scooter,1,No,5.19,215.34,Card,Delivered,,39.7
ORD103110,CHERES44DEL02,27,4.0,Chennai,2026-04-20,22:25:00,Windy,Medium,2,Buffet,motorcycle,0,No,6.01,93.86,UPI,Delivered,,35.0
ORD100129,BENRES33DEL07,26,5.0,Bengaluru,2026-04-20,22:53:00,Stormy,Low,2,Snack,motorcycle,1,No,1.18,294.15,UPI,Delivered,,41.4
ORD101852,KOLRES27DEL06,29,4.8,Kolkata,2026-04-21,01:11:00,Sunny,Medium,2,Meal,motorcycle,1,No,15.22,287.3,Card,Delivered,,48.3
ORD101391,HYDRES20DEL04,27,4.6,Hyderabad,2026-04-21,07:34:00,Cloudy,Low,3,Buffet,motorcycle,1,No,2.86,378.37,UPI,Delivered,,29.9
ORD103198,MUMRES39DEL07,27,4.5,Mumbai,2026-04-21,07:55:00,Cloudy,Medium,0,Meal,motorcycle,0,No,5.42,454.41,Cash,Delivered,,28.4
ORD101084,MUMRES09DEL04,23,4.3,Mumbai,2026-04-21,08:01:00,Sunny,Low,0,Drinks,motorcycle,0,No,2.46,163.53,UPI,Delivered,,24.5
ORD103236,BENRES43DEL03,23,4.9,Bengaluru,2026-04-21,09:09:00,Sunny,Jam,2,Meal,motorcycle,2,No,1.26,289.34,Wallet,Delivered,,39.9
ORD105733,BENRES21DEL04,24,4.6,Bengaluru,2026-04-21,09:13:00,Sunny,Low,2,Buffet,scooter,1,No,3.1,558.63,Cash,Delivered,,24.8
ORD101185,PUNRES27DEL06,27,4.7,Pune,2026-04-21,09:31:00,Cloudy,Medium,0,Meal,motorcycle,2,No,3.04,355.81,Card,Delivered,,31.0
ORD105769,HYDRES18DEL06,26,4.3,Hyderabad,2026-04-21,09:49:00,Cloudy,Low,0,Meal,scooter,2,No,5.4,170.41,Card,Delivered,,37.1
ORD104737,HYDRES25DEL05,29,4.6,Hyderabad,2026-04-21,09:56:00,Windy,Low,3,Drinks,motorcycle,0,No,7.97,271.1,Wallet,Delivered,,34.1
ORD102048,MUMRES18DEL06,33,4.9,Mumbai,2026-04-21,10:35:00,Cloudy,High,3,Drinks,scooter,0,No,4.85,324.92,UPI,Delivered,,42.1
ORD105362,MUMRES43DEL06,35,3.9,Mumbai,2026-04-21,10:36:00,Sunny,High,2,Meal,bicycle,0,No,1.69,216.76,UPI,Delivered,,29.7
ORD102679,CHERES40DEL02,33,4.3,Chennai,2026-04-21,11:28:00,Sunny,Low,2,Buffet,motorcycle,1,No,4.45,990.41,Cash,Delivered,,24.1
ORD104838,PUNRES41DEL01,30,3.8,Pune,2026-04-21,11:34:00,Sunny,Medium,3,Meal,motorcycle,0,No,9.26,415.95,Wallet,Delivered,,37.6
ORD101640,MUMRES04DEL08,32,4.3,Mumbai,2026-04-21,11:56:00,Cloudy,Medium,1,Buffet,electric_scooter,2,No,3.7,150.41,Wallet,Delivered,,41.2
ORD101692,HYDRES20DEL03,20,4.5,Hyderabad,2026-04-21,12:07:00,Cloudy,Medium,2,Snack,motorcycle,1,No,5.25,328.66,Cash,Delivered,,39.8
ORD104417,CHERES03DEL05,45,4.0,Chennai,2026-04-21,12:48:00,Cloudy,High,1,Buffet,bicycle,0,No,9.81,361.64,UPI,Delivered,,45.1
ORD100146,BENRES28DEL08,24,4.1,Bengaluru,2026-04-21,13:46:00,Sunny,Low,3,Snack,motorcycle,0,No,4.0,230.63,UPI,Delivered,,26.4
ORD105110,BENRES27DEL06,34,3.7,Bengaluru,2026-04-21,13:47:00,Windy,Medium,3,Drinks,bicycle,1,No,3.61,253.92,UPI,Delivered,,31.8
ORD102828,BENRES01DEL01,27,4.0,Bengaluru,2026-04-21,13:48:00,Cloudy,Jam,0,Meal,scooter,0,No,1.03,441.8,UPI,Delivered,,36.1
ORD104956,MUMRES03DEL01,19,4.1,Mumbai,2026-04-21,13:50:00,Cloudy,High,3,Buffet,bicycle,0,No,2.24,233.33,Cash,Cancelled,Customer Cancelled,
ORD104754,MUMRES41DEL05,31,3.9,Mumbai,2026-04-21,13:58:00,Fog,Low,1,Buffet,scooter,1,No,18.67,167.86,Cash,Delivered,,56.2
ORD103525,BENRES17DEL08,25,4.7,Bengaluru,2026-04-21,14:25:00,Sunny,Jam,3,Buffet,scooter,0,No,2.89,188.7,UPI,Delivered,,39.0
ORD102661,PUNRES18DEL03,20,4.6,Pune,2026-04-21,14:58:00,Sunny,High,1,Buffet,motorcycle,0,No,3.69,252.0,Cash,Delivered,,27.7
ORD101055,MUMRES17DEL08,28,3.9,Mumbai,2026-04-21,15:03:00,Windy,Medium,1,Snack,motorcycle,0,No,6.2,236.72,UPI,Delivered,,37.3
ORD101513,HYDRES20DEL02,33,4.5,Hyderabad,2026-04-21,15:30:00,Sandstorms,Medium,0,Meal,scooter,0,No,2.22,364.33,UPI,Delivered,,31.6
ORD100028,DELRES28DEL02,30,4.6,Delhi,2026-04-21,15:31:00,Sunny,Medium,2,Snack,scooter,1,No,2.21,842.55,Cash,Delivered,,30.4
ORD104394,KOLRES30DEL03,27,4.4,Kolkata,2026-04-21,16:03:00,Sandstorms,Medium,3,Drinks,motorcycle,1,No,1.92,293.09,UPI,Delivered,,35.6
ORD102100,KOLRES29DEL03,18,4.5,Kolkata,2026-04-21,16:46:00,Windy,High,0,Drinks,scooter,1,No,0.85,452.05,UPI,Delivered,,34.1
ORD104124,MUMRES37DEL04,31,4.1,Mumbai,2026-04-21,17:37:00,Sunny,Medium,2,Buffet,motorcycle,0,No,2.22,119.88,UPI,Delivered,,24.1
ORD105084,CHERES37DEL06,29,4.2,Chennai,2026-04-21,17:51:00,Sunny,Low,0,Buffet,scooter,1,No,0.97,265.45,UPI,Delivered,,24.4
ORD104961,DELRES24DEL02,35,4.4,Delhi,2026-04-21,18:03:00,Sunny,Medium,1,Meal,bicycle,2,No,11.48,254.02,UPI,Delivered,,47.9
ORD105014,CHERES24DEL08,28,4.1,Chennai,2026-04-21,18:11:00,Sunny,Medium,3,Drinks,motorcycle,0,No,1.24,288.76,Cash,Delivered,,29.0
ORD103047,MUMRES01DEL06,20,4.5,Mumbai,2026-04-21,18:27:00,Fog,Low,2,Buffet,motorcycle,2,No,9.59,260.06,UPI,Delivered,,47.6
ORD102147,MUMRES21DEL03,18,4.4,Mumbai,2026-04-21,18:48:00,Cloudy,Low,0,Drinks,scooter,1,No,2.55,421.83,UPI,Delivered,,30.7
ORD101647,MUMRES05DEL07,28,4.0,Mumbai,2026-04-21,18:52:00,Fog,Medium,3,Drinks,motorcycle,0,No,6.61,333.05,UPI,Delivered,,35.9
ORD101414,BENRES12DEL06,21,4.1,Bengaluru,2026-04-21,19:01:00,Fog,Low,1,Meal,motorcycle,1,No,8.96,359.4,Cash,Delivered,,47.7
ORD104105,MUMRES11DEL07,23,4.5,Mumbai,2026-04-21,19:29:00,Stormy,High,1,Drinks,motorcycle,1,No,13.47,233.24,Cash,Delivered,,57.1
ORD101099,MUMRES31DEL07,36,5.0,Mumbai,2026-04-21,19:30:00,Sunny,Medium,1,Snack,electric_scooter,0,No,3.34,405.08,Card,Delivered,,23.1
ORD100359,BENRES27DEL05,35,3.9,Bengaluru,2026-04-21,19:38:00,Cloudy,Low,0,Snack,electric_scooter,1,No,17.19,271.2,Cash,Delivered,,52.7
ORD104967,PUNRES32DEL08,34,4.7,Pune,2026-04-21,19:39:00,Fog,Jam,3,Drinks,motorcycle,1,No,7.39,97.6,Card,Delivered,,56.3
ORD102837,PUNRES41DEL02,33,4.8,Pune,2026-04-21,19:43:00,Sunny,Low,3,Buffet,scooter,0,No,2.32,300.27,Card,Delivered,,18.4
ORD104666,PUNRES31DEL02,31,4.9,Pune,2026-04-21,19:43:00,Sunny,Low,1,Meal,motorcycle,3,No,3.89,200.58,UPI,Delivered,,38.5
ORD105900,HYDRES15DEL01,21,3.7,Hyderabad,2026-04-21,20:05:00,Windy,Low,1,Meal,electric_scooter,0,No,4.92,306.19,Cash,Delivered,,28.2
ORD100282,MUMRES06DEL05,28,4.3,Mumbai,2026-04-21,20:19:00,Cloudy,Medium,1,Meal,motorcycle,0,No,9.44,193.68,Cash,Delivered,,37.9
ORD100416,MUMRES32DEL02,31,4.9,Mumbai,2026-04-21,20:33:00,Fog,Low,0,Snack,scooter,1,No,1.64,476.21,UPI,Delivered,,27.0
ORD104244,DELRES06DEL07,30,4.2,Delhi,2026-04-21,20:45:00,Cloudy,Low,3,Drinks,electric_scooter,1,No,10.87,320.48,Card,Delivered,,43.5
ORD102579,MUMRES23DEL06,20,4.1,Mumbai,2026-04-21,20:57:00,Cloudy,High,1,Buffet,motorcycle,1,No,6.79,487.49,Cash,Delivered,,44.5
ORD104289,HYDRES12DEL02,26,4.2,Hyderabad,2026-04-21,20:59:00,Sunny,High,2,Snack,motorcycle,0,No,3.15,299.21,UPI,Delivered,,37.6
ORD104923,CHERES09DEL08,32,4.6,Chennai,2026-04-21,21:37:00,Stormy,High,0,Meal,electric_scooter,2,No,8.65,641.84,UPI,Delivered,,64.0
ORD105047,MUMRES42DEL02,18,4.6,Mumbai,2026-04-21,22:26:00,Sunny,Medium,0,Drinks,scooter,0,No,12.66,167.18,Wallet,Delivered,,43.3
ORD100815,CHERES43DEL03,26,4.3,Chennai,2026-04-21,22:47:00,Sunny,High,3,Buffet,motorcycle,1,No,1.82,344.03,UPI,Delivered,,32.6
ORD105830,KOLRES02DEL06,30,4.5,Kolkata,2026-04-21,23:36:00,Sunny,Medium,1,Drinks,motorcycle,3,No,1.56,258.84,UPI,Delivered,,34.7
ORD102772,MUMRES42DEL05,31,4.0,Mumbai,2026-04-21,23:40:00,Fog,Medium,0,Meal,scooter,0,No,2.33,348.66,UPI,Delivered,,35.2
ORD105984,DELRES31DEL05,32,4.3,Delhi,2026-04-22,01:45:00,Cloudy,Low,1,Buffet,electric_scooter,1,Yes,24.56,308.97,Wallet,Delivered,,65.6
ORD103688,BENRES37DEL04,25,4.1,Bengaluru,2026-04-22,02:04:00,Cloudy,High,0,Drinks,motorcycle,0,Yes,2.17,225.89,UPI,Delivered,,38.5
ORD100745,HYDRES21DEL06,28,4.1,Hyderabad,2026-04-22,06:16:00,Cloudy,Low,0,Meal,motorcycle,0,Yes,6.64,162.7,Cash,Cancelled,Restaurant Delay,
ORD102604,KOLRES01DEL07,23,4.6,Kolkata,2026-04-22,07:04:00,Sunny,Low,3,Buffet,scooter,1,Yes,2.2,105.2,UPI,Delivered,,36.4
ORD103825,PUNRES42DEL08,22,4.6,Pune,2026-04-22,08:21:00,Cloudy,Medium,3,Meal,electric_scooter,1,Yes,17.79,349.91,UPI,Delivered,,63.3
ORD100327,HYDRES20DEL08,37,4.7,Hyderabad,2026-04-22,08:37:00,Sunny,High,1,Buffet,scooter,1,Yes,4.15,200.17,Cash,Delivered,,43.4
ORD105131,DELRES11DEL04,18,4.7,Delhi,2026-04-22,10:16:00,Cloudy,High,2,Buffet,motorcycle,0,Yes,4.76,371.15,UPI,Delivered,,43.4
ORD102709,HYDRES36DEL04,26,4.5,Hyderabad,2026-04-22,11:13:00,Sunny,Medium,2,Buffet,electric_scooter,0,Yes,3.17,259.58,UPI,Delivered,,38.8
ORD101777,KOLRES41DEL08,20,4.4,Kolkata,2026-04-22,11:24:00,Sunny,High,3,Meal,scooter,2,Yes,15.59,112.49,UPI,Delivered,,62.3
ORD104721,MUMRES37DEL07,26,4.1,Mumbai,2026-04-22,11:24:00,Sunny,Low,1,Drinks,motorcycle,0,Yes,1.65,352.61,UPI,Delivered,,24.4
ORD105092,DELRES03DEL08,23,4.8,Delhi,2026-04-22,11:52:00,Sunny,Medium,2,Meal,motorcycle,0,Yes,15.29,357.94,UPI,Delivered,,53.4
ORD104189,KOLRES42DEL06,32,5.0,Kolkata,2026-04-22,11:58:00,Sunny,Low,0,Snack,motorcycle,1,Yes,2.03,634.25,Cash,Delivered,,27.0
ORD104390,HYDRES11DEL01,35,4.7,Hyderabad,2026-04-22,12:25:00,Sandstorms,Low,0,Meal,motorcycle,0,Yes,1.02,120.15,Card,Delivered,,27.4
ORD103107,DELRES21DEL04,29,4.6,Delhi,2026-04-22,12:59:00,Stormy,Low,0,Drinks,motorcycle,0,Yes,5.21,765.53,Wallet,Delivered,,46.4
ORD100619,BENRES14DEL06,39,4.4,Bengaluru,2026-04-22,13:13:00,Sunny,Jam,3,Buffet,scooter,0,Yes,6.15,197.0,UPI,Delivered,,57.5
ORD105552,BENRES09DEL03,26,3.8,Bengaluru,2026-04-22,13:23:00,Fog,Low,1,Snack,scooter,0,Yes,7.97,490.08,Cash,Cancelled,Weather Disruption,
ORD105497,CHERES14DEL02,28,4.0,Chennai,2026-04-22,13:26:00,Sunny,Low,2,Buffet,electric_scooter,0,Yes,8.2,262.32,UPI,Delivered,,29.7
ORD104977,BENRES14DEL01,27,4.7,Bengaluru,2026-04-22,13:54:00,Cloudy,Low,2,Drinks,motorcycle,1,Yes,7.66,316.09,UPI,Delivered,,43.0
ORD100876,DELRES38DEL04,27,4.4,Delhi,2026-04-22,13:56:00,Sunny,Medium,3,Snack,scooter,2,Yes,1.35,360.68,UPI,Delivered,,35.8
ORD104821,CHERES02DEL07,35,4.4,Chennai,2026-04-22,14:44:00,Sunny,High,2,Buffet,scooter,0,Yes,9.18,251.29,Card,Delivered,,49.2
ORD101547,BENRES40DEL05,21,4.3,Bengaluru,2026-04-22,14:50:00,Fog,High,2,Drinks,motorcycle,0,Yes,2.24,249.14,Cash,Cancelled,Traffic Delay,
ORD104181,CHERES23DEL03,41,4.3,Chennai,2026-04-22,15:58:00,Sandstorms,Low,0,Meal,scooter,0,Yes,6.84,358.13,Wallet,Delivered,,46.4
ORD101076,MUMRES12DEL01,32,5.0,Mumbai,2026-04-22,17:04:00,Sunny,Jam,2,Snack,electric_scooter,0,Yes,14.9,305.75,Wallet,Delivered,,65.2
ORD100839,MUMRES18DEL06,18,3.9,Mumbai,2026-04-22,17:24:00,Cloudy,Jam,1,Meal,scooter,0,Yes,5.17,127.94,UPI,Delivered,,47.4
ORD100134,CHERES41DEL03,31,4.7,Chennai,2026-04-22,17:36:00,Stormy,Jam,0,Buffet,motorcycle,0,Yes,18.18,355.3,UPI,Delivered,,82.3
ORD104499,MUMRES23DEL07,34,4.5,Mumbai,2026-04-22,17:55:00,Sandstorms,High,0,Snack,motorcycle,0,Yes,2.8,569.88,UPI,Cancelled,Traffic Delay,
ORD101335,DELRES05DEL03,33,4.1,Delhi,2026-04-22,18:31:00,Sandstorms,Medium,0,Meal,motorcycle,1,Yes,3.05,296.16,UPI,Delivered,,43.0
ORD104331,HYDRES27DEL01,27,4.5,Hyderabad,2026-04-22,18:53:00,Sunny,Medium,3,Buffet,bicycle,0,Yes,5.08,314.09,Card,Delivered,,36.3
ORD105664,HYDRES04DEL01,22,4.6,Hyderabad,2026-04-22,19:06:00,Cloudy,High,3,Snack,motorcycle,0,Yes,7.84,132.56,UPI,Cancelled,Traffic Delay,
ORD101965,BENRES07DEL05,28,5.0,Bengaluru,2026-04-22,19:29:00,Sunny,Low,2,Buffet,motorcycle,0,Yes,0.88,189.58,Card,Delivered,,19.7
ORD105330,HYDRES27DEL06,18,4.5,Hyderabad,2026-04-22,19:29:00,Sandstorms,Low,3,Meal,motorcycle,1,Yes,5.05,138.47,Card,Delivered,,42.3
ORD100980,CHERES06DEL02,36,4.1,Chennai,2026-04-22,19:53:00,Fog,Medium,2,Drinks,motorcycle,0,Yes,1.64,397.06,UPI,Cancelled,Weather Disruption,
ORD105359,MUMRES20DEL07,20,4.7,Mumbai,2026-04-22,20:25:00,Sandstorms,Medium,3,Snack,motorcycle,2,Yes,4.65,167.7,Cash,Delivered,,54.0
ORD105871,MUMRES11DEL07,29,4.2,Mumbai,2026-04-22,20:25:00,Sunny,Medium,3,Meal,motorcycle,0,Yes,5.83,383.16,UPI,Delivered,,39.2
ORD100947,DELRES22DEL04,21,4.9,Delhi,2026-04-22,20:26:00,Sandstorms,High,0,Drinks,electric_scooter,0,Yes,3.0,395.88,UPI,Delivered,,46.5
ORD101449,BENRES25DEL05,34,4.1,Bengaluru,2026-04-22,20:52:00,Sunny,Low,3,Meal,motorcycle,0,Yes,0.99,133.49,UPI,Delivered,,26.8
ORD102082,KOLRES23DEL08,32,4.4,Kolkata,2026-04-22,21:07:00,Windy,High,0,Meal,motorcycle,0,Yes,0.84,370.72,Cash,Delivered,,33.3
ORD102977,HYDRES05DEL04,24,4.3,Hyderabad,2026-04-22,21:11:00,Sunny,High,3,Snack,motorcycle,0,Yes,3.04,461.2,Wallet,Delivered,,36.6
ORD103497,PUNRES33DEL08,36,4.8,Pune,2026-04-22,22:06:00,Sunny,Medium,3,Snack,motorcycle,0,Yes,1.9,340.55,UPI,Delivered,,27.6
ORD105462,DELRES06DEL06,35,4.1,Delhi,2026-04-22,22:21:00,Sandstorms,Low,1,Buffet,scooter,1,Yes,12.13,376.18,Cash,Delivered,,60.6
ORD101392,BENRES32DEL05,30,4.5,Bengaluru,2026-04-22,23:41:00,Cloudy,Medium,1,Drinks,scooter,2,Yes,8.31,171.39,Wallet,Delivered,,53.7
ORD102521,DELRES12DEL06,35,4.5,Delhi,2026-04-23,07:15:00,Sunny,Medium,0,Snack,motorcycle,0,No,2.45,128.79,UPI,Delivered,,27.0
ORD104366,BENRES29DEL06,26,4.3,Bengaluru,2026-04-23,08:24:00,Sunny,Low,3,Snack,electric_scooter,1,No,2.01,637.87,UPI,Delivered,,21.2
ORD105314,PUNRES07DEL04,35,4.1,Pune,2026-04-23,09:22:00,Sunny,Low,3,Drinks,motorcycle,2,No,3.45,218.99,UPI,Delivered,,34.9
ORD103015,CHERES42DEL07,30,4.3,Chennai,2026-04-23,11:07:00,Cloudy,High,1,Buffet,scooter,0,No,3.85,189.8,UPI,Cancelled,Customer Cancelled,
ORD102729,PUNRES15DEL08,34,4.6,Pune,2026-04-23,11:37:00,Stormy,Jam,0,Drinks,scooter,1,No,12.7,230.94,Cash,Cancelled,Weather Disruption,
ORD103558,DELRES19DEL06,31,4.2,Delhi,2026-04-23,11:46:00,Cloudy,Low,0,Drinks,motorcycle,0,No,5.46,271.4,Card,Delivered,,22.9
ORD102703,MUMRES12DEL06,33,4.7,Mumbai,2026-04-23,12:06:00,Sandstorms,Low,2,Snack,motorcycle,1,No,1.55,204.26,Cash,Delivered,,32.4
ORD103421,DELRES19DEL04,35,4.5,Delhi,2026-04-23,12:08:00,Sunny,Medium,1,Meal,scooter,0,No,1.98,409.67,Card,Delivered,,27.7
ORD105116,CHERES08DEL03,29,4.0,Chennai,2026-04-23,12:09:00,Cloudy,High,3,Meal,scooter,0,No,2.69,279.27,Cash,Delivered,,31.1
ORD102922,BENRES09DEL07,40,4.7,Bengaluru,2026-04-23,12:24:00,Cloudy,Jam,1,Snack,motorcycle,0,No,20.62,338.75,Cash,Cancelled,Delivery Partner Unavailable,
ORD104935,MUMRES05DEL02,23,4.0,Mumbai,2026-04-23,12:27:00,Windy,Low,1,Meal,scooter,1,No,1.25,137.17,Card,Delivered,,30.3
ORD101519,BENRES01DEL07,36,4.6,Bengaluru,2026-04-23,13:10:00,Cloudy,Medium,0,Drinks,motorcycle,1,No,9.3,207.15,UPI,Delivered,,44.6
ORD102515,HYDRES12DEL04,28,4.5,Hyderabad,2026-04-23,13:19:00,Cloudy,Medium,0,Buffet,motorcycle,1,No,3.89,309.08,UPI,Delivered,,35.6
ORD100784,MUMRES37DEL02,31,3.5,Mumbai,2026-04-23,14:01:00,Fog,High,1,Meal,motorcycle,1,No,0.89,350.98,UPI,Delivered,,38.9
ORD100501,DELRES19DEL04,36,4.3,Delhi,2026-04-23,15:03:00,Fog,Medium,0,Drinks,electric_scooter,1,No,4.88,239.93,UPI,Delivered,,36.3
ORD105924,CHERES23DEL08,39,4.3,Chennai,2026-04-23,15:32:00,Sandstorms,Jam,1,Drinks,scooter,0,No,1.4,332.46,UPI,Cancelled,Traffic Delay,
ORD101598,CHERES44DEL02,28,4.7,Chennai,2026-04-23,16:15:00,Stormy,High,0,Drinks,electric_scooter,0,No,5.32,198.76,Cash,Delivered,,47.7
ORD105859,DELRES21DEL05,24,4.1,Delhi,2026-04-23,16:17:00,Fog,Jam,1,Meal,motorcycle,0,No,2.01,205.67,UPI,Delivered,,43.0
ORD103979,DELRES01DEL08,21,5.0,Delhi,2026-04-23,16:39:00,Sunny,Medium,1,Buffet,motorcycle,0,No,4.51,133.23,UPI,Delivered,,25.4
ORD105432,DELRES01DEL05,28,4.4,Delhi,2026-04-23,16:48:00,Sunny,Medium,3,Snack,motorcycle,1,No,3.4,333.56,UPI,Delivered,,34.8
ORD100656,HYDRES12DEL07,27,4.1,Hyderabad,2026-04-23,17:31:00,Windy,Low,3,Meal,motorcycle,0,No,2.92,333.77,UPI,Delivered,,30.8
ORD105795,BENRES12DEL03,31,4.4,Bengaluru,2026-04-23,18:02:00,Cloudy,High,0,Buffet,electric_scooter,0,No,6.14,250.09,UPI,Cancelled,Weather Disruption,
ORD102011,MUMRES13DEL03,22,4.3,Mumbai,2026-04-23,18:05:00,Sunny,Medium,3,Buffet,motorcycle,1,No,2.17,229.05,Cash,Cancelled,Customer Cancelled,
ORD104813,DELRES25DEL03,42,4.0,Delhi,2026-04-23,18:28:00,Cloudy,Medium,3,Buffet,motorcycle,0,No,4.18,545.7,UPI,Delivered,,28.8
ORD103874,MUMRES34DEL04,30,4.1,Mumbai,2026-04-23,18:43:00,Sunny,Medium,3,Drinks,motorcycle,2,No,1.51,343.94,Wallet,Delivered,,32.1
ORD103863,KOLRES13DEL06,33,3.8,Kolkata,2026-04-23,19:05:00,Cloudy,Low,3,Drinks,bicycle,0,No,14.19,339.66,Wallet,Delivered,,40.1
ORD101166,DELRES44DEL04,27,4.0,Delhi,2026-04-23,19:12:00,Sunny,High,0,Meal,electric_scooter,1,No,1.53,362.7,Card,Delivered,,34.7
ORD104790,HYDRES29DEL06,18,5.0,Hyderabad,2026-04-23,19:12:00,Stormy,Medium,1,Buffet,motorcycle,2,No,6.42,406.45,Cash,Delivered,,50.9
ORD104382,BENRES22DEL03,29,4.4,Bengaluru,2026-04-23,19:17:00,Stormy,High,0,Drinks,scooter,0,No,1.24,159.34,Cash,Delivered,,43.1
ORD105140,MUMRES05DEL04,26,4.6,Mumbai,2026-04-23,19:47:00,Cloudy,High,3,Drinks,scooter,0,No,3.72,81.04,UPI,Delivered,,37.9
ORD100743,CHERES39DEL07,39,4.6,Chennai,2026-04-23,19:48:00,Stormy,Low,0,Snack,electric_scooter,2,No,2.05,325.16,Card,Delivered,,37.4
ORD102348,HYDRES18DEL06,25,5.0,Hyderabad,2026-04-23,19:51:00,Sunny,High,1,Meal,motorcycle,0,No,9.19,475.97,UPI,Delivered,,40.1
ORD102060,BENRES23DEL08,20,4.2,Bengaluru,2026-04-23,19:57:00,Cloudy,Medium,0,Snack,motorcycle,0,No,4.54,485.33,UPI,Delivered,,27.9
ORD102494,DELRES20DEL05,22,3.9,Delhi,2026-04-23,19:58:00,Fog,Medium,3,Buffet,motorcycle,0,No,2.23,721.94,UPI,Delivered,,28.7
ORD102095,MUMRES25DEL07,30,4.4,Mumbai,2026-04-23,20:12:00,Stormy,High,0,Buffet,motorcycle,0,No,5.27,462.01,Cash,Delivered,,44.9
ORD101666,BENRES25DEL05,24,4.2,Bengaluru,2026-04-23,20:17:00,Sandstorms,Medium,0,Snack,motorcycle,0,No,4.7,405.93,UPI,Delivered,,38.2
ORD103932,KOLRES16DEL01,35,4.0,Kolkata,2026-04-23,20:20:00,Fog,Medium,3,Buffet,bicycle,1,No,2.01,182.92,UPI,Delivered,,33.8
ORD102989,MUMRES34DEL05,24,4.0,Mumbai,2026-04-23,20:28:00,Stormy,High,2,Buffet,electric_scooter,1,No,3.97,407.0,Cash,Delivered,,39.8
ORD100178,MUMRES32DEL01,42,4.7,Mumbai,2026-04-23,20:32:00,Stormy,Medium,1,Meal,motorcycle,0,No,5.8,121.69,UPI,Delivered,,34.4
ORD100451,MUMRES41DEL01,30,4.6,Mumbai,2026-04-23,20:39:00,Sunny,High,1,Drinks,scooter,0,No,2.89,261.29,UPI,Delivered,,33.0
ORD100375,BENRES36DEL01,38,4.7,Bengaluru,2026-04-23,20:48:00,Stormy,Medium,1,Drinks,motorcycle,0,No,5.71,155.84,UPI,Delivered,,45.5
ORD100285,MUMRES32DEL04,26,4.8,Mumbai,2026-04-23,21:08:00,Fog,Medium,0,Meal,motorcycle,0,No,2.17,140.88,Card,Delivered,,33.5
ORD100256,BENRES17DEL06,27,4.2,Bengaluru,2026-04-23,21:28:00,Windy,Low,3,Buffet,scooter,0,No,2.55,291.71,Cash,Delivered,,25.3
ORD105998,CHERES25DEL06,33,5.0,Chennai,2026-04-23,21:32:00,Fog,Low,1,Meal,motorcycle,0,No,3.4,170.08,Card,Delivered,,31.5
ORD102126,HYDRES18DEL02,33,4.8,Hyderabad,2026-04-23,21:40:00,Sunny,Medium,1,Meal,motorcycle,1,No,5.23,308.74,Cash,Delivered,,37.7
ORD103539,BENRES36DEL06,41,4.8,Bengaluru,2026-04-23,21:55:00,Stormy,Medium,1,Meal,motorcycle,3,No,5.86,275.3,UPI,Delivered,,60.8
ORD104933,MUMRES11DEL04,40,4.5,Mumbai,2026-04-23,22:13:00,Sunny,Medium,2,Buffet,electric_scooter,0,No,7.11,176.12,Card,Delivered,,34.3
ORD100620,PUNRES28DEL07,40,5.0,Pune,2026-04-23,23:14:00,Cloudy,Medium,2,Meal,motorcycle,0,No,2.83,315.43,UPI,Delivered,,26.8
ORD102492,DELRES14DEL06,32,5.0,Delhi,2026-04-24,07:38:00,Sandstorms,Jam,2,Meal,motorcycle,0,No,12.32,264.7,Wallet,Cancelled,Customer Cancelled,
ORD101137,HYDRES26DEL02,23,4.7,Hyderabad,2026-04-24,08:39:00,Sunny,Medium,3,Buffet,motorcycle,2,No,2.0,725.22,UPI,Delivered,,31.5
ORD103972,PUNRES38DEL04,34,4.6,Pune,2026-04-24,09:11:00,Cloudy,Medium,2,Buffet,motorcycle,2,No,3.12,129.2,UPI,Cancelled,Customer Cancelled,
ORD104725,KOLRES17DEL05,29,4.3,Kolkata,2026-04-24,09:55:00,Fog,Low,1,Drinks,scooter,0,No,12.0,236.38,Cash,Delivered,,40.2
ORD100236,PUNRES35DEL07,23,4.0,Pune,2026-04-24,10:08:00,Windy,Low,3,Snack,motorcycle,0,No,4.67,326.49,Card,Delivered,,28.5
ORD100471,KOLRES37DEL02,25,3.9,Kolkata,2026-04-24,10:32:00,Cloudy,Low,0,Buffet,bicycle,0,No,8.14,239.8,Wallet,Delivered,,29.4
ORD105586,KOLRES39DEL05,22,4.4,Kolkata,2026-04-24,11:22:00,Sandstorms,Medium,1,Meal,motorcycle,0,No,6.33,316.07,UPI,Delivered,,45.5
ORD101824,KOLRES18DEL02,21,4.0,Kolkata,2026-04-24,11:28:00,Sunny,Low,1,Buffet,motorcycle,1,No,2.76,416.56,Wallet,Delivered,,27.4
ORD104047,HYDRES15DEL06,24,5.0,Hyderabad,2026-04-24,11:30:00,Windy,High,3,Drinks,motorcycle,0,No,2.58,138.49,UPI,Delivered,,28.5
ORD103079,PUNRES07DEL01,30,4.3,Pune,2026-04-24,11:34:00,Cloudy,Low,0,Drinks,motorcycle,1,No,3.88,427.49,Cash,Delivered,,35.6
ORD105310,KOLRES41DEL08,19,4.2,Kolkata,2026-04-24,12:44:00,Fog,Low,0,Meal,electric_scooter,0,No,4.17,304.19,Wallet,Delivered,,37.5
ORD104129,BENRES18DEL07,26,4.9,Bengaluru,2026-04-24,12:46:00,Stormy,Medium,3,Meal,scooter,1,No,2.58,186.73,Card,Delivered,,43.5
ORD101608,BENRES31DEL06,24,4.7,Bengaluru,2026-04-24,12:56:00,Cloudy,Medium,0,Meal,motorcycle,0,No,4.1,520.8,UPI,Delivered,,32.1
ORD103113,CHERES12DEL08,34,4.7,Chennai,2026-04-24,13:03:00,Sunny,High,3,Snack,motorcycle,0,No,2.79,288.99,UPI,Delivered,,29.5
ORD102714,PUNRES12DEL03,25,4.2,Pune,2026-04-24,13:17:00,Fog,Medium,1,Drinks,electric_scooter,0,No,3.61,256.7,Card,Delivered,,27.4
ORD102845,HYDRES20DEL03,18,4.2,Hyderabad,2026-04-24,14:35:00,Cloudy,Low,3,Buffet,motorcycle,2,No,5.46,252.98,UPI,Delivered,,39.4
ORD103556,CHERES22DEL06,29,4.3,Chennai,2026-04-24,14:39:00,Sunny,Low,1,Buffet,motorcycle,1,No,7.89,241.23,UPI,Delivered,,28.4
ORD102880,CHERES01DEL01,29,3.9,Chennai,2026-04-24,15:32:00,Stormy,Low,1,Meal,electric_scooter,2,No,13.72,219.69,UPI,Delivered,,61.2
ORD102038,MUMRES07DEL03,27,4.6,Mumbai,2026-04-24,15:36:00,Cloudy,Medium,1,Meal,motorcycle,0,No,5.3,170.5,UPI,Delivered,,28.2
ORD100119,DELRES06DEL01,36,4.6,Delhi,2026-04-24,16:01:00,Sunny,Medium,3,Meal,motorcycle,0,No,9.63,315.03,UPI,Delivered,,39.4
ORD105477,DELRES19DEL02,47,4.1,Delhi,2026-04-24,16:44:00,Stormy,Low,1,Meal,motorcycle,1,No,7.18,228.44,UPI,Delivered,,42.2
ORD102881,PUNRES42DEL02,24,4.3,Pune,2026-04-24,17:14:00,Sunny,Low,2,Drinks,scooter,2,No,2.91,81.66,UPI,Delivered,,30.4
ORD104119,MUMRES12DEL06,34,4.6,Mumbai,2026-04-24,17:27:00,Sunny,Medium,0,Buffet,motorcycle,0,No,1.95,125.45,Card,Delivered,,29.9
ORD104254,PUNRES32DEL05,35,4.1,Pune,2026-04-24,17:54:00,Stormy,Jam,2,Buffet,scooter,0,No,4.42,408.67,UPI,Delivered,,48.7
ORD103283,MUMRES38DEL02,25,4.4,Mumbai,2026-04-24,17:58:00,Stormy,Low,3,Snack,electric_scooter,1,No,4.18,237.57,UPI,Delivered,,36.1
ORD104028,PUNRES22DEL04,29,4.5,Pune,2026-04-24,18:01:00,Stormy,High,2,Meal,electric_scooter,1,No,5.88,165.35,Wallet,Delivered,,52.8
ORD100274,MUMRES09DEL04,27,4.7,Mumbai,2026-04-24,18:03:00,Sunny,Low,1,Buffet,motorcycle,1,No,20.0,653.76,UPI,Delivered,,54.3
ORD105511,MUMRES15DEL03,30,3.9,Mumbai,2026-04-24,18:10:00,Sunny,Low,1,Snack,motorcycle,3,No,3.76,515.98,Card,Delivered,,38.1
ORD102006,DELRES22DEL07,36,4.0,Delhi,2026-04-24,18:30:00,Sandstorms,Medium,0,Buffet,bicycle,0,No,10.58,501.61,Card,Cancelled,Weather Disruption,
ORD101415,CHERES14DEL04,39,4.4,Chennai,2026-04-24,18:34:00,Cloudy,High,2,Drinks,motorcycle,0,No,2.16,89.22,UPI,Cancelled,Weather Disruption,
ORD102645,HYDRES42DEL08,27,4.1,Hyderabad,2026-04-24,18:56:00,Sunny,Medium,2,Meal,scooter,0,No,2.26,117.62,UPI,Delivered,,33.1
ORD104608,MUMRES26DEL04,28,4.9,Mumbai,2026-04-24,19:04:00,Fog,Medium,0,Meal,scooter,1,No,5.87,292.75,Wallet,Delivered,,41.7
ORD100840,PUNRES41DEL02,22,4.4,Pune,2026-04-24,19:13:00,Windy,Low,2,Drinks,motorcycle,0,No,4.68,276.6,UPI,Delivered,,27.6
ORD103011,DELRES29DEL06,30,4.8,Delhi,2026-04-24,19:16:00,Sunny,Medium,1,Snack,motorcycle,0,No,6.7,838.85,UPI,Cancelled,Customer Cancelled,
ORD105792,HYDRES35DEL01,27,4.4,Hyderabad,2026-04-24,19:16:00,Windy,Medium,0,Snack,motorcycle,1,No,2.72,175.33,UPI,Delivered,,35.2
ORD103643,MUMRES39DEL04,37,4.0,Mumbai,2026-04-24,19:40:00,Windy,Low,3,Drinks,motorcycle,2,No,3.65,300.8,UPI,Delivered,,34.9
ORD103038,HYDRES30DEL08,22,4.6,Hyderabad,2026-04-24,19:46:00,Windy,High,1,Buffet,motorcycle,2,No,3.81,446.8,UPI,Delivered,,41.7
ORD101550,BENRES11DEL01,35,4.3,Bengaluru,2026-04-24,19:47:00,Cloudy,Medium,3,Buffet,electric_scooter,0,No,3.21,165.17,Cash,Delivered,,32.2
ORD105402,DELRES20DEL06,29,4.4,Delhi,2026-04-24,19:51:00,Sunny,Low,1,Snack,motorcycle,0,No,7.61,431.35,Wallet,Delivered,,30.3
ORD101870,MUMRES38DEL02,19,4.3,Mumbai,2026-04-24,19:56:00,Sunny,Low,2,Snack,motorcycle,0,No,2.15,231.0,UPI,Delivered,,26.6
ORD105325,DELRES26DEL04,21,4.8,Delhi,2026-04-24,20:04:00,Fog,Low,2,Buffet,motorcycle,0,No,6.08,229.24,UPI,Delivered,,30.9
ORD103356,KOLRES30DEL04,31,3.8,Kolkata,2026-04-24,20:21:00,Windy,Low,1,Meal,scooter,1,No,13.77,258.11,UPI,Delivered,,49.1
ORD101548,HYDRES14DEL01,21,4.5,Hyderabad,2026-04-24,20:45:00,Windy,High,3,Buffet,motorcycle,1,No,1.26,85.69,UPI,Delivered,,35.8
ORD100275,DELRES16DEL03,29,5.0,Delhi,2026-04-24,21:07:00,Sunny,Medium,0,Buffet,motorcycle,0,No,4.04,881.88,Card,Cancelled,Customer Cancelled,
ORD104911,DELRES07DEL08,33,5.0,Delhi,2026-04-24,21:09:00,Windy,Low,1,Snack,scooter,0,No,6.1,271.79,UPI,Delivered,,32.5
ORD105093,MUMRES12DEL01,21,4.7,Mumbai,2026-04-24,21:11:00,Cloudy,Low,0,Snack,motorcycle,0,No,3.53,656.18,Cash,Delivered,,22.0
ORD100809,DELRES24DEL01,31,3.8,Delhi,2026-04-24,21:21:00,Sunny,Low,2,Snack,electric_scooter,0,No,13.78,237.02,UPI,Delivered,,38.4
ORD100814,PUNRES10DEL07,18,4.3,Pune,2026-04-24,21:35:00,Windy,Jam,3,Drinks,bicycle,1,No,2.05,293.62,Cash,Delivered,,50.5
ORD101078,CHERES15DEL03,26,4.5,Chennai,2026-04-24,21:35:00,Windy,Medium,3,Meal,motorcycle,2,No,0.88,393.29,Cash,Delivered,,33.0
ORD102076,HYDRES42DEL05,33,4.5,Hyderabad,2026-04-24,21:50:00,Windy,Medium,0,Drinks,motorcycle,2,No,2.09,310.39,Card,Delivered,,36.5
ORD100208,MUMRES36DEL04,27,4.6,Mumbai,2026-04-24,21:53:00,Cloudy,High,1,Snack,scooter,0,No,10.99,315.36,UPI,Delivered,,47.2
ORD102476,BENRES16DEL06,22,3.8,Bengaluru,2026-04-24,22:03:00,Sunny,Medium,3,Snack,motorcycle,1,No,3.29,236.13,UPI,Delivered,,29.6
ORD100081,BENRES38DEL04,36,4.8,Bengaluru,2026-04-24,22:37:00,Sandstorms,Medium,0,Buffet,motorcycle,1,No,10.45,117.17,Wallet,Delivered,,54.2
ORD100278,BENRES39DEL04,24,5.0,Bengaluru,2026-04-24,22:57:00,Sunny,Medium,0,Snack,motorcycle,2,No,9.37,193.05,Cash,Delivered,,44.4
ORD101928,CHERES02DEL03,37,4.3,Chennai,2026-04-24,23:26:00,Cloudy,Low,1,Snack,scooter,1,No,14.16,166.26,Card,Delivered,,39.3
ORD101944,MUMRES16DEL06,18,4.7,Mumbai,2026-04-24,23:27:00,Fog,High,0,Drinks,motorcycle,0,No,7.18,210.89,Cash,Delivered,,37.8
ORD104930,BENRES12DEL06,36,4.1,Bengaluru,2026-04-25,00:42:00,Cloudy,Low,0,Snack,motorcycle,0,No,3.52,408.56,UPI,Delivered,,26.5
ORD101975,CHERES08DEL08,37,4.5,Chennai,2026-04-25,07:22:00,Fog,Medium,0,Snack,bicycle,0,No,2.33,286.21,UPI,Delivered,,32.8
ORD101512,CHERES25DEL08,30,4.5,Chennai,2026-04-25,09:18:00,Sunny,Low,0,Meal,bicycle,1,No,1.29,243.21,Card,Delivered,,29.4
ORD101422,BENRES32DEL08,26,4.4,Bengaluru,2026-04-25,10:06:00,Sunny,High,3,Snack,scooter,1,No,0.94,295.62,UPI,Delivered,,35.1
ORD103963,PUNRES13DEL07,25,4.9,Pune,2026-04-25,10:14:00,Windy,Medium,3,Drinks,motorcycle,0,No,4.14,289.04,Cash,Delivered,,30.2
ORD101271,PUNRES15DEL04,31,4.7,Pune,2026-04-25,10:26:00,Stormy,Medium,1,Snack,scooter,1,No,7.96,418.4,Wallet,Delivered,,46.5
ORD105709,PUNRES25DEL08,29,4.5,Pune,2026-04-25,11:33:00,Sunny,Low,0,Drinks,scooter,1,No,1.76,302.34,UPI,Delivered,,28.6
ORD100682,PUNRES12DEL04,38,4.6,Pune,2026-04-25,11:36:00,Sandstorms,High,3,Snack,motorcycle,0,No,7.11,367.06,UPI,Delivered,,45.6
ORD103320,BENRES43DEL02,18,4.4,Bengaluru,2026-04-25,11:37:00,Windy,Low,0,Meal,motorcycle,1,No,3.44,206.62,UPI,Delivered,,25.9
ORD103204,DELRES16DEL07,30,4.9,Delhi,2026-04-25,11:53:00,Sunny,High,0,Drinks,scooter,2,No,4.62,760.97,UPI,Delivered,,46.1
ORD102757,CHERES01DEL03,26,4.2,Chennai,2026-04-25,12:18:00,Sandstorms,High,1,Meal,motorcycle,2,No,2.38,441.78,UPI,Delivered,,43.0
ORD105860,CHERES09DEL08,29,4.5,Chennai,2026-04-25,12:23:00,Stormy,Low,3,Meal,motorcycle,1,No,1.72,341.94,UPI,Delivered,,28.4
ORD100894,BENRES38DEL08,23,4.3,Bengaluru,2026-04-25,12:25:00,Windy,Medium,1,Snack,motorcycle,0,No,5.51,156.05,Wallet,Delivered,,28.5
ORD101680,MUMRES03DEL08,40,4.6,Mumbai,2026-04-25,12:32:00,Cloudy,Medium,0,Meal,scooter,0,No,2.69,288.57,UPI,Cancelled,Weather Disruption,
ORD100003,DELRES02DEL01,26,4.5,Delhi,2026-04-25,12:36:00,Sunny,Low,2,Snack,motorcycle,1,No,5.5,230.47,Cash,Delivered,,26.8
ORD102617,PUNRES16DEL02,24,4.9,Pune,2026-04-25,13:55:00,Windy,High,0,Drinks,motorcycle,1,No,5.98,411.92,Card,Delivered,,36.4
ORD100803,DELRES27DEL05,29,4.8,Delhi,2026-04-25,14:19:00,Sunny,Medium,2,Snack,scooter,0,No,5.55,329.8,Cash,Delivered,,28.3
ORD101876,BENRES23DEL05,18,4.6,Bengaluru,2026-04-25,15:14:00,Sunny,Low,0,Buffet,motorcycle,1,No,4.45,164.48,Cash,Delivered,,29.9
ORD102516,MUMRES44DEL04,30,4.0,Mumbai,2026-04-25,16:38:00,Fog,Medium,1,Buffet,motorcycle,1,No,7.21,121.98,Wallet,Delivered,,43.1
ORD103076,HYDRES32DEL04,32,4.8,Hyderabad,2026-04-25,16:53:00,Cloudy,Jam,2,Meal,motorcycle,0,No,2.11,245.68,UPI,Delivered,,33.2
ORD103693,BENRES34DEL06,32,4.3,Bengaluru,2026-04-25,17:11:00,Sunny,Low,2,Buffet,motorcycle,1,No,3.95,547.6,Card,Delivered,,26.1
ORD102357,BENRES27DEL02,24,4.6,Bengaluru,2026-04-25,18:18:00,Sandstorms,Low,1,Meal,motorcycle,0,No,2.22,220.56,UPI,Cancelled,Traffic Delay,
ORD102868,BENRES06DEL06,23,4.2,Bengaluru,2026-04-25,18:25:00,Sunny,Jam,2,Drinks,bicycle,2,No,7.61,249.96,Cash,Cancelled,Customer Cancelled,
ORD101587,BENRES35DEL08,18,4.7,Bengaluru,2026-04-25,18:30:00,Fog,High,0,Snack,motorcycle,2,No,1.55,124.08,Wallet,Delivered,,42.2
ORD104297,DELRES28DEL06,23,4.6,Delhi,2026-04-25,19:41:00,Sunny,High,1,Buffet,scooter,0,No,2.07,256.03,UPI,Delivered,,31.2
ORD105914,KOLRES40DEL06,18,4.2,Kolkata,2026-04-25,19:42:00,Windy,Medium,0,Drinks,motorcycle,0,No,9.12,280.54,UPI,Delivered,,37.3
ORD104128,CHERES14DEL04,23,4.1,Chennai,2026-04-25,19:43:00,Windy,Low,1,Buffet,motorcycle,2,No,1.35,202.84,Card,Delivered,,36.2
ORD103845,HYDRES24DEL03,31,4.1,Hyderabad,2026-04-25,19:58:00,Cloudy,Medium,3,Snack,motorcycle,0,No,4.75,305.14,UPI,Delivered,,38.7
ORD102382,PUNRES29DEL02,19,4.5,Pune,2026-04-25,20:08:00,Sunny,Medium,3,Meal,motorcycle,2,No,2.01,189.8,UPI,Delivered,,38.8
ORD103431,DELRES20DEL04,33,3.9,Delhi,2026-04-25,20:23:00,Cloudy,Medium,1,Snack,scooter,3,No,5.86,307.12,UPI,Delivered,,49.9
ORD100391,DELRES33DEL01,35,4.2,Delhi,2026-04-25,20:37:00,Sunny,Medium,2,Drinks,motorcycle,1,No,7.98,175.19,UPI,Delivered,,38.4
ORD103333,HYDRES12DEL07,23,3.8,Hyderabad,2026-04-25,20:39:00,Sunny,Jam,2,Snack,motorcycle,0,No,7.11,289.15,UPI,Delivered,,39.2
ORD100234,BENRES23DEL06,31,4.8,Bengaluru,2026-04-25,21:23:00,Windy,Low,0,Buffet,motorcycle,1,No,1.11,558.47,Wallet,Delivered,,23.3
ORD105886,HYDRES40DEL07,26,4.4,Hyderabad,2026-04-25,21:31:00,Fog,High,2,Buffet,scooter,2,No,0.94,700.84,Cash,Cancelled,Weather Disruption,
ORD101143,MUMRES10DEL05,35,4.5,Mumbai,2026-04-25,21:34:00,Cloudy,Medium,1,Buffet,bicycle,1,No,3.14,331.25,Wallet,Delivered,,37.4
ORD104844,DELRES27DEL04,40,3.6,Delhi,2026-04-25,21:35:00,Sunny,Jam,3,Drinks,scooter,0,No,6.03,418.45,Cash,Delivered,,41.7
ORD102268,PUNRES35DEL03,22,4.2,Pune,2026-04-25,22:46:00,Sunny,Medium,1,Snack,motorcycle,0,No,1.25,192.41,Card,Delivered,,25.3
ORD100790,HYDRES14DEL01,33,4.3,Hyderabad,2026-04-25,23:59:00,Stormy,Low,3,Buffet,motorcycle,0,No,6.06,144.47,Wallet,Delivered,,39.0
ORD101559,DELRES40DEL03,34,4.1,Delhi,2026-04-26,00:18:00,Sandstorms,High,0,Snack,electric_scooter,0,No,11.6,344.1,UPI,Cancelled,Delivery Partner Unavailable,
ORD104865,KOLRES09DEL07,29,4.4,Kolkata,2026-04-26,05:08:00,Fog,Medium,0,Snack,motorcycle,0,No,8.05,446.9,UPI,Cancelled,Customer Cancelled,
ORD105431,MUMRES34DEL02,29,4.1,Mumbai,2026-04-26,06:33:00,Sunny,Low,1,Snack,scooter,1,No,20.95,521.49,Card,Delivered,,52.5
ORD100036,KOLRES05DEL06,32,4.7,Kolkata,2026-04-26,07:22:00,Cloudy,High,0,Drinks,scooter,0,No,8.74,326.59,Card,Delivered,,39.2
ORD100395,KOLRES29DEL02,22,4.4,Kolkata,2026-04-26,08:34:00,Cloudy,Medium,1,Buffet,scooter,0,No,9.67,287.06,UPI,Delivered,,38.0
ORD102388,KOLRES02DEL01,21,4.5,Kolkata,2026-04-26,09:06:00,Cloudy,Medium,2,Buffet,motorcycle,1,No,2.2,281.47,Wallet,Delivered,,26.0
ORD103426,MUMRES03DEL04,29,4.2,Mumbai,2026-04-26,09:35:00,Stormy,Low,1,Snack,motorcycle,2,No,2.25,277.99,Cash,Delivered,,42.0
ORD100836,CHERES19DEL06,43,4.0,Chennai,2026-04-26,10:24:00,Sunny,Low,3,Buffet,motorcycle,0,No,1.53,392.33,UPI,Delivered,,16.9
ORD100978,PUNRES44DEL01,42,4.4,Pune,2026-04-26,10:41:00,Stormy,High,1,Meal,motorcycle,1,No,2.88,215.24,Wallet,Cancelled,Delivery Partner Unavailable,
ORD104681,DELRES11DEL07,25,4.6,Delhi,2026-04-26,10:56:00,Sunny,High,2,Buffet,motorcycle,0,No,1.82,736.91,UPI,Cancelled,Traffic Delay,
ORD105750,DELRES21DEL01,20,4.2,Delhi,2026-04-26,11:14:00,Sunny,Low,2,Buffet,motorcycle,3,No,9.67,527.96,UPI,Delivered,,40.6
ORD101840,DELRES43DEL02,25,4.1,Delhi,2026-04-26,11:33:00,Cloudy,Medium,1,Meal,electric_scooter,0,No,5.33,647.59,UPI,Delivered,,29.2
ORD103221,BENRES34DEL08,39,4.1,Bengaluru,2026-04-26,11:33:00,Cloudy,Low,0,Buffet,motorcycle,1,No,0.98,508.11,UPI,Delivered,,23.0
ORD100159,BENRES09DEL05,36,4.3,Bengaluru,2026-04-26,11:46:00,Cloudy,High,2,Meal,motorcycle,0,No,6.55,105.79,Card,Delivered,,31.8
ORD103808,DELRES22DEL08,30,4.2,Delhi,2026-04-26,11:48:00,Sunny,High,1,Buffet,scooter,3,No,15.19,149.87,Wallet,Delivered,,67.1
ORD102581,DELRES15DEL02,40,4.7,Delhi,2026-04-26,11:53:00,Windy,High,0,Drinks,motorcycle,1,No,5.05,335.24,Cash,Delivered,,40.3
ORD103629,MUMRES28DEL06,26,4.8,Mumbai,2026-04-26,12:01:00,Sunny,Low,0,Buffet,motorcycle,1,No,5.08,270.14,UPI,Delivered,,29.5
ORD100636,CHERES03DEL03,30,4.2,Chennai,2026-04-26,12:13:00,Sandstorms,Low,3,Snack,motorcycle,0,No,12.23,241.33,UPI,Delivered,,51.5
ORD101452,PUNRES02DEL08,29,4.3,Pune,2026-04-26,12:46:00,Sunny,Medium,3,Meal,scooter,1,No,11.17,528.87,Card,Delivered,,45.3
ORD105714,CHERES06DEL05,31,4.5,Chennai,2026-04-26,12:48:00,Stormy,High,0,Snack,motorcycle,0,No,2.23,158.92,Cash,Cancelled,Weather Disruption,
ORD104067,BENRES23DEL05,29,3.9,Bengaluru,2026-04-26,12:56:00,Sunny,Low,1,Snack,electric_scooter,1,No,12.07,370.27,UPI,Delivered,,40.9
ORD101780,MUMRES23DEL03,37,4.1,Mumbai,2026-04-26,13:04:00,Cloudy,High,3,Buffet,bicycle,1,No,15.37,429.86,UPI,Delivered,,60.4
ORD100801,CHERES42DEL08,28,4.7,Chennai,2026-04-26,13:21:00,Sunny,Jam,2,Buffet,motorcycle,1,No,6.93,277.93,UPI,Delivered,,49.8
ORD103738,PUNRES27DEL03,38,4.0,Pune,2026-04-26,13:30:00,Stormy,Jam,0,Snack,electric_scooter,0,No,13.8,161.28,Cash,Delivered,,55.8
ORD101961,BENRES25DEL03,21,4.2,Bengaluru,2026-04-26,14:09:00,Cloudy,Low,3,Snack,scooter,1,No,0.96,237.16,Card,Delivered,,26.6
ORD102191,PUNRES34DEL01,31,4.3,Pune,2026-04-26,14:10:00,Sunny,Jam,0,Snack,electric_scooter,1,No,0.99,532.84,Cash,Delivered,,34.9
ORD105240,PUNRES01DEL03,21,4.3,Pune,2026-04-26,14:34:00,Windy,Low,1,Buffet,scooter,1,No,3.37,80.0,Card,Delivered,,33.3
ORD105122,BENRES16DEL06,24,4.7,Bengaluru,2026-04-26,16:06:00,Cloudy,Medium,3,Drinks,motorcycle,1,No,1.19,588.25,Cash,Delivered,,26.4
ORD101259,BENRES16DEL08,24,4.3,Bengaluru,2026-04-26,16:09:00,Sunny,Medium,0,Drinks,electric_scooter,0,No,6.03,371.6,UPI,Delivered,,32.0
ORD102892,KOLRES26DEL08,27,4.7,Kolkata,2026-04-26,16:40:00,Sunny,Medium,1,Meal,electric_scooter,2,No,5.87,177.78,UPI,Delivered,,34.0
ORD103656,BENRES28DEL06,29,4.7,Bengaluru,2026-04-26,16:41:00,Sunny,Jam,1,Snack,motorcycle,2,No,4.01,216.49,UPI,Delivered,,49.0
ORD105694,MUMRES37DEL05,28,4.2,Mumbai,2026-04-26,16:58:00,Fog,Low,1,Meal,scooter,0,No,5.7,338.62,Wallet,Delivered,,39.9
ORD101489,CHERES25DEL08,30,4.7,Chennai,2026-04-26,17:19:00,Sunny,Low,1,Drinks,electric_scooter,0,No,5.16,360.9,Wallet,Delivered,,22.9
ORD103510,CHERES29DEL05,36,4.0,Chennai,2026-04-26,17:52:00,Sunny,Low,1,Meal,motorcycle,2,No,0.94,489.55,Cash,Delivered,,25.6
ORD100800,KOLRES04DEL07,32,4.3,Kolkata,2026-04-26,18:08:00,Sunny,Low,2,Buffet,bicycle,1,No,2.98,327.19,UPI,Delivered,,21.1
ORD100975,CHERES17DEL06,39,4.5,Chennai,2026-04-26,18:08:00,Cloudy,Low,1,Buffet,motorcycle,0,No,3.51,505.83,UPI,Delivered,,25.7
ORD102631,MUMRES10DEL04,18,4.6,Mumbai,2026-04-26,18:20:00,Windy,High,1,Meal,scooter,0,No,2.27,244.01,UPI,Cancelled,Delivery Partner Unavailable,
ORD103626,KOLRES41DEL04,32,4.4,Kolkata,2026-04-26,18:21:00,Sunny,Medium,3,Meal,scooter,0,No,17.01,195.86,UPI,Delivered,,50.0
ORD102324,PUNRES21DEL06,37,4.5,Pune,2026-04-26,18:26:00,Stormy,High,0,Snack,electric_scooter,0,No,4.96,264.59,UPI,Delivered,,49.1
ORD102273,MUMRES05DEL07,22,3.9,Mumbai,2026-04-26,18:33:00,Sunny,Jam,2,Meal,electric_scooter,0,No,7.17,486.7,Cash,Cancelled,Traffic Delay,
ORD100721,CHERES44DEL05,18,4.2,Chennai,2026-04-26,18:36:00,Sunny,Medium,3,Snack,motorcycle,0,No,3.37,319.35,Wallet,Delivered,,26.1
ORD102774,DELRES16DEL04,27,4.4,Delhi,2026-04-26,18:40:00,Sunny,Medium,1,Snack,motorcycle,0,No,2.6,343.26,UPI,Delivered,,26.5
ORD102822,KOLRES07DEL07,29,4.6,Kolkata,2026-04-26,19:25:00,Sunny,Medium,0,Snack,motorcycle,1,No,8.44,716.25,UPI,Delivered,,42.8
ORD105791,BENRES21DEL06,26,4.5,Bengaluru,2026-04-26,19:27:00,Sunny,Medium,2,Drinks,motorcycle,1,No,7.63,405.96,Wallet,Delivered,,39.9
ORD101198,DELRES44DEL08,37,4.9,Delhi,2026-04-26,19:30:00,Sunny,Low,1,Meal,electric_scooter,1,No,2.31,118.14,Card,Delivered,,22.5
ORD101563,BENRES02DEL01,29,4.6,Bengaluru,2026-04-26,19:42:00,Cloudy,Low,1,Buffet,motorcycle,1,No,2.07,152.01,UPI,Delivered,,16.7
ORD100248,KOLRES34DEL05,22,4.4,Kolkata,2026-04-26,20:01:00,Sunny,Jam,3,Drinks,motorcycle,0,No,12.98,197.51,Card,Delivered,,56.2
ORD100261,CHERES44DEL01,24,4.7,Chennai,2026-04-26,20:12:00,Windy,Low,3,Snack,motorcycle,0,No,2.56,584.55,Card,Delivered,,20.3
ORD105764,MUMRES20DEL04,18,4.6,Mumbai,2026-04-26,20:42:00,Windy,High,1,Snack,scooter,2,No,3.93,518.15,UPI,Delivered,,43.2
ORD101064,BENRES14DEL05,30,4.7,Bengaluru,2026-04-26,21:04:00,Windy,High,2,Meal,electric_scooter,0,No,5.18,85.78,UPI,Delivered,,40.1
ORD103970,KOLRES12DEL02,38,3.8,Kolkata,2026-04-26,21:35:00,Cloudy,Low,0,Meal,scooter,0,No,7.85,157.88,UPI,Delivered,,31.1
ORD104355,HYDRES22DEL05,30,4.4,Hyderabad,2026-04-26,21:44:00,Cloudy,High,3,Buffet,scooter,2,No,8.52,209.38,Cash,Delivered,,46.9
ORD102961,HYDRES27DEL07,28,4.2,Hyderabad,2026-04-26,22:03:00,Sunny,High,1,Snack,electric_scooter,1,No,4.6,148.21,UPI,Delivered,,40.3
ORD103555,BENRES08DEL04,27,4.4,Bengaluru,2026-04-26,22:16:00,Fog,Medium,0,Buffet,electric_scooter,1,No,13.23,225.54,UPI,Delivered,,51.7
ORD102763,MUMRES18DEL02,31,4.2,Mumbai,2026-04-26,22:35:00,Sunny,Low,2,Meal,electric_scooter,0,No,4.14,117.04,UPI,Delivered,,25.3
ORD103710,DELRES29DEL01,26,4.8,Delhi,2026-04-26,22:57:00,Sunny,High,1,Drinks,motorcycle,0,No,3.31,269.81,Card,Delivered,,35.1
ORD105953,MUMRES13DEL06,33,3.8,Mumbai,2026-04-26,23:10:00,Sunny,Low,3,Snack,bicycle,1,No,4.08,277.5,UPI,Delivered,,32.9
ORD100068,MUMRES07DEL08,26,4.8,Mumbai,2026-04-26,23:51:00,Sunny,Low,3,Drinks,motorcycle,1,No,5.86,218.57,UPI,Delivered,,31.9
ORD102299,PUNRES20DEL08,24,4.0,Pune,2026-04-27,02:38:00,Windy,Low,0,Drinks,motorcycle,0,No,6.87,228.78,Cash,Delivered,,30.1
ORD103852,DELRES15DEL03,25,4.0,Delhi,2026-04-27,06:48:00,Sunny,Medium,2,Drinks,motorcycle,1,No,16.33,111.8,UPI,Delivered,,52.7
ORD105456,CHERES17DEL05,25,3.6,Chennai,2026-04-27,07:02:00,Cloudy,High,3,Snack,scooter,1,No,7.37,312.17,Wallet,Delivered,,47.2
ORD105675,BENRES34DEL08,28,4.5,Bengaluru,2026-04-27,07:19:00,Cloudy,High,3,Snack,motorcycle,0,No,5.15,117.12,Cash,Cancelled,Traffic Delay,
ORD105261,CHERES44DEL07,35,4.3,Chennai,2026-04-27,07:57:00,Sunny,High,0,Meal,motorcycle,1,No,23.96,356.38,Card,Delivered,,70.8
ORD103395,PUNRES06DEL02,29,5.0,Pune,2026-04-27,08:03:00,Fog,High,3,Buffet,motorcycle,0,No,10.2,348.28,Card,Delivered,,49.8
ORD102374,MUMRES31DEL03,26,4.3,Mumbai,2026-04-27,08:20:00,Sunny,Medium,2,Meal,motorcycle,3,No,14.57,386.43,UPI,Delivered,,58.5
ORD105905,PUNRES21DEL05,30,4.1,Pune,2026-04-27,08:53:00,Stormy,Low,3,Snack,scooter,0,No,11.01,144.37,UPI,Delivered,,44.1
ORD102638,MUMRES41DEL05,32,4.5,Mumbai,2026-04-27,10:24:00,Sunny,Medium,3,Drinks,scooter,1,No,1.01,276.62,UPI,Delivered,,34.4
ORD101572,HYDRES11DEL03,35,4.6,Hyderabad,2026-04-27,11:29:00,Windy,Low,0,Snack,scooter,1,No,2.23,347.24,Cash,Delivered,,28.7
ORD103919,BENRES21DEL04,29,4.3,Bengaluru,2026-04-27,11:53:00,Cloudy,Low,0,Buffet,motorcycle,1,No,3.42,247.78,UPI,Delivered,,29.3
ORD105599,BENRES06DEL05,25,4.3,Bengaluru,2026-04-27,12:29:00,Sandstorms,Low,3,Drinks,electric_scooter,0,No,2.4,271.77,Card,Delivered,,31.7
ORD101687,DELRES32DEL05,25,4.0,Delhi,2026-04-27,12:49:00,Sunny,Medium,2,Drinks,electric_scooter,1,No,1.48,637.92,Cash,Delivered,,26.5
ORD102760,BENRES24DEL06,24,4.7,Bengaluru,2026-04-27,12:52:00,Fog,Low,3,Snack,motorcycle,1,No,4.5,310.41,Cash,Delivered,,32.7
ORD103139,CHERES40DEL04,25,4.0,Chennai,2026-04-27,12:53:00,Windy,Medium,2,Meal,motorcycle,0,No,5.2,132.93,Wallet,Delivered,,34.2
ORD104783,HYDRES16DEL02,27,4.4,Hyderabad,2026-04-27,12:59:00,Cloudy,Medium,3,Buffet,scooter,3,No,0.98,869.26,Cash,Delivered,,41.6
ORD104132,CHERES43DEL04,27,3.9,Chennai,2026-04-27,13:17:00,Sunny,Medium,2,Drinks,motorcycle,1,No,5.23,124.93,Card,Delivered,,39.1
ORD104229,CHERES05DEL07,28,4.5,Chennai,2026-04-27,14:25:00,Cloudy,Low,1,Buffet,scooter,2,No,4.04,188.59,Card,Cancelled,Restaurant Delay,
ORD102368,CHERES36DEL01,29,4.5,Chennai,2026-04-27,14:39:00,Sunny,High,2,Meal,scooter,0,No,1.23,660.71,UPI,Delivered,,34.3
ORD102801,MUMRES28DEL02,24,3.9,Mumbai,2026-04-27,14:51:00,Cloudy,Low,2,Snack,motorcycle,1,No,4.85,191.4,UPI,Delivered,,37.9
ORD104363,DELRES30DEL08,38,3.8,Delhi,2026-04-27,14:51:00,Sunny,Low,0,Drinks,motorcycle,0,No,6.66,454.65,UPI,Delivered,,26.5
ORD102243,BENRES16DEL05,26,4.5,Bengaluru,2026-04-27,14:57:00,Sunny,Medium,2,Meal,electric_scooter,1,No,11.32,704.24,UPI,Delivered,,40.6
ORD101284,PUNRES02DEL06,30,5.0,Pune,2026-04-27,16:56:00,Cloudy,Medium,2,Drinks,motorcycle,0,No,1.48,478.37,UPI,Delivered,,24.5
ORD101114,DELRES37DEL05,25,4.2,Delhi,2026-04-27,17:26:00,Sunny,Low,0,Meal,motorcycle,0,No,20.08,365.81,Cash,Delivered,,49.6
ORD101332,BENRES11DEL06,31,4.6,Bengaluru,2026-04-27,17:29:00,Windy,High,0,Meal,motorcycle,0,No,0.81,287.29,Wallet,Delivered,,32.7
ORD101261,CHERES06DEL03,32,4.6,Chennai,2026-04-27,17:31:00,Sunny,High,0,Meal,motorcycle,0,No,15.45,172.19,Wallet,Delivered,,46.0
ORD103374,DELRES29DEL03,24,4.3,Delhi,2026-04-27,18:03:00,Fog,Jam,3,Buffet,motorcycle,0,No,3.43,312.6,UPI,Delivered,,48.7
ORD103263,BENRES24DEL07,40,4.9,Bengaluru,2026-04-27,18:21:00,Sandstorms,Medium,2,Meal,motorcycle,1,No,11.42,411.7,UPI,Delivered,,46.7
ORD104985,PUNRES01DEL06,40,4.5,Pune,2026-04-27,18:31:00,Sunny,Low,1,Snack,scooter,1,No,2.46,170.57,UPI,Delivered,,25.0
ORD101242,BENRES43DEL02,22,4.3,Bengaluru,2026-04-27,18:37:00,Sunny,Medium,2,Snack,motorcycle,0,No,2.67,117.69,UPI,Delivered,,24.8
ORD102941,CHERES23DEL01,30,4.3,Chennai,2026-04-27,18:48:00,Sunny,Medium,3,Drinks,motorcycle,1,No,9.38,626.3,UPI,Delivered,,41.7
ORD100793,HYDRES28DEL07,44,4.8,Hyderabad,2026-04-27,18:58:00,Fog,Medium,0,Buffet,scooter,1,No,6.5,419.12,Cash,Delivered,,38.9
ORD104674,CHERES07DEL08,28,4.4,Chennai,2026-04-27,19:02:00,Stormy,Low,2,Meal,motorcycle,1,No,2.4,290.66,UPI,Delivered,,34.7
ORD105176,HYDRES44DEL02,24,3.8,Hyderabad,2026-04-27,19:09:00,Cloudy,High,1,Drinks,scooter,1,No,1.1,689.54,UPI,Delivered,,27.5
ORD102608,MUMRES31DEL03,30,5.0,Mumbai,2026-04-27,19:14:00,Sandstorms,Low,3,Drinks,motorcycle,0,No,4.45,95.74,UPI,Delivered,,31.1
ORD101658,CHERES23DEL08,27,4.5,Chennai,2026-04-27,19:25:00,Sunny,High,1,Buffet,electric_scooter,3,No,4.57,120.6,UPI,Delivered,,49.4
ORD103381,DELRES42DEL04,42,4.8,Delhi,2026-04-27,19:28:00,Fog,High,2,Snack,motorcycle,0,No,5.19,144.57,UPI,Delivered,,38.3
ORD101193,BENRES19DEL08,25,3.9,Bengaluru,2026-04-27,19:35:00,Sunny,Low,2,Meal,electric_scooter,1,No,3.09,357.63,Card,Delivered,,32.5
ORD103206,HYDRES22DEL01,32,4.2,Hyderabad,2026-04-27,19:44:00,Sunny,High,0,Meal,electric_scooter,1,No,15.07,226.65,UPI,Cancelled,Customer Cancelled,
ORD101962,HYDRES16DEL05,28,4.6,Hyderabad,2026-04-27,19:54:00,Stormy,Medium,1,Snack,scooter,2,No,1.23,428.17,UPI,Delivered,,37.0
ORD104496,CHERES16DEL02,25,4.3,Chennai,2026-04-27,20:08:00,Fog,Low,0,Buffet,motorcycle,0,No,1.96,153.77,UPI,Delivered,,31.3
ORD102530,MUMRES14DEL03,26,4.4,Mumbai,2026-04-27,20:51:00,Sunny,Low,0,Drinks,scooter,0,No,4.14,512.26,UPI,Delivered,,22.3
ORD100611,MUMRES43DEL08,33,4.8,Mumbai,2026-04-27,21:10:00,Sunny,Medium,3,Meal,electric_scooter,0,No,2.08,374.12,UPI,Delivered,,24.6
ORD101533,MUMRES37DEL08,31,4.3,Mumbai,2026-04-27,21:10:00,Sunny,Jam,3,Buffet,motorcycle,0,No,3.47,224.9,Card,Delivered,,39.6
ORD104652,PUNRES36DEL08,32,4.8,Pune,2026-04-27,23:41:00,Cloudy,Low,0,Snack,electric_scooter,0,No,1.48,473.99,UPI,Delivered,,22.3
ORD101112,KOLRES07DEL08,29,4.1,Kolkata,2026-04-27,23:46:00,Sunny,High,2,Snack,scooter,2,No,19.31,285.91,Card,Delivered,,71.5
ORD100022,MUMRES20DEL01,27,3.7,Mumbai,2026-04-28,01:05:00,Sandstorms,High,3,Buffet,motorcycle,1,No,12.61,117.4,Card,Delivered,,57.9
ORD104400,KOLRES43DEL05,20,4.4,Kolkata,2026-04-28,01:52:00,Sunny,Medium,3,Snack,scooter,3,No,5.42,348.52,UPI,Delivered,,44.4
ORD100436,MUMRES08DEL01,29,4.2,Mumbai,2026-04-28,04:28:00,Cloudy,Jam,2,Drinks,electric_scooter,1,No,2.43,340.45,Cash,Delivered,,43.9
ORD101895,HYDRES05DEL01,30,4.5,Hyderabad,2026-04-28,08:27:00,Cloudy,Medium,3,Snack,electric_scooter,0,No,4.33,215.86,UPI,Delivered,,23.2
ORD101468,MUMRES40DEL05,37,4.6,Mumbai,2026-04-28,09:04:00,Fog,Low,0,Meal,motorcycle,1,No,9.39,403.68,UPI,Delivered,,41.1
ORD101799,KOLRES34DEL07,20,4.7,Kolkata,2026-04-28,09:12:00,Windy,High,1,Meal,motorcycle,1,No,8.56,83.1,Card,Cancelled,Traffic Delay,
ORD102541,KOLRES09DEL03,29,4.4,Kolkata,2026-04-28,09:42:00,Sunny,Low,2,Meal,motorcycle,0,No,4.36,169.63,UPI,Delivered,,25.1
ORD101310,BENRES35DEL01,27,4.5,Bengaluru,2026-04-28,10:05:00,Windy,Low,1,Buffet,motorcycle,0,No,2.98,491.8,Wallet,Delivered,,24.5
ORD102120,BENRES17DEL01,38,4.1,Bengaluru,2026-04-28,10:13:00,Fog,Low,2,Buffet,scooter,1,No,20.07,197.11,Cash,Delivered,,54.0
ORD101977,BENRES24DEL03,34,3.8,Bengaluru,2026-04-28,10:28:00,Cloudy,Low,3,Buffet,scooter,1,No,5.6,245.15,UPI,Delivered,,32.4
ORD102168,CHERES41DEL07,26,4.8,Chennai,2026-04-28,10:38:00,Cloudy,Low,3,Snack,electric_scooter,1,No,5.8,334.06,Cash,Delivered,,31.9
ORD100071,KOLRES06DEL05,37,4.0,Kolkata,2026-04-28,11:04:00,Sunny,Low,2,Snack,motorcycle,0,No,5.16,208.24,Cash,Delivered,,23.2
ORD104936,BENRES08DEL01,34,4.6,Bengaluru,2026-04-28,11:14:00,Sunny,Medium,0,Drinks,motorcycle,3,No,15.54,486.6,Cash,Delivered,,54.1
ORD102474,PUNRES35DEL03,24,4.4,Pune,2026-04-28,11:34:00,Cloudy,Low,1,Snack,motorcycle,2,No,4.67,269.48,UPI,Delivered,,38.4
ORD104926,HYDRES29DEL04,26,4.8,Hyderabad,2026-04-28,12:04:00,Cloudy,Medium,1,Buffet,scooter,0,No,11.92,565.22,UPI,Delivered,,37.8
ORD101443,MUMRES24DEL08,32,4.6,Mumbai,2026-04-28,12:20:00,Sunny,Low,3,Drinks,scooter,0,No,12.44,134.1,UPI,Delivered,,38.5
ORD104733,PUNRES08DEL01,22,4.2,Pune,2026-04-28,12:20:00,Cloudy,Medium,2,Drinks,motorcycle,0,No,8.68,121.02,UPI,Delivered,,42.0
ORD101031,MUMRES40DEL02,28,4.5,Mumbai,2026-04-28,15:11:00,Sunny,High,1,Drinks,electric_scooter,2,No,4.87,162.97,Cash,Delivered,,45.3
ORD104332,DELRES30DEL01,28,4.5,Delhi,2026-04-28,16:43:00,Stormy,Jam,3,Meal,motorcycle,1,No,1.73,126.75,UPI,Delivered,,54.8
ORD102042,KOLRES06DEL01,21,4.7,Kolkata,2026-04-28,16:51:00,Cloudy,Low,0,Drinks,bicycle,0,No,8.61,480.07,Wallet,Delivered,,27.6
ORD101073,DELRES05DEL01,27,5.0,Delhi,2026-04-28,16:52:00,Stormy,Medium,2,Buffet,motorcycle,1,No,2.96,775.02,UPI,Delivered,,40.1
ORD105897,DELRES32DEL01,33,4.7,Delhi,2026-04-28,17:02:00,Sunny,Medium,3,Buffet,scooter,0,No,11.32,344.44,UPI,Delivered,,39.0
ORD105603,BENRES01DEL08,31,4.0,Bengaluru,2026-04-28,17:11:00,Cloudy,Medium,1,Buffet,scooter,1,No,3.05,287.08,Cash,Delivered,,35.7
ORD105207,BENRES35DEL04,25,4.5,Bengaluru,2026-04-28,17:39:00,Windy,Low,3,Drinks,bicycle,2,No,9.07,413.12,UPI,Delivered,,40.4
ORD102866,BENRES40DEL04,18,4.6,Bengaluru,2026-04-28,17:51:00,Sunny,Medium,2,Drinks,scooter,2,No,4.38,307.1,UPI,Delivered,,35.1
ORD100306,BENRES07DEL08,25,4.3,Bengaluru,2026-04-28,18:24:00,Sunny,High,3,Snack,electric_scooter,0,No,2.33,266.42,Cash,Cancelled,Restaurant Delay,
ORD104166,PUNRES34DEL01,30,4.8,Pune,2026-04-28,19:01:00,Sunny,High,2,Buffet,scooter,0,No,3.66,277.02,Card,Delivered,,30.0
ORD102223,BENRES08DEL04,28,4.2,Bengaluru,2026-04-28,19:17:00,Fog,Medium,3,Snack,scooter,2,No,3.62,366.77,UPI,Delivered,,41.6
ORD102662,BENRES33DEL04,26,4.8,Bengaluru,2026-04-28,19:21:00,Cloudy,Low,1,Buffet,scooter,0,No,5.59,409.03,Cash,Delivered,,27.0
ORD104217,MUMRES44DEL06,29,4.3,Mumbai,2026-04-28,19:23:00,Windy,High,2,Meal,scooter,1,No,4.09,284.53,UPI,Delivered,,40.7
ORD105658,CHERES17DEL06,36,4.5,Chennai,2026-04-28,19:31:00,Windy,Jam,1,Snack,motorcycle,0,No,3.74,274.22,UPI,Delivered,,47.8
ORD102712,BENRES22DEL06,31,4.8,Bengaluru,2026-04-28,19:32:00,Cloudy,Medium,3,Meal,electric_scooter,0,No,5.44,519.53,Wallet,Delivered,,31.4
ORD104857,CHERES17DEL07,22,4.5,Chennai,2026-04-28,19:32:00,Sunny,Low,0,Snack,motorcycle,2,No,1.22,564.94,Card,Delivered,,41.1
ORD103686,BENRES25DEL02,25,4.3,Bengaluru,2026-04-28,20:30:00,Cloudy,Medium,2,Drinks,scooter,1,No,0.88,244.77,UPI,Delivered,,26.2
ORD104750,BENRES21DEL07,23,4.3,Bengaluru,2026-04-28,20:38:00,Sunny,High,3,Meal,scooter,1,No,4.18,327.98,Cash,Delivered,,30.0
ORD102214,HYDRES16DEL04,34,3.7,Hyderabad,2026-04-28,20:55:00,Sunny,Medium,1,Drinks,motorcycle,1,No,1.75,190.18,UPI,Cancelled,Traffic Delay,
ORD101290,HYDRES38DEL03,32,3.8,Hyderabad,2026-04-28,21:02:00,Sunny,Medium,2,Meal,motorcycle,1,No,6.01,140.71,UPI,Delivered,,39.8
ORD105608,MUMRES30DEL03,40,4.5,Mumbai,2026-04-28,21:19:00,Cloudy,High,3,Drinks,electric_scooter,0,No,7.01,179.39,Cash,Delivered,,39.1
ORD102320,HYDRES18DEL08,24,4.1,Hyderabad,2026-04-28,21:30:00,Cloudy,Jam,3,Drinks,electric_scooter,0,No,10.07,282.11,UPI,Delivered,,54.7
ORD103353,MUMRES42DEL03,27,4.2,Mumbai,2026-04-28,21:42:00,Cloudy,Low,3,Snack,motorcycle,0,No,6.96,167.28,Card,Delivered,,28.0
ORD103829,BENRES37DEL06,22,4.5,Bengaluru,2026-04-28,21:52:00,Windy,Medium,0,Buffet,motorcycle,1,No,7.59,371.46,UPI,Delivered,,37.2
ORD103385,PUNRES21DEL01,36,4.6,Pune,2026-04-28,22:04:00,Fog,Low,2,Meal,motorcycle,0,No,3.95,309.59,UPI,Delivered,,31.1
ORD105374,PUNRES40DEL08,33,4.1,Pune,2026-04-28,22:10:00,Fog,Jam,2,Snack,scooter,0,No,3.43,257.82,UPI,Delivered,,51.4
ORD101880,HYDRES37DEL03,26,4.1,Hyderabad,2026-04-28,22:20:00,Stormy,Low,0,Buffet,scooter,0,No,1.78,206.2,UPI,Delivered,,27.3
ORD103868,PUNRES04DEL05,21,4.5,Pune,2026-04-28,22:20:00,Windy,Medium,0,Drinks,motorcycle,2,No,9.27,568.99,UPI,Delivered,,39.7
ORD105346,CHERES37DEL08,24,4.8,Chennai,2026-04-28,22:42:00,Sunny,High,3,Snack,motorcycle,0,No,8.21,228.77,UPI,Cancelled,Traffic Delay,
ORD102307,HYDRES18DEL04,43,4.4,Hyderabad,2026-04-28,22:52:00,Cloudy,Medium,0,Buffet,electric_scooter,1,No,7.61,124.67,UPI,Delivered,,37.6
ORD103016,DELRES26DEL06,33,4.2,Delhi,2026-04-28,23:16:00,Cloudy,Medium,1,Snack,motorcycle,0,No,3.79,359.46,UPI,Delivered,,26.3
ORD101651,BENRES30DEL08,27,4.3,Bengaluru,2026-04-29,02:40:00,Sunny,Low,1,Buffet,motorcycle,3,No,1.14,419.7,Cash,Delivered,,32.0
ORD101800,BENRES34DEL04,34,4.7,Bengaluru,2026-04-29,06:36:00,Cloudy,High,3,Buffet,scooter,3,No,3.37,332.3,Cash,Cancelled,Customer Cancelled,
ORD102471,MUMRES16DEL07,18,4.1,Mumbai,2026-04-29,07:47:00,Windy,Medium,0,Meal,motorcycle,2,No,2.12,198.75,UPI,Delivered,,38.2
ORD101096,KOLRES07DEL03,23,4.0,Kolkata,2026-04-29,08:13:00,Fog,Jam,1,Snack,bicycle,0,No,2.61,382.46,UPI,Delivered,,45.5
ORD105365,HYDRES04DEL02,31,4.3,Hyderabad,2026-04-29,09:18:00,Sunny,Medium,1,Meal,motorcycle,0,No,1.5,249.16,Cash,Cancelled,Customer Cancelled,
ORD101115,BENRES37DEL07,22,4.7,Bengaluru,2026-04-29,10:06:00,Sunny,High,1,Buffet,scooter,3,No,0.91,301.93,UPI,Delivered,,43.3
ORD100008,KOLRES25DEL06,25,4.4,Kolkata,2026-04-29,10:18:00,Cloudy,Medium,1,Buffet,motorcycle,1,No,12.09,111.85,UPI,Delivered,,47.8
ORD105653,KOLRES44DEL03,20,4.2,Kolkata,2026-04-29,11:11:00,Sunny,Medium,1,Buffet,motorcycle,1,No,3.21,491.73,UPI,Delivered,,29.8
ORD100279,BENRES03DEL06,22,5.0,Bengaluru,2026-04-29,11:25:00,Sunny,Jam,1,Drinks,motorcycle,1,No,2.2,201.64,UPI,Delivered,,41.3
ORD103229,DELRES02DEL04,34,4.0,Delhi,2026-04-29,12:00:00,Stormy,Medium,0,Drinks,motorcycle,3,No,8.62,377.37,Cash,Delivered,,60.4
ORD103312,PUNRES40DEL02,29,5.0,Pune,2026-04-29,12:01:00,Fog,Low,1,Snack,scooter,0,No,6.24,416.24,UPI,Delivered,,37.0
ORD101827,PUNRES12DEL08,18,4.8,Pune,2026-04-29,12:05:00,Cloudy,Medium,2,Drinks,motorcycle,0,No,1.2,438.86,UPI,Delivered,,28.1
ORD102998,DELRES43DEL01,18,4.1,Delhi,2026-04-29,12:20:00,Sunny,High,2,Snack,motorcycle,0,No,14.89,379.29,UPI,Delivered,,53.5
ORD102499,BENRES05DEL05,29,4.4,Bengaluru,2026-04-29,12:28:00,Sunny,Medium,2,Snack,motorcycle,0,No,25.0,80.0,Card,Delivered,,60.6
ORD102337,BENRES23DEL06,24,4.2,Bengaluru,2026-04-29,12:46:00,Cloudy,Medium,0,Drinks,electric_scooter,0,No,9.99,492.37,UPI,Delivered,,38.4
ORD105804,MUMRES40DEL01,34,4.5,Mumbai,2026-04-29,12:58:00,Stormy,Medium,2,Meal,motorcycle,0,No,2.12,313.47,UPI,Delivered,,41.0
ORD102431,MUMRES05DEL03,39,3.2,Mumbai,2026-04-29,13:23:00,Cloudy,Low,1,Meal,scooter,0,No,8.63,510.82,Cash,Cancelled,Traffic Delay,
ORD104834,MUMRES28DEL07,20,4.5,Mumbai,2026-04-29,13:26:00,Fog,Medium,0,Meal,motorcycle,1,No,11.56,508.19,Cash,Delivered,,54.2
ORD102421,PUNRES37DEL08,23,4.6,Pune,2026-04-29,14:16:00,Fog,High,1,Buffet,bicycle,3,No,3.25,362.97,Card,Delivered,,52.0
ORD102189,MUMRES32DEL05,23,4.7,Mumbai,2026-04-29,14:43:00,Sandstorms,High,1,Drinks,scooter,1,No,4.07,311.37,UPI,Delivered,,47.2
ORD102185,BENRES28DEL06,28,4.2,Bengaluru,2026-04-29,14:45:00,Windy,Low,3,Buffet,scooter,3,No,11.87,318.45,UPI,Delivered,,50.7
ORD103528,DELRES11DEL06,34,4.3,Delhi,2026-04-29,15:23:00,Sunny,Medium,0,Snack,scooter,0,No,2.34,448.22,UPI,Delivered,,24.0
ORD101596,PUNRES33DEL02,25,5.0,Pune,2026-04-29,16:44:00,Sandstorms,High,3,Buffet,motorcycle,0,No,2.08,295.45,Wallet,Delivered,,34.2
ORD103281,DELRES13DEL01,24,4.8,Delhi,2026-04-29,16:44:00,Stormy,Low,3,Meal,scooter,1,No,7.64,99.32,UPI,Delivered,,40.1
ORD102974,PUNRES05DEL04,24,4.3,Pune,2026-04-29,16:53:00,Cloudy,High,0,Drinks,motorcycle,0,No,1.9,613.91,UPI,Delivered,,30.4
ORD100560,BENRES24DEL08,33,4.5,Bengaluru,2026-04-29,17:09:00,Sunny,High,2,Drinks,scooter,0,No,12.41,866.28,UPI,Delivered,,43.8
ORD104053,HYDRES12DEL08,35,4.5,Hyderabad,2026-04-29,18:26:00,Windy,Low,2,Buffet,scooter,0,No,9.98,384.35,Wallet,Cancelled,Restaurant Delay,
ORD105437,BENRES38DEL08,24,4.4,Bengaluru,2026-04-29,18:43:00,Windy,Low,2,Meal,motorcycle,2,No,25.0,246.1,Cash,Delivered,,64.7
ORD105555,PUNRES25DEL02,33,3.9,Pune,2026-04-29,18:46:00,Sandstorms,High,0,Meal,scooter,0,No,5.15,411.88,UPI,Delivered,,48.6
ORD101481,MUMRES38DEL08,25,5.0,Mumbai,2026-04-29,18:54:00,Sandstorms,Medium,0,Meal,bicycle,1,No,2.8,385.33,UPI,Delivered,,37.2
ORD102788,DELRES03DEL01,19,4.2,Delhi,2026-04-29,19:03:00,Cloudy,Low,1,Snack,motorcycle,0,No,0.8,375.65,UPI,Delivered,,14.5
ORD104807,KOLRES02DEL06,32,4.9,Kolkata,2026-04-29,19:04:00,Stormy,High,3,Snack,scooter,1,No,6.41,332.64,UPI,Delivered,,45.8
ORD103575,HYDRES39DEL02,30,3.9,Hyderabad,2026-04-29,19:06:00,Cloudy,Medium,2,Drinks,electric_scooter,0,No,2.25,496.73,Card,Delivered,,22.8
ORD105185,BENRES17DEL07,26,4.1,Bengaluru,2026-04-29,19:07:00,Fog,High,3,Meal,motorcycle,0,No,1.7,309.02,UPI,Delivered,,40.0
ORD100287,HYDRES09DEL08,28,4.5,Hyderabad,2026-04-29,19:31:00,Sunny,High,2,Buffet,scooter,0,No,11.95,135.74,UPI,Delivered,,51.3
ORD103190,BENRES17DEL02,23,4.1,Bengaluru,2026-04-29,19:42:00,Sunny,Jam,3,Meal,motorcycle,1,No,4.69,157.69,UPI,Delivered,,49.0
ORD100628,KOLRES36DEL06,29,4.5,Kolkata,2026-04-29,20:09:00,Stormy,Low,2,Buffet,motorcycle,0,No,1.86,347.88,Card,Delivered,,33.3
ORD105345,HYDRES41DEL05,22,4.5,Hyderabad,2026-04-29,20:12:00,Sandstorms,Jam,1,Meal,motorcycle,1,No,3.25,102.31,Wallet,Delivered,,53.3
ORD104436,HYDRES33DEL05,30,4.0,Hyderabad,2026-04-29,20:34:00,Sunny,Low,3,Buffet,bicycle,2,No,4.83,279.13,UPI,Delivered,,29.8
ORD102390,HYDRES36DEL03,27,4.6,Hyderabad,2026-04-29,20:40:00,Fog,Medium,2,Snack,motorcycle,0,No,3.27,248.31,UPI,Cancelled,Restaurant Delay,
ORD104884,MUMRES06DEL05,23,4.0,Mumbai,2026-04-29,20:53:00,Windy,Low,1,Drinks,motorcycle,3,No,2.26,299.02,Card,Delivered,,37.0
ORD101862,MUMRES22DEL02,30,4.3,Mumbai,2026-04-29,20:54:00,Sunny,Low,0,Snack,motorcycle,0,No,3.64,242.69,UPI,Cancelled,Traffic Delay,
ORD100993,CHERES33DEL04,38,4.6,Chennai,2026-04-29,20:59:00,Sunny,Medium,0,Drinks,motorcycle,0,No,3.99,445.78,Card,Delivered,,23.3
ORD103640,MUMRES35DEL08,32,4.3,Mumbai,2026-04-29,21:22:00,Fog,Low,3,Snack,scooter,1,No,2.38,307.09,UPI,Cancelled,Delivery Partner Unavailable,
ORD101219,CHERES11DEL08,24,4.7,Chennai,2026-04-29,21:41:00,Fog,Low,2,Meal,motorcycle,0,No,3.88,366.7,UPI,Delivered,,23.6
ORD105994,MUMRES41DEL08,36,5.0,Mumbai,2026-04-29,21:42:00,Sunny,Medium,1,Meal,motorcycle,2,No,5.89,152.06,UPI,Delivered,,42.5
ORD101094,MUMRES31DEL08,32,4.7,Mumbai,2026-04-29,21:48:00,Sunny,Low,2,Meal,motorcycle,0,No,2.47,689.56,Cash,Delivered,,26.5
ORD101077,MUMRES25DEL05,35,4.5,Mumbai,2026-04-29,22:01:00,Sunny,High,1,Snack,motorcycle,1,No,2.79,406.27,Card,Delivered,,32.2
ORD100549,BENRES03DEL08,22,4.5,Bengaluru,2026-04-29,22:03:00,Fog,Medium,1,Drinks,motorcycle,1,No,6.32,252.68,UPI,Delivered,,31.2
ORD101119,PUNRES22DEL05,24,4.2,Pune,2026-04-29,22:12:00,Fog,Jam,3,Buffet,scooter,0,No,5.29,300.81,Cash,Delivered,,55.5
ORD100928,BENRES28DEL03,25,4.2,Bengaluru,2026-04-29,22:40:00,Sunny,High,3,Meal,electric_scooter,0,No,1.85,325.1,UPI,Delivered,,31.3
ORD101610,BENRES42DEL06,36,5.0,Bengaluru,2026-04-29,23:19:00,Sandstorms,High,0,Drinks,motorcycle,1,No,1.41,321.19,Cash,Delivered,,41.0
ORD102063,BENRES34DEL02,33,4.6,Bengaluru,2026-04-29,23:44:00,Cloudy,Medium,1,Buffet,motorcycle,3,No,10.42,252.92,UPI,Delivered,,47.7
ORD105579,DELRES13DEL03,32,3.5,Delhi,2026-04-30,00:16:00,Windy,Low,0,Drinks,motorcycle,1,No,2.44,321.33,UPI,Delivered,,23.5
ORD101733,BENRES02DEL04,25,4.4,Bengaluru,2026-04-30,00:57:00,Cloudy,Low,0,Buffet,electric_scooter,0,No,0.82,244.81,UPI,Delivered,,21.4
ORD100433,HYDRES20DEL04,23,4.2,Hyderabad,2026-04-30,01:25:00,Sunny,Jam,0,Drinks,scooter,1,No,1.25,602.29,Wallet,Delivered,,36.9
ORD105737,BENRES27DEL04,33,4.2,Bengaluru,2026-04-30,06:50:00,Stormy,Medium,0,Drinks,motorcycle,3,No,2.67,345.55,Wallet,Delivered,,57.2
ORD104654,MUMRES06DEL08,26,4.3,Mumbai,2026-04-30,08:45:00,Sunny,Low,1,Buffet,motorcycle,0,No,1.57,221.63,UPI,Delivered,,28.6
ORD105406,MUMRES13DEL08,30,4.4,Mumbai,2026-04-30,09:13:00,Sunny,Medium,1,Meal,motorcycle,1,No,4.35,263.66,Card,Delivered,,26.7
ORD105659,MUMRES14DEL04,31,5.0,Mumbai,2026-04-30,10:23:00,Sunny,High,3,Drinks,electric_scooter,0,No,4.7,147.42,Cash,Delivered,,33.7
ORD100231,BENRES22DEL02,37,4.5,Bengaluru,2026-04-30,10:41:00,Cloudy,Low,3,Drinks,motorcycle,0,No,1.17,236.47,UPI,Delivered,,16.6
ORD101935,DELRES13DEL06,34,4.9,Delhi,2026-04-30,10:42:00,Cloudy,Medium,2,Snack,motorcycle,0,No,4.17,336.43,Cash,Delivered,,25.8
ORD104061,PUNRES28DEL02,24,4.6,Pune,2026-04-30,10:58:00,Sunny,Medium,2,Snack,motorcycle,1,No,5.32,445.33,UPI,Delivered,,36.6
ORD100244,BENRES36DEL02,32,4.5,Bengaluru,2026-04-30,11:04:00,Windy,Medium,3,Drinks,motorcycle,0,No,1.04,80.0,UPI,Delivered,,25.8
ORD104093,HYDRES06DEL05,24,4.6,Hyderabad,2026-04-30,12:20:00,Cloudy,Medium,2,Meal,motorcycle,1,No,1.2,598.99,Wallet,Delivered,,35.2
ORD105723,DELRES22DEL02,23,4.0,Delhi,2026-04-30,12:21:00,Sunny,High,1,Meal,motorcycle,0,No,5.76,337.99,Card,Delivered,,39.2
ORD103700,DELRES28DEL08,19,3.6,Delhi,2026-04-30,12:31:00,Sunny,Low,2,Drinks,scooter,0,No,2.86,402.85,Cash,Delivered,,24.6
ORD102373,DELRES39DEL05,36,5.0,Delhi,2026-04-30,12:58:00,Sandstorms,Jam,2,Buffet,scooter,3,No,1.04,124.62,UPI,Cancelled,Weather Disruption,
ORD100152,BENRES13DEL05,39,4.8,Bengaluru,2026-04-30,13:03:00,Stormy,High,3,Buffet,electric_scooter,1,No,0.92,751.91,Wallet,Delivered,,43.6
ORD102264,MUMRES43DEL04,35,4.5,Mumbai,2026-04-30,13:05:00,Windy,High,1,Snack,motorcycle,0,No,13.23,159.89,Wallet,Delivered,,56.9
ORD105184,HYDRES09DEL03,31,4.8,Hyderabad,2026-04-30,13:11:00,Sunny,Medium,0,Meal,motorcycle,0,No,0.83,324.1,UPI,Delivered,,20.5
ORD104730,PUNRES28DEL01,18,4.8,Pune,2026-04-30,13:32:00,Cloudy,Jam,0,Snack,electric_scooter,1,No,4.5,233.98,UPI,Cancelled,Weather Disruption,
ORD104459,KOLRES41DEL02,25,4.4,Kolkata,2026-04-30,14:37:00,Cloudy,Jam,0,Meal,motorcycle,1,No,2.75,119.43,UPI,Delivered,,45.6
ORD101626,DELRES39DEL05,28,4.1,Delhi,2026-04-30,14:51:00,Cloudy,Low,0,Buffet,scooter,0,No,3.45,461.83,UPI,Cancelled,Delivery Partner Unavailable,
ORD100207,KOLRES37DEL08,34,4.7,Kolkata,2026-04-30,16:33:00,Fog,Medium,2,Drinks,motorcycle,1,No,1.62,331.28,Wallet,Delivered,,30.8
ORD104734,DELRES09DEL04,27,5.0,Delhi,2026-04-30,16:44:00,Fog,Low,1,Buffet,motorcycle,0,No,9.61,404.01,Card,Delivered,,40.8
ORD100634,MUMRES07DEL01,32,4.6,Mumbai,2026-04-30,16:53:00,Windy,Medium,0,Snack,scooter,1,No,3.86,216.33,UPI,Delivered,,37.9
ORD102157,PUNRES19DEL01,25,4.1,Pune,2026-04-30,16:53:00,Stormy,Medium,3,Snack,electric_scooter,2,No,7.66,137.22,Wallet,Delivered,,50.8
ORD103117,BENRES29DEL03,24,4.6,Bengaluru,2026-04-30,17:09:00,Sunny,High,0,Meal,scooter,0,No,4.9,224.77,UPI,Delivered,,34.1
ORD104058,MUMRES26DEL01,32,5.0,Mumbai,2026-04-30,18:02:00,Sunny,High,1,Buffet,bicycle,1,No,3.37,419.29,Card,Delivered,,39.1
ORD100077,DELRES44DEL02,29,3.7,Delhi,2026-04-30,18:38:00,Sandstorms,Jam,3,Buffet,motorcycle,1,No,6.82,171.2,Cash,Delivered,,57.2
ORD101263,BENRES27DEL06,28,4.0,Bengaluru,2026-04-30,18:52:00,Windy,Low,1,Meal,motorcycle,0,No,5.79,358.83,UPI,Delivered,,33.2
ORD104288,HYDRES11DEL04,29,4.2,Hyderabad,2026-04-30,19:09:00,Fog,High,2,Snack,motorcycle,2,No,1.53,1000.64,UPI,Cancelled,Weather Disruption,
ORD104689,DELRES26DEL07,26,4.4,Delhi,2026-04-30,19:13:00,Stormy,High,3,Drinks,scooter,0,No,4.4,268.13,UPI,Delivered,,43.4
ORD103127,BENRES43DEL07,33,4.3,Bengaluru,2026-04-30,19:18:00,Cloudy,Low,1,Snack,scooter,0,No,2.93,602.76,UPI,Delivered,,25.6
ORD103899,MUMRES36DEL02,18,4.7,Mumbai,2026-04-30,19:22:00,Fog,Low,2,Meal,motorcycle,3,No,7.7,233.47,UPI,Delivered,,51.0
ORD105528,BENRES24DEL08,35,4.6,Bengaluru,2026-04-30,19:22:00,Sunny,High,0,Drinks,motorcycle,1,No,7.28,360.53,UPI,Delivered,,35.9
ORD104553,MUMRES36DEL08,28,4.4,Mumbai,2026-04-30,20:05:00,Sandstorms,High,1,Drinks,motorcycle,1,No,10.78,148.4,UPI,Delivered,,59.4
ORD100262,PUNRES15DEL05,28,4.2,Pune,2026-04-30,20:07:00,Windy,Low,1,Drinks,scooter,0,No,2.57,221.91,UPI,Delivered,,18.2
ORD105228,DELRES04DEL05,25,4.7,Delhi,2026-04-30,20:37:00,Sunny,High,3,Snack,motorcycle,1,No,11.74,284.59,Card,Delivered,,56.6
ORD101561,HYDRES26DEL03,25,4.8,Hyderabad,2026-04-30,20:41:00,Sunny,Medium,2,Buffet,motorcycle,0,No,16.51,228.94,UPI,Delivered,,52.6
ORD103243,CHERES19DEL03,28,5.0,Chennai,2026-04-30,20:43:00,Windy,Medium,3,Buffet,scooter,0,No,2.38,120.62,UPI,Delivered,,31.9
ORD105827,DELRES21DEL04,28,4.5,Delhi,2026-04-30,20:45:00,Sunny,Medium,3,Buffet,motorcycle,2,No,5.04,581.52,UPI,Delivered,,40.7
ORD102726,BENRES32DEL02,47,3.9,Bengaluru,2026-04-30,20:51:00,Sunny,Low,0,Buffet,scooter,0,No,19.94,252.86,Cash,Delivered,,48.7
ORD104351,KOLRES20DEL04,24,4.7,Kolkata,2026-04-30,21:08:00,Cloudy,Low,0,Snack,electric_scooter,1,No,4.05,224.23,Wallet,Delivered,,33.5
ORD104913,KOLRES08DEL03,24,4.5,Kolkata,2026-04-30,21:36:00,Sunny,Medium,2,Drinks,electric_scooter,0,No,2.28,451.01,UPI,Delivered,,25.2
ORD102830,CHERES30DEL03,24,3.4,Chennai,2026-04-30,21:44:00,Sandstorms,Jam,2,Buffet,scooter,1,No,6.89,232.19,Cash,Delivered,,53.9
ORD104503,HYDRES09DEL02,28,4.7,Hyderabad,2026-04-30,21:46:00,Sunny,Medium,1,Drinks,motorcycle,1,No,4.4,176.04,UPI,Delivered,,32.2
ORD102855,DELRES01DEL02,35,3.7,Delhi,2026-04-30,23:02:00,Cloudy,High,0,Meal,motorcycle,1,No,2.39,413.89,UPI,Delivered,,38.3
ORD102652,BENRES17DEL01,25,4.5,Bengaluru,2026-04-30,23:24:00,Windy,Jam,2,Drinks,motorcycle,2,No,2.34,290.96,UPI,Delivered,,44.9
ORD104662,HYDRES11DEL01,26,4.3,Hyderabad,2026-04-30,23:24:00,Fog,High,1,Snack,motorcycle,3,No,25.0,252.86,UPI,Delivered,,90.0
ORD100520,CHERES16DEL07,25,3.9,Chennai,2026-05-01,00:04:00,Cloudy,Medium,1,Buffet,scooter,0,No,6.8,506.35,UPI,Delivered,,38.8
ORD105475,BENRES29DEL07,41,4.6,Bengaluru,2026-05-01,04:51:00,Cloudy,Jam,1,Snack,scooter,1,No,13.01,184.09,UPI,Delivered,,63.5
ORD100754,PUNRES04DEL06,40,3.8,Pune,2026-05-01,08:58:00,Sunny,Medium,2,Buffet,electric_scooter,0,No,3.79,432.18,UPI,Delivered,,34.6
ORD104125,HYDRES43DEL06,29,4.0,Hyderabad,2026-05-01,10:56:00,Sunny,High,3,Buffet,scooter,0,No,8.63,223.51,UPI,Delivered,,39.7
ORD100714,KOLRES23DEL05,32,3.9,Kolkata,2026-05-01,12:05:00,Sunny,Low,3,Snack,electric_scooter,1,No,5.04,214.48,Cash,Delivered,,29.3
ORD104501,MUMRES13DEL03,29,4.3,Mumbai,2026-05-01,12:17:00,Fog,Medium,2,Drinks,scooter,0,No,2.35,387.91,Wallet,Delivered,,34.1
ORD103590,DELRES05DEL04,22,4.4,Delhi,2026-05-01,12:22:00,Cloudy,High,3,Buffet,motorcycle,2,No,3.14,153.81,UPI,Delivered,,41.9
ORD102458,PUNRES44DEL03,26,4.1,Pune,2026-05-01,12:26:00,Fog,Jam,2,Snack,bicycle,1,No,1.4,309.74,UPI,Cancelled,Weather Disruption,
ORD105315,CHERES25DEL03,40,4.7,Chennai,2026-05-01,12:33:00,Sunny,Medium,2,Buffet,motorcycle,0,No,7.65,116.65,Card,Delivered,,38.0
ORD102343,DELRES11DEL06,40,4.2,Delhi,2026-05-01,12:40:00,Cloudy,Low,3,Snack,motorcycle,2,No,3.43,304.08,UPI,Delivered,,31.7
ORD103622,DELRES29DEL07,29,4.0,Delhi,2026-05-01,13:01:00,Fog,Medium,1,Meal,motorcycle,1,No,5.21,399.12,Wallet,Delivered,,40.4
ORD101224,MUMRES30DEL03,38,4.4,Mumbai,2026-05-01,13:09:00,Fog,High,0,Buffet,motorcycle,0,No,4.27,407.19,UPI,Delivered,,39.7
ORD104287,PUNRES25DEL02,34,4.5,Pune,2026-05-01,13:17:00,Sunny,High,2,Buffet,motorcycle,0,No,8.22,279.33,UPI,Delivered,,42.4
ORD103030,CHERES26DEL02,19,4.2,Chennai,2026-05-01,13:46:00,Sunny,Medium,0,Snack,motorcycle,0,No,3.8,487.86,UPI,Delivered,,28.7
ORD101465,DELRES24DEL07,33,4.6,Delhi,2026-05-01,13:52:00,Sunny,Low,1,Snack,scooter,0,No,2.6,141.68,Card,Delivered,,28.4
ORD101503,BENRES12DEL01,22,4.8,Bengaluru,2026-05-01,14:17:00,Sunny,Medium,1,Snack,scooter,0,No,1.81,430.06,Card,Delivered,,27.7
ORD100454,BENRES28DEL01,20,4.7,Bengaluru,2026-05-01,14:51:00,Sunny,Jam,2,Snack,electric_scooter,0,No,1.37,154.8,UPI,Delivered,,35.9
ORD102968,HYDRES09DEL05,25,4.9,Hyderabad,2026-05-01,15:06:00,Fog,Jam,1,Buffet,electric_scooter,0,No,2.38,777.15,UPI,Delivered,,43.7
ORD100401,BENRES12DEL08,30,4.1,Bengaluru,2026-05-01,15:42:00,Sunny,High,0,Buffet,motorcycle,2,No,4.29,94.9,Cash,Delivered,,46.8
ORD102813,CHERES40DEL08,26,4.6,Chennai,2026-05-01,16:03:00,Sunny,Low,2,Meal,motorcycle,0,No,1.32,249.28,UPI,Delivered,,16.0
ORD105744,BENRES37DEL08,26,4.7,Bengaluru,2026-05-01,16:08:00,Cloudy,Low,0,Buffet,motorcycle,0,No,4.81,632.42,UPI,Delivered,,32.3
ORD104545,BENRES04DEL06,31,5.0,Bengaluru,2026-05-01,16:27:00,Cloudy,High,0,Meal,motorcycle,1,No,7.07,233.51,Cash,Delivered,,42.8
ORD104798,MUMRES13DEL03,30,4.1,Mumbai,2026-05-01,17:37:00,Cloudy,Medium,0,Buffet,motorcycle,1,No,20.64,583.74,UPI,Delivered,,58.9
ORD104641,MUMRES34DEL04,26,4.5,Mumbai,2026-05-01,17:40:00,Cloudy,Low,0,Meal,scooter,0,No,14.48,503.11,UPI,Delivered,,40.0
ORD101267,PUNRES37DEL07,22,4.6,Pune,2026-05-01,18:04:00,Cloudy,Low,3,Drinks,motorcycle,1,No,4.88,273.04,UPI,Delivered,,34.8
ORD105940,CHERES34DEL04,30,4.2,Chennai,2026-05-01,18:05:00,Sunny,Medium,3,Snack,scooter,0,No,6.6,240.38,Cash,Delivered,,27.6
ORD101376,BENRES29DEL08,34,4.1,Bengaluru,2026-05-01,18:06:00,Sunny,Medium,1,Snack,motorcycle,0,No,1.75,353.37,Cash,Delivered,,28.6
ORD105371,MUMRES27DEL05,29,4.6,Mumbai,2026-05-01,18:16:00,Windy,Low,3,Meal,motorcycle,0,No,15.79,175.18,UPI,Delivered,,42.5
ORD101595,BENRES25DEL05,27,4.2,Bengaluru,2026-05-01,18:36:00,Cloudy,Medium,2,Buffet,motorcycle,1,No,2.12,269.07,Cash,Delivered,,37.7
ORD104321,DELRES17DEL02,19,4.6,Delhi,2026-05-01,18:52:00,Cloudy,Low,2,Meal,scooter,1,No,8.26,249.62,Wallet,Delivered,,33.3
ORD101040,MUMRES04DEL05,33,4.3,Mumbai,2026-05-01,19:11:00,Fog,Low,2,Snack,motorcycle,0,No,3.85,243.7,Cash,Delivered,,32.3
ORD104481,BENRES27DEL05,29,4.0,Bengaluru,2026-05-01,19:12:00,Windy,Medium,2,Drinks,scooter,0,No,3.98,246.71,Cash,Delivered,,31.5
ORD100012,CHERES43DEL02,29,4.2,Chennai,2026-05-01,19:18:00,Cloudy,Low,3,Buffet,scooter,0,No,4.7,270.14,Cash,Cancelled,Delivery Partner Unavailable,
ORD102228,MUMRES38DEL04,32,4.4,Mumbai,2026-05-01,19:23:00,Cloudy,Low,3,Meal,electric_scooter,0,No,4.84,403.64,Card,Delivered,,26.0
ORD103067,PUNRES10DEL07,26,4.0,Pune,2026-05-01,19:29:00,Cloudy,High,2,Meal,motorcycle,3,No,13.55,269.42,UPI,Delivered,,61.9
ORD104761,MUMRES39DEL02,26,3.9,Mumbai,2026-05-01,19:58:00,Sunny,Medium,1,Buffet,scooter,1,No,7.12,276.53,UPI,Delivered,,35.1
ORD102903,CHERES24DEL07,24,4.0,Chennai,2026-05-01,19:59:00,Fog,Medium,0,Snack,electric_scooter,0,No,3.26,233.87,UPI,Delivered,,34.1
ORD100126,MUMRES43DEL02,31,4.8,Mumbai,2026-05-01,20:29:00,Sunny,Medium,0,Meal,motorcycle,0,No,3.35,191.77,Cash,Delivered,,30.3
ORD104726,CHERES30DEL01,46,4.8,Chennai,2026-05-01,20:47:00,Stormy,Medium,0,Snack,motorcycle,1,No,5.05,639.65,UPI,Delivered,,42.4
ORD101999,BENRES05DEL05,24,3.9,Bengaluru,2026-05-01,20:52:00,Cloudy,High,1,Drinks,scooter,0,No,6.99,184.32,UPI,Delivered,,41.8
ORD103024,HYDRES29DEL05,34,4.2,Hyderabad,2026-05-01,21:21:00,Windy,High,1,Snack,motorcycle,0,No,3.57,258.37,Cash,Delivered,,32.6
ORD100901,KOLRES12DEL06,26,5.0,Kolkata,2026-05-01,21:22:00,Cloudy,Medium,3,Buffet,scooter,0,No,5.96,564.1,UPI,Delivered,,29.4
ORD105647,MUMRES20DEL04,30,4.7,Mumbai,2026-05-01,21:30:00,Cloudy,Low,2,Snack,bicycle,1,No,5.45,227.14,Cash,Delivered,,31.4
ORD100662,BENRES03DEL06,30,4.9,Bengaluru,2026-05-01,22:05:00,Cloudy,Low,1,Meal,motorcycle,0,No,5.49,236.85,Cash,Delivered,,22.3
ORD102976,PUNRES08DEL02,25,4.5,Pune,2026-05-01,22:09:00,Windy,Medium,2,Snack,bicycle,0,No,5.38,191.8,UPI,Cancelled,Customer Cancelled,
ORD102015,DELRES30DEL02,26,4.2,Delhi,2026-05-01,22:10:00,Cloudy,Low,0,Meal,bicycle,0,No,2.05,298.81,Cash,Delivered,,20.2
ORD100383,CHERES37DEL06,25,5.0,Chennai,2026-05-01,22:21:00,Stormy,High,2,Meal,scooter,1,No,10.86,169.43,Cash,Cancelled,Delivery Partner Unavailable,
ORD101823,MUMRES22DEL05,20,4.4,Mumbai,2026-05-01,22:42:00,Sunny,Medium,1,Drinks,motorcycle,2,No,12.37,487.31,UPI,Delivered,,54.3
ORD103735,HYDRES38DEL01,33,4.5,Hyderabad,2026-05-01,23:25:00,Stormy,Low,0,Buffet,motorcycle,0,No,0.92,140.37,Cash,Delivered,,24.1
ORD103349,BENRES01DEL04,35,4.7,Bengaluru,2026-05-02,01:32:00,Windy,Jam,2,Meal,motorcycle,2,No,2.89,536.64,Card,Delivered,,49.1
ORD101363,MUMRES05DEL03,32,5.0,Mumbai,2026-05-02,07:01:00,Sunny,Jam,3,Snack,electric_scooter,0,No,8.93,506.64,Cash,Delivered,,49.2
ORD104894,DELRES01DEL01,18,4.4,Delhi,2026-05-02,09:14:00,Cloudy,Jam,2,Meal,scooter,1,No,10.12,597.07,UPI,Cancelled,Traffic Delay,
ORD102609,BENRES13DEL05,18,4.2,Bengaluru,2026-05-02,09:34:00,Stormy,Medium,1,Snack,motorcycle,1,No,1.15,174.17,UPI,Cancelled,Customer Cancelled,
ORD101511,BENRES22DEL06,18,4.8,Bengaluru,2026-05-02,09:37:00,Windy,Jam,1,Meal,electric_scooter,0,No,6.41,227.55,Card,Delivered,,43.2
ORD101001,DELRES11DEL05,31,4.8,Delhi,2026-05-02,10:45:00,Stormy,Jam,2,Meal,scooter,1,No,6.39,404.73,Cash,Delivered,,65.1
ORD102555,MUMRES08DEL04,36,4.3,Mumbai,2026-05-02,11:10:00,Cloudy,Low,2,Snack,motorcycle,1,No,2.24,300.89,UPI,Delivered,,31.8
ORD104575,KOLRES26DEL03,28,3.7,Kolkata,2026-05-02,11:19:00,Sunny,Jam,3,Snack,motorcycle,0,No,14.06,282.57,Card,Delivered,,54.5
ORD103474,BENRES17DEL03,18,4.2,Bengaluru,2026-05-02,11:22:00,Sunny,Medium,3,Meal,scooter,0,No,9.59,227.07,UPI,Delivered,,37.9
ORD102259,BENRES15DEL03,34,4.0,Bengaluru,2026-05-02,11:43:00,Cloudy,Medium,2,Buffet,scooter,0,No,3.9,268.29,UPI,Delivered,,32.8
ORD103249,MUMRES02DEL07,31,4.2,Mumbai,2026-05-02,11:44:00,Sunny,High,0,Drinks,motorcycle,1,No,3.59,189.87,UPI,Delivered,,30.8
ORD103750,MUMRES28DEL05,22,4.4,Mumbai,2026-05-02,12:22:00,Sunny,Low,0,Buffet,scooter,0,No,3.72,319.74,UPI,Delivered,,24.3
ORD101057,BENRES43DEL04,31,4.1,Bengaluru,2026-05-02,13:41:00,Cloudy,Medium,1,Drinks,motorcycle,0,No,2.35,342.27,Wallet,Delivered,,24.7
ORD104010,DELRES43DEL06,23,4.3,Delhi,2026-05-02,13:43:00,Sunny,Low,1,Drinks,electric_scooter,1,No,9.14,480.27,UPI,Cancelled,Delivery Partner Unavailable,
ORD105385,KOLRES38DEL03,34,4.6,Kolkata,2026-05-02,14:34:00,Cloudy,Medium,3,Meal,motorcycle,1,No,13.8,452.81,Wallet,Delivered,,55.0
ORD103145,KOLRES08DEL06,35,4.5,Kolkata,2026-05-02,15:05:00,Windy,Jam,3,Snack,electric_scooter,1,No,1.89,424.32,UPI,Cancelled,Customer Cancelled,
ORD101578,KOLRES31DEL01,28,4.1,Kolkata,2026-05-02,16:02:00,Cloudy,Low,2,Meal,motorcycle,0,No,4.39,286.54,UPI,Delivered,,22.1
ORD103075,HYDRES30DEL05,34,4.1,Hyderabad,2026-05-02,16:04:00,Windy,Jam,0,Buffet,scooter,0,No,10.09,80.0,UPI,Delivered,,51.6
ORD100920,MUMRES38DEL05,37,4.4,Mumbai,2026-05-02,16:16:00,Sunny,Low,3,Snack,motorcycle,1,No,1.74,391.47,Cash,Delivered,,24.7
ORD102066,KOLRES14DEL05,36,4.1,Kolkata,2026-05-02,16:36:00,Cloudy,Low,0,Snack,motorcycle,2,No,2.0,283.98,UPI,Delivered,,30.5
ORD103906,KOLRES41DEL03,24,4.0,Kolkata,2026-05-02,17:06:00,Cloudy,Jam,2,Buffet,motorcycle,0,No,2.94,168.68,UPI,Delivered,,35.4
ORD104845,BENRES40DEL01,27,4.7,Bengaluru,2026-05-02,18:00:00,Sunny,Low,0,Drinks,motorcycle,0,No,5.47,138.18,UPI,Delivered,,24.8
ORD105742,DELRES14DEL04,26,4.1,Delhi,2026-05-02,18:00:00,Windy,Jam,0,Buffet,scooter,1,No,13.75,354.34,UPI,Delivered,,62.9
ORD104924,KOLRES40DEL01,27,4.1,Kolkata,2026-05-02,18:17:00,Sunny,Low,0,Buffet,scooter,0,No,1.69,108.35,Cash,Delivered,,22.7
ORD104850,BENRES08DEL07,27,4.6,Bengaluru,2026-05-02,18:30:00,Sunny,Medium,0,Snack,scooter,0,No,13.52,235.12,UPI,Delivered,,53.7
ORD100909,MUMRES05DEL06,38,3.7,Mumbai,2026-05-02,18:34:00,Sandstorms,Low,2,Meal,motorcycle,0,No,2.73,356.94,UPI,Delivered,,29.2
ORD104610,DELRES31DEL07,31,4.2,Delhi,2026-05-02,18:35:00,Windy,Jam,0,Meal,electric_scooter,0,No,2.49,233.44,UPI,Delivered,,39.3
ORD102863,CHERES19DEL03,41,4.1,Chennai,2026-05-02,18:41:00,Stormy,Low,0,Drinks,motorcycle,1,No,2.59,525.65,Card,Cancelled,Weather Disruption,
ORD102688,DELRES37DEL06,33,4.5,Delhi,2026-05-02,18:43:00,Cloudy,Low,3,Drinks,scooter,1,No,7.53,215.96,Card,Delivered,,43.1
ORD100229,BENRES08DEL07,34,4.1,Bengaluru,2026-05-02,18:49:00,Cloudy,Low,1,Snack,scooter,0,No,4.47,304.94,UPI,Delivered,,26.2
ORD102313,KOLRES03DEL01,38,4.4,Kolkata,2026-05-02,19:00:00,Sunny,Medium,3,Snack,motorcycle,2,No,3.35,772.12,Wallet,Delivered,,30.5
ORD105672,BENRES41DEL01,22,3.8,Bengaluru,2026-05-02,19:13:00,Windy,Medium,0,Drinks,motorcycle,0,No,8.54,334.33,Cash,Delivered,,35.1
ORD102010,BENRES14DEL03,35,4.8,Bengaluru,2026-05-02,19:24:00,Cloudy,High,0,Snack,scooter,0,No,13.38,357.25,UPI,Delivered,,45.5
ORD105095,DELRES06DEL01,29,4.9,Delhi,2026-05-02,19:55:00,Sunny,Medium,3,Buffet,scooter,2,No,12.48,456.51,Card,Delivered,,56.2
ORD103102,DELRES28DEL07,35,4.5,Delhi,2026-05-02,20:16:00,Cloudy,Low,3,Snack,motorcycle,1,No,7.14,498.35,UPI,Delivered,,36.1
ORD105366,PUNRES35DEL05,35,4.2,Pune,2026-05-02,20:36:00,Cloudy,Medium,3,Meal,scooter,0,No,6.55,181.23,Card,Delivered,,38.6
ORD104095,DELRES25DEL06,23,4.5,Delhi,2026-05-02,21:04:00,Windy,Low,1,Snack,motorcycle,0,No,2.16,431.76,UPI,Delivered,,21.9
ORD102256,BENRES34DEL03,42,4.2,Bengaluru,2026-05-02,21:09:00,Stormy,Low,2,Meal,motorcycle,0,No,2.51,172.21,UPI,Cancelled,Restaurant Delay,
ORD103634,DELRES01DEL08,18,4.0,Delhi,2026-05-02,21:15:00,Cloudy,Medium,0,Meal,motorcycle,0,No,3.79,301.34,UPI,Delivered,,29.0
ORD102334,MUMRES02DEL03,29,4.6,Mumbai,2026-05-02,21:35:00,Sunny,Medium,0,Buffet,bicycle,0,No,2.21,723.06,UPI,Delivered,,21.1
ORD100749,BENRES10DEL05,28,3.4,Bengaluru,2026-05-02,21:43:00,Sunny,Low,0,Drinks,electric_scooter,1,No,4.89,246.19,UPI,Delivered,,27.9
ORD105862,KOLRES25DEL06,34,4.4,Kolkata,2026-05-02,21:51:00,Windy,Jam,2,Drinks,electric_scooter,0,No,5.44,118.97,UPI,Cancelled,Traffic Delay,
ORD102020,PUNRES07DEL05,28,3.9,Pune,2026-05-02,22:58:00,Cloudy,High,1,Drinks,motorcycle,0,No,1.87,234.62,Cash,Delivered,,27.7
ORD105915,KOLRES03DEL07,19,4.1,Kolkata,2026-05-03,00:14:00,Cloudy,Low,0,Meal,motorcycle,0,No,2.28,230.07,UPI,Delivered,,26.3
ORD104767,PUNRES25DEL06,41,4.6,Pune,2026-05-03,02:27:00,Cloudy,High,0,Snack,bicycle,0,No,5.09,255.38,UPI,Delivered,,36.3
ORD102069,DELRES43DEL08,36,3.9,Delhi,2026-05-03,08:19:00,Sunny,Jam,1,Drinks,motorcycle,1,No,2.27,80.0,UPI,Delivered,,44.2
ORD100738,MUMRES30DEL04,31,4.3,Mumbai,2026-05-03,09:21:00,Sunny,Medium,3,Drinks,motorcycle,0,No,2.76,313.62,UPI,Delivered,,25.3
ORD102158,DELRES33DEL08,33,4.8,Delhi,2026-05-03,09:33:00,Sunny,Low,1,Buffet,motorcycle,0,No,9.21,277.37,Card,Delivered,,29.9
ORD101393,HYDRES06DEL08,31,5.0,Hyderabad,2026-05-03,10:18:00,Sandstorms,Low,1,Drinks,electric_scooter,3,No,3.43,217.45,Card,Delivered,,40.4
ORD104958,BENRES08DEL05,41,4.1,Bengaluru,2026-05-03,10:24:00,Windy,Medium,0,Snack,scooter,1,No,1.5,200.97,UPI,Delivered,,35.5
ORD105491,MUMRES04DEL02,41,5.0,Mumbai,2026-05-03,12:05:00,Cloudy,Medium,1,Snack,motorcycle,2,No,3.2,198.02,UPI,Delivered,,42.2
ORD101419,CHERES32DEL06,28,4.3,Chennai,2026-05-03,12:13:00,Stormy,High,0,Drinks,scooter,1,No,3.91,332.99,UPI,Delivered,,54.6
ORD103743,CHERES31DEL05,26,5.0,Chennai,2026-05-03,12:22:00,Windy,High,3,Drinks,scooter,0,No,2.44,432.06,UPI,Delivered,,36.6
ORD102879,BENRES04DEL03,18,4.1,Bengaluru,2026-05-03,12:39:00,Cloudy,Low,0,Snack,electric_scooter,0,No,3.04,229.43,Wallet,Delivered,,21.7
ORD104879,BENRES15DEL01,22,4.4,Bengaluru,2026-05-03,12:47:00,Cloudy,Medium,3,Drinks,motorcycle,1,No,1.55,86.57,UPI,Delivered,,29.6
ORD101839,PUNRES25DEL03,25,4.6,Pune,2026-05-03,12:52:00,Cloudy,Medium,0,Snack,electric_scooter,0,No,1.76,329.54,UPI,Delivered,,23.7
ORD103576,CHERES38DEL03,27,4.1,Chennai,2026-05-03,13:00:00,Sunny,Low,3,Snack,motorcycle,2,No,1.53,162.5,UPI,Cancelled,Restaurant Delay,
ORD102528,CHERES15DEL03,18,4.8,Chennai,2026-05-03,13:15:00,Sandstorms,High,0,Buffet,motorcycle,1,No,1.53,444.4,UPI,Cancelled,Weather Disruption,
ORD100592,KOLRES22DEL01,30,4.2,Kolkata,2026-05-03,13:17:00,Sunny,Low,1,Snack,scooter,0,No,2.76,380.82,UPI,Delivered,,21.2
ORD103309,HYDRES02DEL04,31,4.6,Hyderabad,2026-05-03,13:32:00,Cloudy,Medium,2,Snack,electric_scooter,0,No,9.01,308.81,UPI,Delivered,,33.9
ORD103800,BENRES16DEL06,25,4.3,Bengaluru,2026-05-03,13:52:00,Sunny,Low,0,Snack,bicycle,0,No,1.22,264.1,Cash,Delivered,,17.0
ORD102987,BENRES20DEL05,31,4.7,Bengaluru,2026-05-03,16:35:00,Windy,Low,1,Buffet,electric_scooter,1,No,14.65,532.3,Wallet,Delivered,,49.1
ORD103238,MUMRES24DEL08,23,4.3,Mumbai,2026-05-03,16:55:00,Fog,Low,3,Buffet,scooter,0,No,2.92,80.0,UPI,Delivered,,28.7
ORD101749,MUMRES30DEL06,20,4.7,Mumbai,2026-05-03,17:06:00,Fog,Low,3,Snack,motorcycle,0,No,9.66,149.34,UPI,Delivered,,42.5
ORD105306,MUMRES29DEL03,23,4.0,Mumbai,2026-05-03,17:14:00,Sandstorms,Low,3,Meal,scooter,2,No,5.52,334.07,UPI,Delivered,,42.8
ORD104483,BENRES11DEL04,29,4.6,Bengaluru,2026-05-03,17:52:00,Sunny,Low,0,Snack,scooter,0,No,2.51,351.07,UPI,Delivered,,33.2
ORD100251,HYDRES28DEL01,31,5.0,Hyderabad,2026-05-03,18:02:00,Sunny,High,0,Snack,scooter,0,No,2.92,152.3,Wallet,Delivered,,33.1
ORD101322,HYDRES15DEL05,18,4.2,Hyderabad,2026-05-03,18:23:00,Fog,Medium,3,Snack,motorcycle,1,No,2.82,391.0,UPI,Delivered,,38.3
ORD105872,CHERES23DEL03,26,4.2,Chennai,2026-05-03,18:35:00,Windy,High,0,Meal,motorcycle,0,No,10.34,570.87,Card,Delivered,,48.9
ORD105954,MUMRES42DEL04,27,4.3,Mumbai,2026-05-03,18:46:00,Cloudy,Medium,3,Snack,electric_scooter,0,No,1.94,288.65,Wallet,Delivered,,27.2
ORD100571,CHERES01DEL05,21,4.6,Chennai,2026-05-03,18:48:00,Sunny,Medium,0,Snack,electric_scooter,0,No,1.17,228.86,UPI,Delivered,,26.1
ORD103027,BENRES15DEL07,33,4.4,Bengaluru,2026-05-03,18:51:00,Sunny,Medium,1,Meal,electric_scooter,0,No,1.38,538.97,Wallet,Delivered,,20.5
ORD101621,BENRES04DEL06,33,4.9,Bengaluru,2026-05-03,19:33:00,Sunny,Low,1,Meal,electric_scooter,1,No,5.37,255.75,Wallet,Delivered,,31.9
ORD100094,HYDRES31DEL01,23,4.2,Hyderabad,2026-05-03,19:44:00,Sunny,Medium,2,Snack,motorcycle,0,No,6.53,349.08,UPI,Delivered,,33.3
ORD103623,DELRES18DEL07,31,4.3,Delhi,2026-05-03,19:49:00,Cloudy,Medium,2,Drinks,motorcycle,0,No,18.01,149.25,UPI,Delivered,,53.0
ORD104551,DELRES19DEL03,23,4.2,Delhi,2026-05-03,19:54:00,Stormy,Medium,2,Drinks,motorcycle,2,No,4.83,459.26,UPI,Delivered,,46.1
ORD100494,MUMRES01DEL06,45,4.6,Mumbai,2026-05-03,20:06:00,Cloudy,High,1,Buffet,motorcycle,0,No,2.59,405.68,UPI,Delivered,,31.4
ORD103225,DELRES43DEL03,32,4.4,Delhi,2026-05-03,20:22:00,Sunny,High,0,Buffet,scooter,0,No,2.92,513.64,UPI,Delivered,,27.6
ORD104391,HYDRES04DEL03,34,4.6,Hyderabad,2026-05-03,20:52:00,Stormy,Low,2,Buffet,scooter,0,No,7.58,238.77,Card,Delivered,,43.4
ORD101508,DELRES43DEL07,37,4.2,Delhi,2026-05-03,20:59:00,Cloudy,Medium,2,Drinks,scooter,0,No,3.02,368.83,Card,Delivered,,27.4
ORD101430,PUNRES34DEL02,24,4.1,Pune,2026-05-03,21:11:00,Sandstorms,Medium,3,Drinks,scooter,1,No,8.2,404.67,UPI,Delivered,,46.6
ORD105604,PUNRES05DEL05,18,4.3,Pune,2026-05-03,21:16:00,Sunny,Medium,2,Buffet,motorcycle,1,No,2.01,406.75,Card,Delivered,,30.8
ORD103703,BENRES28DEL02,27,4.5,Bengaluru,2026-05-03,21:18:00,Windy,High,3,Snack,electric_scooter,1,No,3.87,593.94,Card,Delivered,,37.4
ORD103916,KOLRES24DEL08,22,4.6,Kolkata,2026-05-03,21:21:00,Sunny,Low,1,Drinks,motorcycle,0,No,3.91,461.6,UPI,Delivered,,19.0
ORD103155,PUNRES18DEL08,21,4.3,Pune,2026-05-03,21:36:00,Cloudy,Low,2,Snack,motorcycle,1,No,9.35,314.95,UPI,Delivered,,39.8
ORD100776,CHERES40DEL05,30,4.3,Chennai,2026-05-03,22:05:00,Sunny,Low,1,Buffet,motorcycle,1,No,5.7,487.61,UPI,Delivered,,29.5
ORD105255,CHERES09DEL08,29,4.1,Chennai,2026-05-03,23:22:00,Sandstorms,High,1,Snack,motorcycle,3,No,7.08,201.38,UPI,Delivered,,62.6
ORD103141,CHERES42DEL08,39,4.0,Chennai,2026-05-04,00:49:00,Windy,Medium,0,Snack,motorcycle,0,No,8.08,264.87,UPI,Delivered,,42.6
ORD104464,BENRES11DEL01,22,4.8,Bengaluru,2026-05-04,06:04:00,Sunny,Low,3,Buffet,motorcycle,2,No,2.8,512.54,Card,Delivered,,35.4
ORD102125,PUNRES23DEL03,24,4.4,Pune,2026-05-04,06:30:00,Fog,Medium,1,Meal,bicycle,1,No,3.08,315.36,UPI,Delivered,,37.7
ORD101556,PUNRES34DEL06,31,4.5,Pune,2026-05-04,08:04:00,Sandstorms,Jam,3,Snack,motorcycle,0,No,8.91,529.16,UPI,Delivered,,56.3
ORD104703,HYDRES19DEL03,38,4.8,Hyderabad,2026-05-04,08:23:00,Sunny,Low,2,Buffet,motorcycle,0,No,0.83,161.92,Wallet,Delivered,,17.9
ORD100031,BENRES34DEL02,37,4.3,Bengaluru,2026-05-04,08:50:00,Sunny,High,3,Buffet,scooter,0,No,3.73,330.14,Card,Delivered,,29.7
ORD105605,PUNRES08DEL02,27,4.9,Pune,2026-05-04,09:16:00,Sunny,Low,0,Meal,scooter,1,No,3.14,93.57,UPI,Delivered,,29.1
ORD103209,CHERES01DEL06,28,4.9,Chennai,2026-05-04,09:22:00,Sunny,Medium,1,Meal,electric_scooter,1,No,16.07,198.69,UPI,Delivered,,54.7
ORD101807,HYDRES08DEL07,36,4.3,Hyderabad,2026-05-04,10:16:00,Windy,High,3,Drinks,motorcycle,1,No,7.06,272.53,UPI,Delivered,,43.6
ORD104477,HYDRES35DEL06,31,4.0,Hyderabad,2026-05-04,10:35:00,Sunny,Medium,3,Meal,motorcycle,1,No,3.42,291.28,UPI,Delivered,,37.0
ORD100397,KOLRES06DEL04,25,4.4,Kolkata,2026-05-04,11:07:00,Cloudy,High,0,Buffet,motorcycle,0,No,5.97,425.11,UPI,Delivered,,33.7
ORD101204,PUNRES17DEL08,37,4.5,Pune,2026-05-04,11:21:00,Sandstorms,Medium,2,Snack,scooter,0,No,0.97,189.04,UPI,Delivered,,41.3
ORD100426,DELRES39DEL06,26,4.3,Delhi,2026-05-04,11:50:00,Sunny,High,0,Buffet,motorcycle,1,No,7.08,356.05,UPI,Delivered,,39.6
ORD101257,BENRES37DEL01,31,4.4,Bengaluru,2026-05-04,11:58:00,Fog,Jam,0,Snack,motorcycle,1,No,25.0,611.41,Cash,Delivered,,82.1
ORD100288,HYDRES38DEL06,21,3.7,Hyderabad,2026-05-04,12:25:00,Cloudy,High,2,Buffet,scooter,3,No,2.2,88.12,UPI,Delivered,,46.4
ORD102935,CHERES42DEL06,23,4.8,Chennai,2026-05-04,12:41:00,Fog,Low,2,Meal,electric_scooter,0,No,4.47,655.21,Card,Delivered,,29.7
ORD102496,PUNRES01DEL03,29,4.4,Pune,2026-05-04,12:42:00,Sunny,Low,2,Buffet,motorcycle,2,No,7.41,385.01,UPI,Delivered,,41.1
ORD100388,DELRES32DEL01,22,4.4,Delhi,2026-05-04,12:43:00,Sunny,Medium,3,Buffet,scooter,0,No,7.0,361.01,UPI,Delivered,,38.3
ORD105949,BENRES27DEL07,23,4.8,Bengaluru,2026-05-04,12:46:00,Sunny,Medium,2,Buffet,scooter,1,No,2.39,150.04,Wallet,Delivered,,34.3
ORD100157,MUMRES07DEL04,25,4.5,Mumbai,2026-05-04,12:49:00,Windy,High,1,Meal,electric_scooter,3,No,3.27,516.83,UPI,Delivered,,45.7
ORD104039,HYDRES25DEL05,31,4.5,Hyderabad,2026-05-04,12:49:00,Cloudy,Medium,1,Drinks,scooter,1,No,1.03,635.26,UPI,Delivered,,28.3
ORD103548,HYDRES41DEL03,35,3.9,Hyderabad,2026-05-04,13:15:00,Cloudy,High,1,Snack,motorcycle,1,No,6.17,474.05,Card,Delivered,,41.0
ORD102529,BENRES19DEL08,32,4.9,Bengaluru,2026-05-04,13:27:00,Windy,Medium,2,Drinks,scooter,0,No,0.86,184.84,UPI,Delivered,,28.4
ORD101266,DELRES34DEL04,26,4.3,Delhi,2026-05-04,13:53:00,Sunny,Low,2,Meal,electric_scooter,1,No,3.62,392.74,UPI,Delivered,,31.6
ORD104409,MUMRES23DEL04,33,4.4,Mumbai,2026-05-04,14:01:00,Windy,Medium,1,Meal,scooter,2,No,2.37,284.73,Wallet,Delivered,,35.8
ORD102675,CHERES19DEL02,26,3.6,Chennai,2026-05-04,14:02:00,Sunny,Low,3,Meal,scooter,1,No,1.26,560.61,UPI,Delivered,,27.0
ORD104211,KOLRES44DEL05,28,4.7,Kolkata,2026-05-04,14:42:00,Sunny,Low,0,Meal,motorcycle,1,No,1.77,401.1,Card,Cancelled,Customer Cancelled,
ORD104137,HYDRES05DEL06,27,4.2,Hyderabad,2026-05-04,15:10:00,Sunny,Low,1,Buffet,scooter,2,No,18.03,275.42,UPI,Cancelled,Restaurant Delay,
ORD100059,CHERES29DEL07,31,4.7,Chennai,2026-05-04,15:11:00,Sunny,Jam,1,Drinks,scooter,0,No,11.86,199.38,UPI,Delivered,,53.0
ORD102342,BENRES36DEL04,27,5.0,Bengaluru,2026-05-04,15:45:00,Sunny,Low,0,Buffet,motorcycle,1,No,6.1,424.55,Card,Delivered,,33.1
ORD103529,PUNRES25DEL01,26,4.5,Pune,2026-05-04,15:45:00,Sunny,Medium,3,Buffet,motorcycle,3,No,10.34,716.31,Cash,Delivered,,47.2
ORD104103,DELRES13DEL03,33,3.8,Delhi,2026-05-04,16:55:00,Windy,Medium,0,Meal,motorcycle,1,No,18.01,374.97,UPI,Delivered,,56.3
ORD105956,MUMRES19DEL03,18,3.9,Mumbai,2026-05-04,17:51:00,Sandstorms,Low,0,Drinks,scooter,0,No,10.91,333.41,UPI,Cancelled,Weather Disruption,
ORD103286,DELRES24DEL08,21,4.3,Delhi,2026-05-04,18:31:00,Sunny,Low,1,Snack,scooter,0,No,1.61,129.49,UPI,Delivered,,15.1
ORD102696,KOLRES33DEL08,24,3.9,Kolkata,2026-05-04,18:46:00,Sunny,High,3,Drinks,electric_scooter,0,No,1.02,311.77,UPI,Delivered,,23.3
ORD101868,BENRES09DEL07,31,4.7,Bengaluru,2026-05-04,19:11:00,Cloudy,Jam,3,Buffet,motorcycle,0,No,6.64,82.15,UPI,Cancelled,Traffic Delay,
ORD104910,DELRES42DEL02,32,4.4,Delhi,2026-05-04,19:14:00,Windy,Jam,0,Buffet,scooter,1,No,2.96,227.26,Cash,Delivered,,45.6
ORD102995,HYDRES18DEL01,29,4.6,Hyderabad,2026-05-04,19:23:00,Cloudy,Medium,3,Drinks,motorcycle,0,No,1.41,606.86,Cash,Delivered,,16.8
ORD103103,HYDRES37DEL08,33,4.0,Hyderabad,2026-05-04,19:27:00,Windy,Low,3,Meal,bicycle,1,No,1.2,558.05,UPI,Delivered,,24.9
ORD101377,DELRES34DEL04,25,4.3,Delhi,2026-05-04,19:56:00,Windy,Medium,3,Meal,scooter,0,No,2.91,515.02,Cash,Delivered,,26.2
ORD100727,PUNRES13DEL05,19,4.4,Pune,2026-05-04,20:20:00,Sunny,Medium,3,Snack,motorcycle,0,No,6.27,150.06,Card,Delivered,,25.3
ORD105852,CHERES07DEL01,29,4.8,Chennai,2026-05-04,20:36:00,Windy,Low,1,Buffet,motorcycle,1,No,23.63,243.98,Card,Delivered,,57.1
ORD100040,HYDRES20DEL04,31,5.0,Hyderabad,2026-05-04,20:38:00,Cloudy,Medium,1,Meal,motorcycle,1,No,1.77,390.41,UPI,Delivered,,28.8
ORD103399,HYDRES27DEL04,39,4.2,Hyderabad,2026-05-04,20:38:00,Windy,Medium,1,Snack,scooter,2,No,1.71,168.8,Cash,Delivered,,37.2
ORD105875,PUNRES01DEL03,23,4.0,Pune,2026-05-04,20:41:00,Windy,High,1,Snack,motorcycle,0,No,21.22,461.48,Cash,Delivered,,66.8
ORD101086,HYDRES11DEL06,37,4.3,Hyderabad,2026-05-04,20:52:00,Sunny,High,0,Meal,scooter,0,No,4.38,398.43,UPI,Cancelled,Traffic Delay,
ORD105197,HYDRES13DEL07,35,3.7,Hyderabad,2026-05-04,20:56:00,Cloudy,Medium,2,Drinks,motorcycle,1,No,0.82,320.95,UPI,Delivered,,31.3
ORD104655,DELRES37DEL02,18,4.2,Delhi,2026-05-04,20:58:00,Stormy,Jam,0,Meal,electric_scooter,0,No,2.39,375.03,Cash,Delivered,,49.2
ORD101685,MUMRES21DEL08,22,4.6,Mumbai,2026-05-04,21:05:00,Stormy,High,2,Buffet,bicycle,1,No,2.46,302.19,UPI,Delivered,,41.1
ORD102886,DELRES29DEL01,33,4.7,Delhi,2026-05-04,21:38:00,Fog,Low,2,Drinks,motorcycle,0,No,1.77,400.56,Wallet,Delivered,,29.0
ORD101103,BENRES04DEL06,19,4.8,Bengaluru,2026-05-04,21:47:00,Sunny,Jam,3,Meal,scooter,0,No,6.22,337.12,UPI,Delivered,,46.5
ORD100374,BENRES06DEL05,25,4.6,Bengaluru,2026-05-05,05:17:00,Cloudy,Low,3,Meal,scooter,1,No,1.29,357.33,UPI,Delivered,,24.9
ORD100964,DELRES02DEL02,20,4.3,Delhi,2026-05-05,08:03:00,Fog,High,0,Snack,electric_scooter,0,No,2.84,209.34,UPI,Delivered,,39.3
ORD101444,BENRES33DEL02,19,4.4,Bengaluru,2026-05-05,08:07:00,Windy,Medium,0,Meal,scooter,0,No,1.76,132.03,UPI,Delivered,,26.5
ORD100430,PUNRES06DEL04,33,4.6,Pune,2026-05-05,08:31:00,Cloudy,Low,0,Meal,bicycle,0,No,17.07,415.16,UPI,Delivered,,45.3
ORD104063,BENRES09DEL08,26,4.8,Bengaluru,2026-05-05,10:28:00,Stormy,High,1,Snack,scooter,0,No,2.08,165.5,Card,Delivered,,41.4
ORD101181,BENRES42DEL08,28,5.0,Bengaluru,2026-05-05,11:22:00,Cloudy,Medium,3,Drinks,motorcycle,1,No,4.62,171.13,UPI,Delivered,,37.4
ORD104372,BENRES10DEL07,22,4.0,Bengaluru,2026-05-05,11:29:00,Cloudy,Jam,0,Meal,motorcycle,2,No,8.46,350.28,Wallet,Delivered,,50.2
ORD105540,BENRES30DEL05,23,3.9,Bengaluru,2026-05-05,11:31:00,Sunny,Medium,0,Meal,motorcycle,0,No,10.5,228.95,UPI,Delivered,,34.3
ORD102517,BENRES05DEL08,21,4.3,Bengaluru,2026-05-05,11:35:00,Sunny,Medium,3,Buffet,motorcycle,0,No,4.45,228.21,UPI,Delivered,,26.8
ORD104118,BENRES17DEL06,35,3.9,Bengaluru,2026-05-05,12:00:00,Windy,Medium,1,Buffet,motorcycle,0,No,1.39,223.4,UPI,Delivered,,19.7
ORD103240,CHERES30DEL07,23,4.2,Chennai,2026-05-05,12:13:00,Sunny,Medium,1,Drinks,bicycle,0,No,4.05,251.61,UPI,Cancelled,Traffic Delay,
ORD105530,DELRES20DEL02,33,4.5,Delhi,2026-05-05,12:18:00,Windy,Medium,2,Buffet,motorcycle,0,No,5.6,730.78,UPI,Delivered,,26.7
ORD104642,MUMRES15DEL05,26,4.1,Mumbai,2026-05-05,12:34:00,Sunny,Low,1,Buffet,motorcycle,1,No,2.69,376.59,Card,Delivered,,28.5
ORD101183,CHERES04DEL04,31,4.7,Chennai,2026-05-05,13:27:00,Sunny,Medium,1,Drinks,electric_scooter,1,No,3.8,428.71,Card,Delivered,,35.8
ORD100766,MUMRES23DEL01,33,3.9,Mumbai,2026-05-05,13:57:00,Stormy,Jam,0,Buffet,scooter,1,No,7.91,595.79,Cash,Cancelled,Customer Cancelled,
ORD105633,KOLRES01DEL01,29,4.5,Kolkata,2026-05-05,14:45:00,Sunny,Low,1,Meal,scooter,0,No,4.61,356.02,Cash,Delivered,,27.3
ORD102487,DELRES10DEL03,35,4.0,Delhi,2026-05-05,15:06:00,Cloudy,Low,2,Meal,motorcycle,0,No,17.11,358.64,UPI,Delivered,,48.4
ORD105673,MUMRES14DEL03,31,4.5,Mumbai,2026-05-05,15:20:00,Cloudy,Medium,3,Snack,motorcycle,1,No,3.27,119.55,UPI,Delivered,,36.8
ORD101255,HYDRES38DEL02,23,3.7,Hyderabad,2026-05-05,15:30:00,Windy,Low,3,Meal,electric_scooter,1,No,3.53,271.47,Wallet,Delivered,,24.5
ORD101981,MUMRES43DEL07,28,4.1,Mumbai,2026-05-05,16:15:00,Sunny,High,1,Meal,scooter,1,No,5.47,134.77,UPI,Delivered,,41.5
ORD104940,CHERES23DEL01,34,4.4,Chennai,2026-05-05,16:34:00,Fog,Low,0,Meal,scooter,2,No,3.15,411.31,Cash,Delivered,,37.4
ORD104696,HYDRES34DEL08,25,4.4,Hyderabad,2026-05-05,17:01:00,Windy,Medium,1,Meal,electric_scooter,0,No,1.88,197.31,UPI,Delivered,,26.6
ORD100130,MUMRES34DEL01,27,4.4,Mumbai,2026-05-05,17:59:00,Sunny,Medium,1,Drinks,motorcycle,0,No,4.25,304.83,UPI,Delivered,,27.8
ORD105845,PUNRES36DEL02,35,4.2,Pune,2026-05-05,18:11:00,Cloudy,Medium,1,Drinks,motorcycle,0,No,1.6,397.46,UPI,Delivered,,26.7
ORD102780,BENRES18DEL08,28,4.4,Bengaluru,2026-05-05,18:41:00,Fog,Low,3,Meal,electric_scooter,1,No,1.86,290.88,UPI,Delivered,,31.7
ORD104416,KOLRES38DEL07,26,4.6,Kolkata,2026-05-05,18:46:00,Cloudy,Medium,0,Meal,motorcycle,0,No,1.94,257.74,UPI,Delivered,,28.6
ORD100142,DELRES24DEL08,26,4.7,Delhi,2026-05-05,18:56:00,Cloudy,Low,1,Snack,scooter,1,No,20.3,184.61,Cash,Delivered,,54.7
ORD104912,PUNRES07DEL02,19,4.3,Pune,2026-05-05,19:05:00,Fog,High,3,Snack,motorcycle,1,No,9.02,239.08,UPI,Delivered,,51.7
ORD103514,HYDRES01DEL06,21,4.4,Hyderabad,2026-05-05,19:07:00,Sandstorms,High,1,Buffet,scooter,0,No,12.58,151.92,Cash,Delivered,,59.9
ORD100504,BENRES15DEL03,28,4.1,Bengaluru,2026-05-05,19:18:00,Sunny,Jam,0,Meal,motorcycle,0,No,1.85,415.64,UPI,Cancelled,Restaurant Delay,
ORD101364,PUNRES15DEL07,25,4.4,Pune,2026-05-05,19:31:00,Sunny,Medium,2,Buffet,scooter,2,No,1.0,196.88,Card,Delivered,,33.2
ORD102573,BENRES38DEL02,20,4.4,Bengaluru,2026-05-05,19:32:00,Sunny,High,1,Meal,motorcycle,0,No,6.3,370.77,UPI,Cancelled,Traffic Delay,
ORD102190,MUMRES27DEL06,26,4.4,Mumbai,2026-05-05,19:35:00,Windy,Low,3,Meal,motorcycle,1,No,7.02,506.53,UPI,Delivered,,30.5
ORD105106,DELRES39DEL05,29,4.1,Delhi,2026-05-05,19:44:00,Sunny,Low,2,Buffet,electric_scooter,2,No,11.59,317.85,Card,Delivered,,47.3
ORD102563,MUMRES08DEL08,18,4.2,Mumbai,2026-05-05,19:47:00,Sunny,Low,2,Drinks,motorcycle,0,No,1.18,320.09,UPI,Delivered,,12.9
ORD103415,HYDRES08DEL01,33,4.0,Hyderabad,2026-05-05,19:56:00,Sunny,Medium,0,Drinks,motorcycle,0,No,2.47,426.49,Cash,Delivered,,22.1
ORD102477,PUNRES15DEL02,27,4.5,Pune,2026-05-05,20:56:00,Sunny,High,3,Buffet,motorcycle,3,No,9.1,194.33,UPI,Delivered,,51.2
ORD100047,CHERES12DEL05,18,4.4,Chennai,2026-05-05,21:50:00,Sunny,Low,2,Snack,motorcycle,1,No,1.1,186.82,Cash,Delivered,,25.6
ORD102483,MUMRES20DEL04,30,4.2,Mumbai,2026-05-05,21:57:00,Cloudy,Jam,2,Snack,bicycle,0,No,0.97,223.9,UPI,Delivered,,35.1
ORD104781,KOLRES21DEL04,28,3.8,Kolkata,2026-05-05,23:08:00,Sunny,Medium,0,Meal,motorcycle,0,No,3.64,185.97,Card,Delivered,,32.3
ORD102270,BENRES11DEL04,23,4.9,Bengaluru,2026-05-06,02:55:00,Stormy,Medium,1,Drinks,scooter,2,No,2.76,212.89,Card,Cancelled,Traffic Delay,
ORD102790,HYDRES03DEL08,24,3.9,Hyderabad,2026-05-06,07:33:00,Sunny,High,2,Meal,motorcycle,0,No,2.38,830.85,UPI,Delivered,,35.1
ORD100458,PUNRES06DEL06,41,4.5,Pune,2026-05-06,07:41:00,Cloudy,Medium,1,Meal,scooter,1,No,1.5,144.11,UPI,Delivered,,28.5
ORD103674,BENRES35DEL06,19,4.3,Bengaluru,2026-05-06,07:47:00,Cloudy,Low,1,Buffet,motorcycle,1,No,5.68,254.59,UPI,Delivered,,32.1
ORD103582,MUMRES36DEL04,22,4.4,Mumbai,2026-05-06,07:51:00,Fog,Medium,0,Meal,bicycle,0,No,5.92,261.65,UPI,Delivered,,43.8
ORD100215,HYDRES07DEL06,29,3.8,Hyderabad,2026-05-06,08:04:00,Cloudy,Low,0,Drinks,motorcycle,1,No,4.65,255.35,UPI,Delivered,,27.8
ORD100174,DELRES35DEL03,35,4.1,Delhi,2026-05-06,09:23:00,Cloudy,Medium,0,Meal,bicycle,0,No,5.95,197.01,UPI,Delivered,,32.6
ORD101873,PUNRES42DEL04,29,4.4,Pune,2026-05-06,10:20:00,Cloudy,High,0,Buffet,electric_scooter,0,No,11.81,323.93,Card,Delivered,,47.7
ORD102755,PUNRES30DEL02,34,4.8,Pune,2026-05-06,10:53:00,Cloudy,Medium,2,Snack,electric_scooter,3,No,5.73,180.86,Cash,Delivered,,47.4
ORD102799,MUMRES34DEL06,25,4.1,Mumbai,2026-05-06,11:16:00,Stormy,Low,3,Meal,motorcycle,0,No,3.46,357.04,Card,Delivered,,34.3
ORD105376,BENRES06DEL06,20,4.5,Bengaluru,2026-05-06,11:48:00,Sunny,Jam,1,Snack,scooter,1,No,1.97,80.0,Wallet,Delivered,,38.5
ORD102152,DELRES24DEL03,32,4.3,Delhi,2026-05-06,11:49:00,Sunny,Medium,0,Drinks,bicycle,1,No,3.85,247.74,UPI,Cancelled,Weather Disruption,
ORD100353,PUNRES18DEL01,30,4.4,Pune,2026-05-06,11:55:00,Sunny,Low,0,Snack,motorcycle,1,No,4.39,609.97,Cash,Delivered,,25.1
ORD105085,MUMRES10DEL05,18,4.4,Mumbai,2026-05-06,12:00:00,Stormy,Medium,3,Meal,motorcycle,0,No,1.91,287.5,UPI,Delivered,,36.5
ORD104216,KOLRES05DEL07,36,4.6,Kolkata,2026-05-06,12:07:00,Cloudy,Medium,1,Drinks,electric_scooter,0,No,4.77,646.97,Wallet,Delivered,,34.6
ORD103369,DELRES38DEL01,21,4.6,Delhi,2026-05-06,12:28:00,Sandstorms,Medium,0,Snack,motorcycle,1,No,20.67,293.08,UPI,Delivered,,70.4
ORD100621,MUMRES32DEL07,33,3.9,Mumbai,2026-05-06,12:30:00,Fog,High,3,Buffet,bicycle,1,No,2.71,241.34,Cash,Delivered,,45.4
ORD101095,CHERES07DEL01,18,4.1,Chennai,2026-05-06,12:43:00,Cloudy,Low,1,Buffet,motorcycle,0,No,1.06,525.31,UPI,Delivered,,23.8
ORD101304,MUMRES36DEL06,35,4.6,Mumbai,2026-05-06,12:48:00,Stormy,High,1,Buffet,scooter,0,No,25.0,191.33,UPI,Delivered,,79.6
ORD102795,BENRES05DEL06,19,4.1,Bengaluru,2026-05-06,12:50:00,Sandstorms,Medium,3,Snack,motorcycle,1,No,4.6,422.99,UPI,Delivered,,45.5
ORD103878,HYDRES15DEL01,24,4.0,Hyderabad,2026-05-06,12:58:00,Stormy,Medium,0,Snack,scooter,0,No,21.29,736.91,UPI,Delivered,,64.1
ORD105328,HYDRES24DEL02,27,4.6,Hyderabad,2026-05-06,13:33:00,Windy,Medium,1,Snack,electric_scooter,0,No,3.24,129.88,Cash,Delivered,,25.5
ORD105227,DELRES22DEL07,32,4.2,Delhi,2026-05-06,13:36:00,Sunny,High,3,Drinks,scooter,0,No,6.4,564.55,Wallet,Delivered,,40.2
ORD105094,BENRES38DEL03,23,4.6,Bengaluru,2026-05-06,15:15:00,Cloudy,Jam,0,Meal,scooter,0,No,2.23,209.84,UPI,Cancelled,Weather Disruption,
ORD100957,DELRES07DEL06,26,4.6,Delhi,2026-05-06,16:11:00,Stormy,Low,3,Buffet,scooter,0,No,4.06,299.78,UPI,Delivered,,35.5
ORD104777,BENRES43DEL06,25,4.2,Bengaluru,2026-05-06,16:37:00,Sandstorms,Low,0,Meal,motorcycle,1,No,3.29,174.82,UPI,Delivered,,39.1
ORD100303,MUMRES11DEL02,27,4.6,Mumbai,2026-05-06,16:52:00,Sunny,Low,1,Snack,motorcycle,0,No,1.59,688.6,UPI,Delivered,,15.9
ORD100254,CHERES08DEL06,26,4.1,Chennai,2026-05-06,17:05:00,Sandstorms,High,0,Drinks,motorcycle,0,No,0.96,162.7,Cash,Delivered,,38.9
ORD100553,HYDRES43DEL04,28,4.0,Hyderabad,2026-05-06,17:08:00,Sunny,High,3,Buffet,motorcycle,0,No,6.96,357.96,Wallet,Delivered,,37.5
ORD103116,BENRES12DEL07,32,4.7,Bengaluru,2026-05-06,17:12:00,Cloudy,High,1,Drinks,motorcycle,1,No,7.59,255.38,UPI,Delivered,,41.9
ORD104943,MUMRES20DEL03,23,4.8,Mumbai,2026-05-06,17:46:00,Sandstorms,Medium,2,Drinks,scooter,0,No,3.52,586.43,Cash,Delivered,,35.0
ORD104621,BENRES21DEL06,21,5.0,Bengaluru,2026-05-06,18:04:00,Fog,Medium,0,Meal,motorcycle,1,No,5.44,510.96,Wallet,Delivered,,43.0
ORD101986,BENRES05DEL06,25,4.2,Bengaluru,2026-05-06,18:05:00,Sunny,Low,3,Snack,motorcycle,2,No,10.26,311.7,Cash,Delivered,,48.2
ORD102814,BENRES34DEL02,28,4.7,Bengaluru,2026-05-06,18:11:00,Sunny,High,2,Meal,motorcycle,1,No,1.24,320.09,UPI,Delivered,,34.2
ORD102779,KOLRES18DEL05,26,4.1,Kolkata,2026-05-06,18:27:00,Windy,Jam,2,Snack,electric_scooter,2,No,1.23,271.03,Cash,Delivered,,50.1
ORD101101,BENRES08DEL03,28,4.0,Bengaluru,2026-05-06,18:37:00,Sunny,Medium,1,Drinks,motorcycle,0,No,5.22,179.32,Cash,Delivered,,32.8
ORD100912,DELRES11DEL04,29,4.4,Delhi,2026-05-06,19:04:00,Fog,High,1,Snack,scooter,1,No,4.78,196.39,UPI,Cancelled,Restaurant Delay,
ORD104276,DELRES13DEL04,21,4.3,Delhi,2026-05-06,19:06:00,Stormy,High,2,Snack,electric_scooter,0,No,2.23,319.72,Cash,Cancelled,Weather Disruption,
ORD103609,HYDRES41DEL06,35,4.1,Hyderabad,2026-05-06,19:20:00,Stormy,Medium,2,Snack,motorcycle,1,No,1.5,410.71,Card,Delivered,,40.1
ORD105812,DELRES39DEL03,30,3.8,Delhi,2026-05-06,19:22:00,Cloudy,Medium,0,Buffet,electric_scooter,3,No,4.97,408.12,Cash,Delivered,,43.8
ORD105265,DELRES09DEL06,28,3.9,Delhi,2026-05-06,19:32:00,Stormy,High,2,Meal,electric_scooter,3,No,1.46,320.07,UPI,Cancelled,Traffic Delay,
ORD101866,KOLRES35DEL08,26,4.0,Kolkata,2026-05-06,19:56:00,Fog,Medium,2,Meal,electric_scooter,1,No,1.84,413.87,UPI,Delivered,,44.8
ORD102424,KOLRES20DEL06,35,4.4,Kolkata,2026-05-06,20:00:00,Cloudy,Medium,2,Buffet,motorcycle,0,No,3.82,440.64,UPI,Delivered,,31.8
ORD101161,KOLRES02DEL01,23,3.5,Kolkata,2026-05-06,20:04:00,Cloudy,Low,3,Buffet,motorcycle,1,No,4.19,219.39,UPI,Delivered,,24.8
ORD103292,KOLRES33DEL05,23,4.8,Kolkata,2026-05-06,20:18:00,Sunny,Medium,1,Snack,electric_scooter,0,No,8.65,156.46,Cash,Delivered,,39.0
ORD104874,BENRES08DEL06,29,3.9,Bengaluru,2026-05-06,20:22:00,Sunny,High,2,Drinks,motorcycle,1,No,3.55,359.48,Card,Delivered,,42.5
ORD105398,DELRES15DEL07,38,4.6,Delhi,2026-05-06,20:22:00,Cloudy,High,1,Buffet,electric_scooter,2,No,12.21,422.84,UPI,Delivered,,54.9
ORD103957,MUMRES44DEL05,22,4.9,Mumbai,2026-05-06,20:30:00,Stormy,Low,2,Snack,motorcycle,1,No,1.28,246.23,UPI,Delivered,,39.1
ORD102945,BENRES21DEL06,29,4.6,Bengaluru,2026-05-06,20:37:00,Cloudy,Low,3,Snack,scooter,2,No,3.33,427.23,UPI,Delivered,,37.1
ORD105649,BENRES11DEL06,21,4.0,Bengaluru,2026-05-06,20:41:00,Sunny,Medium,3,Drinks,motorcycle,0,No,3.6,151.58,UPI,Delivered,,31.4
ORD100082,PUNRES20DEL07,18,4.4,Pune,2026-05-06,20:43:00,Sandstorms,High,1,Buffet,motorcycle,0,No,2.45,205.81,UPI,Cancelled,Customer Cancelled,
ORD102349,BENRES39DEL05,40,4.3,Bengaluru,2026-05-06,20:48:00,Windy,Medium,2,Drinks,electric_scooter,1,No,3.14,303.86,UPI,Delivered,,33.8
ORD102859,BENRES24DEL02,28,5.0,Bengaluru,2026-05-06,20:48:00,Sunny,Medium,1,Meal,scooter,0,No,6.74,365.92,UPI,Delivered,,28.0
ORD101303,MUMRES32DEL05,31,4.1,Mumbai,2026-05-06,20:51:00,Sunny,Medium,0,Drinks,motorcycle,1,No,2.61,469.06,UPI,Delivered,,31.6
ORD102842,KOLRES01DEL03,34,3.9,Kolkata,2026-05-06,20:51:00,Stormy,High,0,Meal,electric_scooter,0,No,3.34,376.94,UPI,Delivered,,34.6
ORD104679,MUMRES41DEL04,28,4.2,Mumbai,2026-05-06,21:11:00,Sunny,Medium,3,Meal,motorcycle,2,No,6.81,591.3,Cash,Delivered,,35.0
ORD101011,PUNRES28DEL08,37,3.9,Pune,2026-05-06,21:17:00,Cloudy,Low,0,Snack,motorcycle,0,No,3.02,292.9,UPI,Delivered,,23.8
ORD101344,BENRES09DEL08,23,5.0,Bengaluru,2026-05-06,21:18:00,Sandstorms,Medium,0,Drinks,motorcycle,1,No,1.91,285.91,UPI,Delivered,,38.4
ORD103638,DELRES05DEL02,24,3.9,Delhi,2026-05-06,21:25:00,Stormy,Low,0,Drinks,motorcycle,2,No,9.33,186.99,Cash,Cancelled,Traffic Delay,
ORD100675,DELRES36DEL05,33,4.9,Delhi,2026-05-06,21:31:00,Sunny,Low,1,Drinks,motorcycle,1,No,4.95,218.88,Cash,Delivered,,32.0
ORD100642,PUNRES25DEL02,20,4.6,Pune,2026-05-06,21:36:00,Windy,Low,3,Drinks,bicycle,1,No,2.2,599.05,Cash,Delivered,,31.8
ORD105357,DELRES26DEL01,25,4.1,Delhi,2026-05-06,23:29:00,Sunny,Low,2,Meal,motorcycle,0,No,7.58,233.47,UPI,Delivered,,30.6
ORD103823,KOLRES16DEL04,35,4.6,Kolkata,2026-05-06,23:51:00,Sandstorms,Low,3,Drinks,motorcycle,1,No,2.99,145.27,Card,Delivered,,34.4
ORD105618,BENRES04DEL07,29,4.5,Bengaluru,2026-05-07,00:36:00,Sunny,High,1,Buffet,motorcycle,0,No,14.79,459.95,UPI,Delivered,,57.3
ORD100849,DELRES37DEL06,27,4.2,Delhi,2026-05-07,06:25:00,Sunny,Low,0,Snack,motorcycle,1,No,4.3,258.58,UPI,Delivered,,25.6
ORD104990,CHERES24DEL02,19,4.5,Chennai,2026-05-07,07:02:00,Windy,High,3,Snack,electric_scooter,0,No,2.93,288.88,UPI,Delivered,,31.0
ORD101623,DELRES23DEL07,28,4.6,Delhi,2026-05-07,08:00:00,Fog,Medium,2,Drinks,motorcycle,0,No,5.65,280.71,Cash,Delivered,,37.6
ORD100284,BENRES31DEL04,36,4.5,Bengaluru,2026-05-07,09:06:00,Fog,Medium,1,Buffet,motorcycle,2,No,2.1,321.19,Cash,Delivered,,39.2
ORD104508,DELRES39DEL08,35,4.7,Delhi,2026-05-07,09:19:00,Stormy,Low,3,Drinks,motorcycle,1,No,6.09,570.95,Card,Delivered,,48.0
ORD104299,KOLRES08DEL02,25,4.2,Kolkata,2026-05-07,09:42:00,Sunny,Medium,1,Buffet,electric_scooter,1,No,2.1,278.79,Card,Delivered,,30.7
ORD100456,CHERES36DEL04,28,5.0,Chennai,2026-05-07,10:24:00,Sandstorms,Medium,2,Drinks,scooter,0,No,5.85,432.5,UPI,Delivered,,42.0
ORD102815,BENRES21DEL08,24,4.6,Bengaluru,2026-05-07,11:33:00,Fog,Medium,0,Snack,motorcycle,0,No,18.86,432.73,UPI,Delivered,,56.5
ORD102274,MUMRES27DEL06,30,3.5,Mumbai,2026-05-07,12:01:00,Sunny,Jam,3,Drinks,motorcycle,0,No,1.54,448.26,UPI,Delivered,,34.0
ORD101418,CHERES40DEL05,39,4.6,Chennai,2026-05-07,12:27:00,Windy,Low,2,Meal,scooter,0,No,4.56,260.59,UPI,Delivered,,35.8
ORD104964,PUNRES07DEL05,31,3.6,Pune,2026-05-07,12:37:00,Sunny,Medium,3,Buffet,motorcycle,1,No,2.42,281.03,UPI,Delivered,,29.7
ORD105529,MUMRES36DEL02,31,5.0,Mumbai,2026-05-07,12:41:00,Sunny,High,1,Drinks,motorcycle,0,No,2.6,391.21,Cash,Delivered,,27.4
ORD104745,DELRES42DEL03,31,4.5,Delhi,2026-05-07,12:44:00,Sunny,Low,2,Snack,electric_scooter,0,No,5.44,246.32,Cash,Delivered,,24.3
ORD101878,CHERES34DEL04,34,4.4,Chennai,2026-05-07,12:46:00,Cloudy,Medium,1,Buffet,scooter,0,No,2.16,456.64,UPI,Delivered,,23.8
ORD100053,BENRES17DEL05,27,4.8,Bengaluru,2026-05-07,12:50:00,Windy,Medium,2,Snack,motorcycle,1,No,13.61,350.97,UPI,Delivered,,55.8
ORD104087,CHERES19DEL06,34,3.6,Chennai,2026-05-07,12:55:00,Cloudy,Low,1,Buffet,scooter,0,No,2.13,255.43,UPI,Delivered,,22.5
ORD103335,KOLRES27DEL08,28,3.8,Kolkata,2026-05-07,13:00:00,Sunny,Medium,0,Snack,motorcycle,1,No,3.2,284.62,Card,Delivered,,33.2
ORD104921,DELRES15DEL02,36,3.9,Delhi,2026-05-07,13:02:00,Sunny,High,3,Snack,motorcycle,0,No,3.77,212.63,UPI,Delivered,,32.1
ORD105570,HYDRES07DEL03,33,4.3,Hyderabad,2026-05-07,13:23:00,Sunny,Jam,1,Meal,motorcycle,1,No,5.29,293.23,UPI,Delivered,,46.3
ORD101715,CHERES19DEL02,33,4.1,Chennai,2026-05-07,13:24:00,Sunny,Medium,1,Meal,scooter,2,No,17.99,287.52,Wallet,Delivered,,59.2
ORD105978,MUMRES12DEL07,29,4.4,Mumbai,2026-05-07,13:48:00,Windy,High,2,Drinks,scooter,0,No,22.97,279.27,Wallet,Delivered,,67.2
ORD105890,DELRES40DEL07,27,4.1,Delhi,2026-05-07,14:04:00,Windy,Medium,3,Snack,electric_scooter,1,No,4.49,367.78,UPI,Delivered,,33.2
ORD105722,BENRES10DEL06,35,4.4,Bengaluru,2026-05-07,14:11:00,Windy,High,1,Snack,scooter,0,No,0.83,412.23,UPI,Cancelled,Restaurant Delay,
ORD105321,KOLRES06DEL06,25,4.4,Kolkata,2026-05-07,14:50:00,Windy,Low,1,Buffet,motorcycle,1,No,4.88,413.78,Cash,Delivered,,29.2
ORD100676,DELRES11DEL08,27,5.0,Delhi,2026-05-07,15:14:00,Windy,Medium,1,Buffet,electric_scooter,0,No,1.58,321.52,Wallet,Delivered,,24.7
ORD105851,KOLRES40DEL08,32,4.1,Kolkata,2026-05-07,15:37:00,Windy,Low,3,Drinks,motorcycle,0,No,1.24,299.1,UPI,Delivered,,26.2
ORD103002,BENRES36DEL02,29,4.8,Bengaluru,2026-05-07,16:00:00,Sunny,Jam,1,Meal,electric_scooter,1,No,2.82,297.28,UPI,Cancelled,Traffic Delay,
ORD102221,BENRES36DEL04,29,4.0,Bengaluru,2026-05-07,16:04:00,Fog,Low,3,Meal,electric_scooter,1,No,3.57,538.99,Cash,Delivered,,39.4
ORD100065,DELRES19DEL06,38,4.6,Delhi,2026-05-07,16:10:00,Fog,Medium,3,Meal,bicycle,3,No,2.56,385.79,UPI,Delivered,,48.0
ORD105957,DELRES16DEL04,36,4.3,Delhi,2026-05-07,16:27:00,Windy,High,3,Snack,motorcycle,1,No,9.12,476.35,UPI,Delivered,,49.9
ORD102891,MUMRES12DEL07,24,4.8,Mumbai,2026-05-07,17:30:00,Sunny,Low,1,Meal,motorcycle,0,No,2.41,564.53,UPI,Delivered,,20.7
ORD105937,BENRES15DEL03,34,4.7,Bengaluru,2026-05-07,17:35:00,Stormy,Low,3,Drinks,bicycle,0,No,1.65,453.55,UPI,Cancelled,Weather Disruption,
ORD103228,HYDRES15DEL01,30,3.8,Hyderabad,2026-05-07,17:46:00,Sunny,Low,3,Snack,motorcycle,3,No,1.6,359.69,UPI,Delivered,,33.8
ORD103924,BENRES30DEL05,26,4.4,Bengaluru,2026-05-07,17:58:00,Cloudy,Jam,1,Snack,electric_scooter,1,No,5.74,242.0,UPI,Cancelled,Restaurant Delay,
ORD104851,KOLRES27DEL08,24,4.5,Kolkata,2026-05-07,18:11:00,Sunny,Jam,3,Meal,motorcycle,0,No,2.96,108.93,Wallet,Cancelled,Weather Disruption,
ORD100488,KOLRES32DEL02,24,4.1,Kolkata,2026-05-07,18:13:00,Sunny,High,1,Drinks,motorcycle,0,No,2.8,204.64,UPI,Delivered,,37.9
ORD104793,PUNRES28DEL06,30,4.6,Pune,2026-05-07,18:25:00,Cloudy,Medium,3,Drinks,scooter,0,No,7.95,491.05,UPI,Delivered,,29.9
ORD101079,MUMRES23DEL04,28,4.6,Mumbai,2026-05-07,18:29:00,Windy,High,0,Meal,scooter,0,No,9.41,487.84,Cash,Delivered,,44.5
ORD102566,CHERES41DEL04,19,3.9,Chennai,2026-05-07,18:36:00,Sandstorms,Medium,2,Snack,bicycle,1,No,6.46,270.55,UPI,Delivered,,48.0
ORD104986,MUMRES42DEL08,32,4.6,Mumbai,2026-05-07,18:50:00,Sunny,Medium,0,Snack,motorcycle,0,No,1.1,329.32,UPI,Delivered,,27.4
ORD105499,MUMRES31DEL06,33,4.1,Mumbai,2026-05-07,19:04:00,Stormy,Low,0,Snack,motorcycle,0,No,3.72,255.72,Card,Delivered,,30.3
ORD101678,BENRES17DEL01,26,4.3,Bengaluru,2026-05-07,19:15:00,Sunny,Low,2,Snack,motorcycle,0,No,3.14,298.95,Wallet,Delivered,,17.8
ORD101273,BENRES12DEL02,39,4.7,Bengaluru,2026-05-07,19:17:00,Cloudy,Low,0,Drinks,motorcycle,0,No,16.4,159.01,UPI,Delivered,,49.4
ORD101949,BENRES41DEL06,21,4.1,Bengaluru,2026-05-07,19:20:00,Sunny,Low,3,Drinks,motorcycle,0,No,8.09,169.91,UPI,Delivered,,28.3
ORD103503,DELRES16DEL03,18,4.4,Delhi,2026-05-07,19:28:00,Stormy,Medium,1,Buffet,motorcycle,0,No,6.28,839.65,Cash,Delivered,,39.2
ORD102370,HYDRES32DEL03,25,4.4,Hyderabad,2026-05-07,20:04:00,Fog,High,1,Snack,motorcycle,1,No,6.7,450.52,Card,Delivered,,51.7
ORD104111,HYDRES19DEL02,29,4.4,Hyderabad,2026-05-07,20:07:00,Sunny,Medium,2,Buffet,motorcycle,0,No,3.26,110.72,UPI,Delivered,,31.1
ORD103534,CHERES27DEL06,33,4.0,Chennai,2026-05-07,20:16:00,Windy,Medium,2,Buffet,motorcycle,2,No,0.81,396.92,Cash,Delivered,,33.1
ORD102980,MUMRES08DEL01,27,4.8,Mumbai,2026-05-07,20:17:00,Sunny,Low,3,Snack,motorcycle,1,No,6.95,200.76,UPI,Delivered,,31.1
ORD102419,CHERES39DEL08,27,4.9,Chennai,2026-05-07,20:26:00,Sunny,Jam,3,Meal,scooter,0,No,6.62,498.72,Card,Delivered,,45.1
ORD100588,BENRES08DEL05,31,4.3,Bengaluru,2026-05-07,20:43:00,Fog,High,2,Snack,motorcycle,1,No,3.98,113.41,UPI,Cancelled,Customer Cancelled,
ORD103975,HYDRES29DEL02,32,4.2,Hyderabad,2026-05-07,20:45:00,Fog,Low,1,Drinks,scooter,1,No,11.31,262.85,Cash,Delivered,,43.7
ORD104052,BENRES32DEL01,24,4.1,Bengaluru,2026-05-07,20:51:00,Sunny,Jam,2,Snack,motorcycle,0,No,1.87,247.05,UPI,Delivered,,35.3
ORD100092,MUMRES12DEL04,20,4.2,Mumbai,2026-05-07,20:58:00,Sunny,Low,0,Drinks,bicycle,0,No,2.35,239.16,UPI,Delivered,,17.7
ORD104149,HYDRES41DEL04,20,4.4,Hyderabad,2026-05-07,20:59:00,Cloudy,Medium,1,Drinks,electric_scooter,0,No,3.01,226.56,UPI,Delivered,,31.2
ORD100440,MUMRES14DEL01,26,4.6,Mumbai,2026-05-07,21:01:00,Cloudy,Low,0,Snack,motorcycle,0,No,1.85,135.56,Card,Delivered,,19.4
ORD101048,MUMRES05DEL06,25,4.5,Mumbai,2026-05-07,21:30:00,Sunny,High,2,Meal,motorcycle,1,No,5.63,141.25,Card,Delivered,,40.8
ORD100603,BENRES18DEL03,22,4.3,Bengaluru,2026-05-07,22:02:00,Sunny,Jam,2,Drinks,electric_scooter,3,No,0.9,138.06,UPI,Delivered,,57.0
ORD104395,DELRES43DEL02,36,4.2,Delhi,2026-05-07,22:18:00,Cloudy,Medium,0,Buffet,motorcycle,0,No,9.5,384.57,UPI,Delivered,,41.0
ORD105304,MUMRES38DEL06,22,4.9,Mumbai,2026-05-07,22:38:00,Windy,Medium,2,Meal,scooter,1,No,1.64,560.94,Cash,Delivered,,33.0
ORD101089,KOLRES30DEL08,29,4.2,Kolkata,2026-05-07,22:50:00,Fog,Low,2,Buffet,bicycle,1,No,4.22,310.13,UPI,Delivered,,29.3
ORD101423,DELRES21DEL01,34,4.5,Delhi,2026-05-07,23:17:00,Fog,Low,1,Drinks,scooter,0,No,1.48,374.75,UPI,Cancelled,Weather Disruption,
ORD104291,MUMRES20DEL05,37,4.8,Mumbai,2026-05-08,02:52:00,Cloudy,Jam,3,Buffet,motorcycle,0,No,3.12,284.4,UPI,Delivered,,39.5
ORD104592,MUMRES20DEL03,37,4.4,Mumbai,2026-05-08,04:44:00,Sunny,High,0,Meal,motorcycle,1,No,5.75,275.29,Card,Delivered,,38.5
ORD100222,BENRES32DEL06,46,4.3,Bengaluru,2026-05-08,06:32:00,Cloudy,Medium,1,Buffet,motorcycle,1,No,4.32,205.69,Cash,Delivered,,31.8
ORD102498,PUNRES40DEL05,28,4.2,Pune,2026-05-08,09:25:00,Sunny,Low,1,Snack,bicycle,0,No,3.46,308.79,UPI,Delivered,,23.9
ORD103028,DELRES06DEL03,32,4.1,Delhi,2026-05-08,10:12:00,Sunny,High,0,Buffet,motorcycle,2,No,1.32,457.97,Cash,Delivered,,37.9
ORD104833,PUNRES26DEL04,24,4.6,Pune,2026-05-08,10:14:00,Windy,Medium,3,Buffet,motorcycle,1,No,0.83,762.38,Wallet,Delivered,,30.2
ORD105539,PUNRES12DEL08,40,4.8,Pune,2026-05-08,10:39:00,Sandstorms,Jam,3,Drinks,scooter,1,No,4.25,293.47,UPI,Delivered,,47.2
ORD100886,BENRES04DEL07,35,4.2,Bengaluru,2026-05-08,11:14:00,Cloudy,High,3,Drinks,scooter,1,No,3.22,199.47,Wallet,Delivered,,35.8
ORD105765,BENRES28DEL07,30,4.5,Bengaluru,2026-05-08,11:43:00,Sunny,Medium,2,Drinks,electric_scooter,0,No,8.9,209.29,UPI,Delivered,,34.7
ORD105145,DELRES34DEL07,28,4.7,Delhi,2026-05-08,12:08:00,Cloudy,Jam,3,Meal,scooter,0,No,4.2,392.87,Card,Delivered,,44.5
ORD103593,PUNRES39DEL07,40,4.4,Pune,2026-05-08,12:22:00,Cloudy,Medium,2,Snack,motorcycle,2,No,3.65,232.75,Cash,Delivered,,36.6
ORD103753,BENRES11DEL04,25,4.6,Bengaluru,2026-05-08,12:38:00,Stormy,High,0,Snack,motorcycle,1,No,5.73,224.93,UPI,Delivered,,53.5
ORD104740,BENRES10DEL03,22,4.5,Bengaluru,2026-05-08,12:52:00,Sunny,Low,0,Snack,motorcycle,1,No,4.18,164.38,Card,Delivered,,31.3
ORD103329,MUMRES07DEL03,38,4.1,Mumbai,2026-05-08,12:59:00,Sunny,Low,0,Snack,motorcycle,0,No,2.07,643.54,Cash,Delivered,,15.7
ORD103041,KOLRES15DEL06,34,4.1,Kolkata,2026-05-08,14:03:00,Sunny,Low,0,Buffet,electric_scooter,1,No,4.06,438.3,UPI,Delivered,,25.1
ORD102469,DELRES41DEL05,32,4.6,Delhi,2026-05-08,14:17:00,Sunny,Medium,0,Drinks,scooter,1,No,13.78,368.05,UPI,Delivered,,47.0
ORD101765,BENRES35DEL08,24,3.9,Bengaluru,2026-05-08,14:22:00,Cloudy,Jam,0,Snack,bicycle,0,No,0.88,341.8,Wallet,Delivered,,36.4
ORD102890,MUMRES35DEL03,33,4.2,Mumbai,2026-05-08,14:34:00,Windy,Medium,3,Snack,motorcycle,1,No,7.82,114.15,UPI,Delivered,,38.9
ORD101746,BENRES26DEL03,23,5.0,Bengaluru,2026-05-08,14:44:00,Stormy,Low,0,Snack,scooter,0,No,3.11,153.06,UPI,Delivered,,34.8
ORD100417,HYDRES26DEL06,38,4.2,Hyderabad,2026-05-08,16:10:00,Sandstorms,Medium,3,Buffet,scooter,0,No,7.26,159.85,Card,Delivered,,38.4
ORD102705,HYDRES32DEL06,31,4.3,Hyderabad,2026-05-08,16:23:00,Fog,Low,0,Meal,motorcycle,2,No,5.95,355.24,Cash,Delivered,,51.0
ORD103812,PUNRES25DEL07,28,4.5,Pune,2026-05-08,17:03:00,Sunny,Low,2,Drinks,motorcycle,0,No,4.31,673.68,Cash,Delivered,,22.0
ORD105917,MUMRES10DEL06,28,4.6,Mumbai,2026-05-08,17:20:00,Sunny,Jam,3,Meal,motorcycle,0,No,8.32,224.77,UPI,Delivered,,39.5
ORD104630,PUNRES43DEL02,33,3.8,Pune,2026-05-08,17:31:00,Sunny,Medium,2,Buffet,electric_scooter,0,No,1.56,708.02,Card,Delivered,,20.4
ORD104904,KOLRES31DEL08,21,4.7,Kolkata,2026-05-08,17:42:00,Stormy,Low,3,Snack,motorcycle,1,No,1.32,319.18,Cash,Delivered,,33.3
ORD103457,PUNRES03DEL06,22,4.2,Pune,2026-05-08,17:43:00,Fog,High,1,Meal,scooter,0,No,3.73,266.26,Wallet,Delivered,,37.5
ORD102904,KOLRES29DEL04,23,3.9,Kolkata,2026-05-08,18:03:00,Windy,High,3,Drinks,bicycle,2,No,11.81,445.23,Card,Delivered,,55.1
ORD105740,MUMRES37DEL06,33,4.7,Mumbai,2026-05-08,18:06:00,Sunny,Medium,3,Drinks,motorcycle,0,No,6.68,492.26,Wallet,Cancelled,Delivery Partner Unavailable,
ORD103565,CHERES05DEL06,27,4.6,Chennai,2026-05-08,18:20:00,Windy,Medium,0,Snack,motorcycle,2,No,8.29,334.37,UPI,Delivered,,50.9
ORD103363,MUMRES06DEL06,25,4.2,Mumbai,2026-05-08,18:34:00,Sunny,Low,2,Drinks,scooter,0,No,4.47,406.96,UPI,Delivered,,25.6
ORD100542,MUMRES05DEL04,27,4.3,Mumbai,2026-05-08,19:30:00,Sunny,Medium,3,Meal,scooter,0,No,3.5,215.27,UPI,Delivered,,23.4
ORD101413,PUNRES36DEL06,24,4.4,Pune,2026-05-08,19:33:00,Sunny,Medium,2,Snack,motorcycle,1,No,1.24,161.94,UPI,Delivered,,24.9
ORD100200,MUMRES34DEL06,31,4.0,Mumbai,2026-05-08,19:41:00,Sunny,Low,2,Drinks,motorcycle,2,No,6.27,256.71,UPI,Delivered,,35.0
ORD105950,MUMRES08DEL04,23,4.7,Mumbai,2026-05-08,19:42:00,Sandstorms,Medium,0,Meal,scooter,0,No,1.37,419.25,UPI,Delivered,,32.8
ORD103400,HYDRES12DEL03,33,4.2,Hyderabad,2026-05-08,20:00:00,Stormy,Low,1,Meal,bicycle,0,No,14.56,260.69,UPI,Delivered,,56.3
ORD104445,BENRES09DEL02,30,4.2,Bengaluru,2026-05-08,20:00:00,Windy,High,1,Drinks,motorcycle,0,No,14.29,158.21,UPI,Delivered,,47.8
ORD100880,HYDRES09DEL06,30,4.7,Hyderabad,2026-05-08,20:07:00,Fog,Low,1,Buffet,scooter,1,No,0.97,356.04,UPI,Delivered,,35.2
ORD101869,MUMRES42DEL03,22,4.9,Mumbai,2026-05-08,20:09:00,Sunny,Low,0,Meal,electric_scooter,3,No,25.0,389.37,UPI,Cancelled,Customer Cancelled,
ORD103481,BENRES12DEL07,21,4.9,Bengaluru,2026-05-08,20:55:00,Windy,Low,3,Buffet,electric_scooter,1,No,1.9,475.47,UPI,Delivered,,24.2
ORD102500,BENRES35DEL04,33,4.3,Bengaluru,2026-05-08,21:06:00,Windy,Medium,0,Meal,electric_scooter,0,No,15.53,324.3,Cash,Delivered,,46.5
ORD100100,DELRES33DEL07,34,4.2,Delhi,2026-05-08,21:13:00,Sunny,Medium,3,Buffet,motorcycle,1,No,1.86,317.91,UPI,Delivered,,27.8
ORD102029,PUNRES13DEL02,30,5.0,Pune,2026-05-08,21:23:00,Cloudy,Medium,1,Snack,scooter,0,No,5.45,399.67,UPI,Delivered,,20.4
ORD103581,MUMRES32DEL01,24,4.4,Mumbai,2026-05-08,21:27:00,Stormy,High,2,Drinks,scooter,0,No,2.76,252.03,UPI,Delivered,,37.5
ORD105938,DELRES05DEL05,30,4.7,Delhi,2026-05-08,21:35:00,Sunny,Medium,0,Buffet,scooter,0,No,8.41,534.07,UPI,Delivered,,32.8
ORD104800,BENRES25DEL04,32,4.4,Bengaluru,2026-05-08,21:36:00,Stormy,Medium,3,Drinks,motorcycle,1,No,1.87,212.37,Wallet,Delivered,,39.8
ORD100593,MUMRES09DEL04,30,4.5,Mumbai,2026-05-08,21:57:00,Cloudy,Low,3,Buffet,electric_scooter,0,No,2.37,380.75,Card,Delivered,,19.2
ORD103084,KOLRES09DEL06,19,3.9,Kolkata,2026-05-08,22:30:00,Cloudy,Jam,2,Snack,motorcycle,0,No,2.25,588.86,UPI,Delivered,,36.7
ORD105038,MUMRES27DEL02,32,4.0,Mumbai,2026-05-08,22:30:00,Windy,Medium,3,Drinks,motorcycle,0,No,1.86,310.99,UPI,Delivered,,27.7
ORD101507,HYDRES32DEL05,21,4.0,Hyderabad,2026-05-08,22:36:00,Cloudy,Medium,3,Meal,motorcycle,2,No,22.36,216.87,UPI,Delivered,,65.6
ORD102480,CHERES02DEL01,29,4.6,Chennai,2026-05-08,22:53:00,Sunny,High,0,Snack,electric_scooter,1,No,2.29,178.91,Wallet,Delivered,,42.4
ORD102165,KOLRES41DEL07,38,4.5,Kolkata,2026-05-08,23:03:00,Fog,High,3,Drinks,scooter,0,No,2.76,142.78,Cash,Cancelled,Weather Disruption,
ORD101652,KOLRES37DEL08,22,5.0,Kolkata,2026-05-09,00:19:00,Cloudy,Medium,0,Meal,motorcycle,2,No,1.91,373.37,UPI,Delivered,,35.5
ORD103264,MUMRES44DEL07,37,3.9,Mumbai,2026-05-09,00:27:00,Sandstorms,Low,3,Meal,scooter,0,No,2.31,440.42,Wallet,Delivered,,25.2
ORD100643,DELRES37DEL06,26,4.5,Delhi,2026-05-09,04:57:00,Cloudy,Low,2,Buffet,motorcycle,0,No,6.39,401.5,Wallet,Delivered,,29.8
ORD103104,HYDRES19DEL06,27,4.9,Hyderabad,2026-05-09,08:55:00,Stormy,Medium,1,Snack,motorcycle,0,No,5.82,271.49,Cash,Delivered,,47.1
ORD104159,BENRES28DEL02,36,4.6,Bengaluru,2026-05-09,09:11:00,Windy,High,2,Drinks,motorcycle,0,No,3.7,409.46,Cash,Delivered,,30.5
ORD105609,BENRES16DEL03,24,3.9,Bengaluru,2026-05-09,11:43:00,Sunny,Low,0,Buffet,bicycle,2,No,2.14,236.7,UPI,Cancelled,Traffic Delay,
ORD103740,MUMRES41DEL03,25,4.3,Mumbai,2026-05-09,11:46:00,Sandstorms,Low,1,Drinks,scooter,2,No,4.01,208.59,UPI,Delivered,,37.8
ORD101972,HYDRES19DEL01,35,4.8,Hyderabad,2026-05-09,12:12:00,Sunny,Low,2,Snack,scooter,0,No,21.61,658.77,Cash,Delivered,,56.1
ORD104375,DELRES22DEL07,28,4.5,Delhi,2026-05-09,12:47:00,Fog,Jam,2,Buffet,motorcycle,1,No,5.86,408.82,UPI,Delivered,,58.1
ORD101123,MUMRES05DEL07,35,4.3,Mumbai,2026-05-09,13:15:00,Sunny,Low,1,Drinks,motorcycle,1,No,4.17,205.03,Wallet,Delivered,,27.7
ORD103081,DELRES03DEL08,38,4.4,Delhi,2026-05-09,13:16:00,Cloudy,Medium,3,Drinks,scooter,2,No,0.9,284.88,UPI,Delivered,,32.0
ORD104266,BENRES44DEL04,24,4.8,Bengaluru,2026-05-09,13:44:00,Sunny,Jam,1,Drinks,electric_scooter,0,No,3.0,601.95,UPI,Cancelled,Weather Disruption,
ORD105680,BENRES43DEL06,33,5.0,Bengaluru,2026-05-09,13:48:00,Cloudy,Jam,2,Buffet,motorcycle,3,No,1.03,224.11,Card,Delivered,,56.4
ORD102737,KOLRES25DEL06,33,4.5,Kolkata,2026-05-09,14:02:00,Fog,Jam,2,Drinks,motorcycle,1,No,5.2,199.34,UPI,Delivered,,53.3
ORD100617,DELRES23DEL02,34,4.4,Delhi,2026-05-09,14:24:00,Cloudy,Medium,3,Drinks,scooter,0,No,4.08,135.97,Card,Delivered,,35.1
ORD105756,HYDRES39DEL01,28,4.2,Hyderabad,2026-05-09,14:30:00,Stormy,High,0,Snack,motorcycle,1,No,4.63,232.97,UPI,Delivered,,49.5
ORD103543,PUNRES12DEL07,32,5.0,Pune,2026-05-09,14:39:00,Stormy,High,2,Drinks,motorcycle,1,No,2.93,206.33,UPI,Delivered,,47.1
ORD102167,DELRES43DEL02,40,4.4,Delhi,2026-05-09,15:36:00,Windy,High,2,Meal,scooter,0,No,8.16,183.25,Cash,Delivered,,38.5
ORD102226,CHERES34DEL03,31,4.2,Chennai,2026-05-09,15:50:00,Sunny,Low,2,Snack,motorcycle,2,No,4.5,668.93,Wallet,Delivered,,37.8
ORD100489,BENRES31DEL07,22,4.6,Bengaluru,2026-05-09,16:04:00,Sunny,Low,1,Snack,bicycle,1,No,2.87,218.9,Cash,Delivered,,27.7
ORD103946,BENRES10DEL01,35,4.0,Bengaluru,2026-05-09,17:00:00,Stormy,Medium,1,Drinks,scooter,0,No,1.36,303.32,UPI,Cancelled,Delivery Partner Unavailable,
ORD105264,MUMRES25DEL01,30,4.8,Mumbai,2026-05-09,17:16:00,Cloudy,High,2,Snack,motorcycle,0,No,2.16,80.0,UPI,Delivered,,27.9
ORD104399,BENRES34DEL03,32,4.2,Bengaluru,2026-05-09,17:21:00,Windy,Medium,3,Buffet,motorcycle,0,No,4.87,563.0,UPI,Delivered,,33.1
ORD102233,DELRES14DEL05,25,4.4,Delhi,2026-05-09,17:22:00,Windy,Medium,0,Buffet,scooter,1,No,6.77,381.95,Card,Delivered,,41.5
ORD105221,HYDRES04DEL06,30,4.6,Hyderabad,2026-05-09,17:24:00,Cloudy,High,1,Drinks,electric_scooter,0,No,1.56,137.65,UPI,Delivered,,31.1
ORD102731,DELRES15DEL04,23,3.6,Delhi,2026-05-09,18:06:00,Windy,High,3,Snack,motorcycle,0,No,14.68,226.53,Wallet,Delivered,,52.5
ORD100477,DELRES36DEL07,29,4.2,Delhi,2026-05-09,18:24:00,Cloudy,Low,3,Buffet,motorcycle,0,No,1.23,225.21,UPI,Delivered,,22.5
ORD100931,BENRES28DEL07,26,4.3,Bengaluru,2026-05-09,18:38:00,Cloudy,Low,1,Meal,electric_scooter,0,No,3.05,516.39,Cash,Delivered,,22.7
ORD104599,BENRES31DEL01,21,4.8,Bengaluru,2026-05-09,18:44:00,Sunny,Medium,0,Buffet,motorcycle,0,No,3.34,367.76,UPI,Delivered,,28.0
ORD104830,BENRES27DEL01,18,4.8,Bengaluru,2026-05-09,18:45:00,Stormy,Medium,1,Buffet,motorcycle,2,No,1.45,236.06,Wallet,Delivered,,44.5
ORD100204,DELRES08DEL07,19,4.9,Delhi,2026-05-09,18:50:00,Windy,High,1,Snack,bicycle,2,No,7.77,208.14,Cash,Delivered,,57.2
ORD101105,MUMRES35DEL05,29,4.4,Mumbai,2026-05-09,19:04:00,Windy,High,0,Drinks,scooter,2,No,0.92,177.14,Card,Delivered,,42.3
ORD100872,PUNRES21DEL07,39,5.0,Pune,2026-05-09,19:06:00,Fog,Low,3,Snack,motorcycle,0,No,11.7,192.72,UPI,Delivered,,44.1
ORD101656,HYDRES11DEL02,31,5.0,Hyderabad,2026-05-09,19:28:00,Stormy,Medium,0,Snack,scooter,0,No,7.63,80.43,Cash,Delivered,,50.0
ORD104752,CHERES21DEL02,24,3.9,Chennai,2026-05-09,19:39:00,Sunny,Medium,1,Buffet,motorcycle,1,No,2.13,147.89,UPI,Delivered,,28.1
ORD104218,DELRES04DEL06,40,4.4,Delhi,2026-05-09,20:18:00,Stormy,Jam,0,Meal,motorcycle,0,No,1.81,318.62,Card,Delivered,,40.8
ORD102839,DELRES27DEL01,34,3.7,Delhi,2026-05-09,20:30:00,Sunny,Jam,3,Buffet,scooter,0,No,3.63,341.91,Cash,Delivered,,41.1
ORD105224,HYDRES26DEL04,27,4.4,Hyderabad,2026-05-09,20:35:00,Fog,High,0,Drinks,motorcycle,1,No,2.93,167.41,UPI,Delivered,,43.6
ORD101590,BENRES24DEL05,31,4.9,Bengaluru,2026-05-09,20:43:00,Cloudy,Low,1,Drinks,scooter,1,No,3.39,557.76,UPI,Delivered,,32.3
ORD103551,BENRES35DEL05,29,5.0,Bengaluru,2026-05-09,20:58:00,Cloudy,Medium,1,Drinks,electric_scooter,2,No,1.56,484.01,UPI,Delivered,,30.5
ORD103923,PUNRES35DEL05,38,4.0,Pune,2026-05-09,21:16:00,Fog,Medium,3,Meal,scooter,0,No,2.19,487.01,UPI,Delivered,,35.3
ORD101450,HYDRES37DEL05,35,3.4,Hyderabad,2026-05-09,21:57:00,Cloudy,High,0,Meal,electric_scooter,0,No,3.73,731.86,UPI,Delivered,,42.4
ORD105858,KOLRES06DEL04,40,4.8,Kolkata,2026-05-09,22:41:00,Cloudy,Medium,0,Drinks,scooter,0,No,4.51,238.54,Wallet,Delivered,,29.5
ORD104634,MUMRES39DEL07,27,4.6,Mumbai,2026-05-09,22:58:00,Fog,Low,2,Buffet,motorcycle,3,No,3.92,80.0,UPI,Delivered,,37.4
ORD105876,PUNRES21DEL01,27,4.8,Pune,2026-05-09,22:58:00,Fog,Medium,0,Meal,scooter,2,No,11.56,424.48,Wallet,Delivered,,55.5
ORD100545,MUMRES35DEL02,24,4.2,Mumbai,2026-05-10,05:03:00,Sunny,Low,3,Drinks,motorcycle,1,No,8.44,277.15,Cash,Delivered,,37.8
ORD104300,KOLRES37DEL05,26,4.1,Kolkata,2026-05-10,08:03:00,Sunny,Low,3,Buffet,scooter,1,No,1.38,317.85,UPI,Delivered,,23.3
ORD105941,DELRES21DEL02,26,3.7,Delhi,2026-05-10,08:28:00,Windy,High,3,Buffet,motorcycle,0,No,1.13,475.26,Cash,Delivered,,30.5
ORD104304,BENRES28DEL03,25,4.6,Bengaluru,2026-05-10,08:46:00,Sunny,High,3,Buffet,bicycle,1,No,1.93,248.42,Cash,Delivered,,37.7
ORD105343,BENRES08DEL01,27,4.7,Bengaluru,2026-05-10,09:21:00,Sunny,Medium,1,Drinks,motorcycle,1,No,2.18,258.33,Card,Delivered,,29.7
ORD101360,KOLRES14DEL04,23,3.6,Kolkata,2026-05-10,10:08:00,Cloudy,Low,2,Snack,motorcycle,0,No,8.56,299.67,Cash,Cancelled,Delivery Partner Unavailable,
ORD104457,CHERES34DEL04,23,4.7,Chennai,2026-05-10,11:09:00,Windy,Low,3,Buffet,scooter,1,No,1.0,890.59,Card,Delivered,,24.5
ORD104810,DELRES06DEL07,27,3.7,Delhi,2026-05-10,11:10:00,Sunny,High,1,Drinks,motorcycle,1,No,9.22,172.0,UPI,Delivered,,43.8
ORD102678,CHERES13DEL03,31,4.9,Chennai,2026-05-10,11:13:00,Stormy,Medium,2,Snack,bicycle,1,No,1.7,199.8,UPI,Cancelled,Restaurant Delay,
ORD102501,MUMRES22DEL07,26,4.5,Mumbai,2026-05-10,11:17:00,Sunny,Low,0,Drinks,motorcycle,0,No,7.83,350.15,UPI,Delivered,,33.8
ORD105152,BENRES19DEL08,28,4.6,Bengaluru,2026-05-10,11:28:00,Stormy,Jam,2,Drinks,scooter,0,No,1.82,284.92,Cash,Cancelled,Weather Disruption,
ORD102888,KOLRES29DEL06,26,4.3,Kolkata,2026-05-10,11:54:00,Sandstorms,Medium,1,Drinks,scooter,3,No,10.09,302.98,Wallet,Delivered,,62.1
ORD105373,HYDRES06DEL04,31,4.1,Hyderabad,2026-05-10,12:16:00,Cloudy,Jam,0,Drinks,electric_scooter,0,No,4.28,277.55,UPI,Delivered,,42.5
ORD101539,MUMRES20DEL05,29,4.1,Mumbai,2026-05-10,12:17:00,Cloudy,Medium,0,Snack,motorcycle,2,No,4.68,310.18,UPI,Delivered,,45.4
ORD102664,CHERES11DEL03,29,4.7,Chennai,2026-05-10,12:44:00,Cloudy,High,2,Drinks,scooter,3,No,1.4,227.96,UPI,Delivered,,41.8
ORD105057,MUMRES31DEL03,32,4.4,Mumbai,2026-05-10,12:45:00,Sunny,Low,2,Drinks,electric_scooter,0,No,3.28,228.35,UPI,Delivered,,10.9
ORD102762,KOLRES34DEL04,28,4.4,Kolkata,2026-05-10,12:49:00,Sunny,Medium,3,Snack,scooter,1,No,3.05,195.9,UPI,Delivered,,26.0
ORD102911,CHERES02DEL08,30,4.1,Chennai,2026-05-10,12:51:00,Sunny,High,3,Meal,motorcycle,0,No,14.35,229.78,UPI,Delivered,,51.1
ORD101339,CHERES41DEL06,20,4.1,Chennai,2026-05-10,13:21:00,Windy,High,3,Meal,electric_scooter,1,No,0.89,250.24,Card,Delivered,,37.1
ORD105648,BENRES19DEL01,27,4.3,Bengaluru,2026-05-10,13:40:00,Cloudy,Medium,0,Buffet,motorcycle,0,No,12.29,509.94,UPI,Delivered,,42.9
ORD103655,DELRES09DEL03,20,4.8,Delhi,2026-05-10,14:17:00,Cloudy,Medium,0,Buffet,motorcycle,1,No,5.45,234.83,Wallet,Delivered,,29.7
ORD102504,HYDRES28DEL04,23,3.8,Hyderabad,2026-05-10,14:43:00,Fog,High,1,Snack,bicycle,1,No,6.52,196.99,Card,Delivered,,45.3
ORD102754,BENRES16DEL05,46,4.8,Bengaluru,2026-05-10,14:43:00,Sunny,High,3,Drinks,motorcycle,1,No,3.0,198.52,Cash,Delivered,,32.8
ORD100470,MUMRES06DEL03,28,4.8,Mumbai,2026-05-10,14:51:00,Fog,High,2,Meal,motorcycle,0,No,1.21,405.73,UPI,Delivered,,32.1
ORD103805,BENRES12DEL03,36,4.8,Bengaluru,2026-05-10,15:23:00,Cloudy,Medium,1,Meal,bicycle,1,No,3.95,446.31,Wallet,Delivered,,36.1
ORD100817,HYDRES35DEL05,25,4.2,Hyderabad,2026-05-10,16:35:00,Fog,Low,0,Meal,electric_scooter,1,No,16.59,110.53,Card,Delivered,,55.2
ORD105419,CHERES25DEL01,43,4.5,Chennai,2026-05-10,16:55:00,Cloudy,Low,1,Meal,motorcycle,0,No,8.33,224.91,UPI,Delivered,,34.7
ORD104402,MUMRES29DEL07,31,4.4,Mumbai,2026-05-10,17:13:00,Sunny,Low,3,Snack,motorcycle,0,No,1.29,302.03,UPI,Cancelled,Traffic Delay,
ORD101466,MUMRES33DEL06,35,4.3,Mumbai,2026-05-10,17:21:00,Sunny,Low,3,Drinks,electric_scooter,0,No,2.11,426.82,Wallet,Delivered,,24.8
ORD104627,DELRES12DEL03,27,4.3,Delhi,2026-05-10,17:25:00,Windy,Medium,3,Buffet,motorcycle,0,No,1.93,443.86,Card,Delivered,,27.8
ORD103768,BENRES10DEL07,28,5.0,Bengaluru,2026-05-10,17:54:00,Sunny,High,3,Drinks,scooter,2,No,3.34,286.08,UPI,Delivered,,40.0
ORD105387,MUMRES08DEL03,20,4.5,Mumbai,2026-05-10,19:32:00,Sunny,Medium,3,Snack,motorcycle,0,No,1.81,163.95,Wallet,Delivered,,26.7
ORD102923,CHERES05DEL01,27,5.0,Chennai,2026-05-10,19:35:00,Cloudy,Low,1,Drinks,electric_scooter,0,No,10.16,395.91,Cash,Cancelled,Restaurant Delay,
ORD105320,BENRES36DEL07,24,4.4,Bengaluru,2026-05-10,20:03:00,Cloudy,Medium,0,Meal,motorcycle,0,No,2.23,440.2,Cash,Delivered,,27.7
ORD104406,BENRES25DEL08,31,4.7,Bengaluru,2026-05-10,20:04:00,Cloudy,Medium,3,Drinks,motorcycle,0,No,3.58,80.0,UPI,Delivered,,34.6
ORD104485,PUNRES11DEL07,26,4.6,Pune,2026-05-10,20:51:00,Stormy,Medium,3,Meal,scooter,1,No,4.18,416.39,UPI,Delivered,,44.7
ORD101888,HYDRES18DEL07,29,4.1,Hyderabad,2026-05-10,20:55:00,Sunny,Medium,0,Meal,motorcycle,0,No,7.81,425.27,Wallet,Delivered,,30.1
ORD105716,MUMRES41DEL07,21,4.4,Mumbai,2026-05-10,21:11:00,Cloudy,High,2,Snack,electric_scooter,0,No,2.16,274.95,UPI,Delivered,,32.6
ORD101017,MUMRES03DEL06,20,3.5,Mumbai,2026-05-10,21:58:00,Sunny,Low,0,Buffet,motorcycle,0,No,1.63,662.82,UPI,Delivered,,17.5
ORD103175,BENRES39DEL07,29,4.3,Bengaluru,2026-05-10,22:03:00,Sunny,Medium,2,Buffet,scooter,2,No,2.13,367.54,UPI,Delivered,,33.7
ORD102578,BENRES42DEL07,18,4.6,Bengaluru,2026-05-10,22:17:00,Sunny,Medium,1,Buffet,bicycle,2,No,3.0,156.48,Card,Delivered,,35.6
ORD103993,BENRES12DEL05,21,4.3,Bengaluru,2026-05-10,22:46:00,Sunny,High,0,Buffet,scooter,1,No,16.84,214.9,UPI,Delivered,,60.6
ORD103147,KOLRES28DEL05,28,4.6,Kolkata,2026-05-10,23:18:00,Stormy,High,3,Snack,motorcycle,0,No,6.73,336.09,UPI,Delivered,,48.4
ORD102827,PUNRES19DEL05,26,5.0,Pune,2026-05-10,23:58:00,Cloudy,Low,3,Snack,scooter,0,No,6.11,236.43,Wallet,Delivered,,23.5
ORD102045,HYDRES11DEL08,41,4.0,Hyderabad,2026-05-10,23:59:00,Windy,High,2,Snack,motorcycle,1,No,21.09,721.93,UPI,Delivered,,67.5
ORD102921,KOLRES12DEL01,29,4.4,Kolkata,2026-05-11,00:23:00,Stormy,Medium,3,Meal,motorcycle,0,No,18.58,405.28,UPI,Delivered,,54.6
ORD100250,HYDRES06DEL01,18,4.6,Hyderabad,2026-05-11,01:12:00,Cloudy,Medium,2,Meal,scooter,3,No,2.62,437.78,Cash,Delivered,,40.8
ORD105642,BENRES40DEL06,35,4.3,Bengaluru,2026-05-11,07:35:00,Cloudy,High,0,Meal,scooter,0,No,8.0,256.24,Cash,Delivered,,43.7
ORD100533,BENRES32DEL02,24,4.7,Bengaluru,2026-05-11,07:59:00,Fog,Medium,2,Buffet,motorcycle,0,No,5.73,469.73,UPI,Delivered,,41.9
ORD100601,KOLRES02DEL01,23,4.5,Kolkata,2026-05-11,10:03:00,Sunny,Medium,2,Snack,scooter,0,No,1.66,106.18,Card,Delivered,,30.7
ORD100778,PUNRES39DEL02,32,4.1,Pune,2026-05-11,10:54:00,Sunny,Low,2,Buffet,motorcycle,0,No,11.88,154.27,UPI,Delivered,,35.6
ORD100813,DELRES03DEL07,30,4.4,Delhi,2026-05-11,11:00:00,Windy,Medium,3,Snack,motorcycle,0,No,3.68,424.15,Cash,Cancelled,Traffic Delay,
ORD103248,DELRES27DEL02,38,4.6,Delhi,2026-05-11,11:02:00,Sunny,Jam,0,Meal,motorcycle,1,No,0.93,948.77,UPI,Delivered,,37.1
ORD102452,MUMRES29DEL02,21,4.3,Mumbai,2026-05-11,11:13:00,Sunny,Medium,2,Snack,scooter,1,No,2.74,297.44,Cash,Delivered,,35.6
ORD102002,PUNRES17DEL03,28,4.4,Pune,2026-05-11,11:37:00,Windy,Medium,2,Meal,electric_scooter,0,No,2.67,188.88,UPI,Cancelled,Customer Cancelled,
ORD100819,CHERES44DEL04,35,4.8,Chennai,2026-05-11,12:00:00,Stormy,Medium,3,Meal,motorcycle,2,No,16.45,195.83,Cash,Cancelled,Restaurant Delay,
ORD101274,KOLRES40DEL02,29,4.6,Kolkata,2026-05-11,12:51:00,Windy,Jam,2,Meal,scooter,0,No,6.83,168.26,Cash,Delivered,,50.8
ORD102658,CHERES16DEL04,37,4.5,Chennai,2026-05-11,12:53:00,Cloudy,Medium,1,Meal,motorcycle,0,No,0.85,345.71,UPI,Delivered,,27.7
ORD105571,BENRES12DEL03,29,4.4,Bengaluru,2026-05-11,13:12:00,Sunny,Jam,2,Drinks,scooter,0,No,1.38,455.55,UPI,Delivered,,33.7
ORD100170,CHERES04DEL02,38,4.4,Chennai,2026-05-11,13:42:00,Cloudy,Medium,2,Snack,scooter,1,No,2.7,96.04,UPI,Delivered,,27.2
ORD104896,HYDRES07DEL04,31,4.0,Hyderabad,2026-05-11,13:55:00,Sandstorms,Low,1,Snack,motorcycle,1,No,6.64,325.0,UPI,Delivered,,51.9
ORD105681,HYDRES17DEL04,32,4.7,Hyderabad,2026-05-11,14:05:00,Cloudy,Jam,2,Meal,motorcycle,1,No,3.56,561.53,UPI,Delivered,,44.5
ORD105368,HYDRES17DEL03,31,4.7,Hyderabad,2026-05-11,14:21:00,Sunny,Medium,0,Buffet,electric_scooter,0,No,9.07,261.65,Wallet,Delivered,,37.3
ORD102433,BENRES44DEL02,31,4.8,Bengaluru,2026-05-11,14:58:00,Sunny,Low,1,Buffet,motorcycle,2,No,6.93,89.16,Card,Delivered,,35.6
ORD103844,BENRES18DEL03,34,4.3,Bengaluru,2026-05-11,15:41:00,Sunny,Jam,1,Snack,motorcycle,0,No,10.29,372.53,Cash,Delivered,,53.8
ORD103858,MUMRES28DEL08,21,4.6,Mumbai,2026-05-11,17:00:00,Sunny,Medium,0,Buffet,scooter,2,No,2.04,155.13,Cash,Delivered,,35.7
ORD103491,CHERES21DEL01,38,4.6,Chennai,2026-05-11,17:30:00,Stormy,Medium,3,Snack,scooter,2,No,11.13,288.63,Card,Delivered,,62.4
ORD103881,MUMRES38DEL08,33,4.9,Mumbai,2026-05-11,18:01:00,Cloudy,Low,3,Snack,scooter,0,No,2.3,172.7,Cash,Delivered,,21.9
ORD105404,DELRES23DEL04,22,4.5,Delhi,2026-05-11,18:08:00,Sunny,Low,2,Drinks,motorcycle,3,No,4.31,119.98,UPI,Delivered,,37.7
ORD104741,MUMRES36DEL02,36,3.8,Mumbai,2026-05-11,18:20:00,Cloudy,Medium,1,Snack,motorcycle,0,No,2.4,313.41,UPI,Delivered,,25.1
ORD104773,HYDRES10DEL01,30,4.4,Hyderabad,2026-05-11,18:34:00,Sunny,Low,1,Snack,motorcycle,0,No,1.98,376.91,Card,Delivered,,22.4
ORD103289,HYDRES25DEL07,25,4.8,Hyderabad,2026-05-11,18:43:00,Cloudy,Medium,3,Buffet,motorcycle,1,No,8.73,555.38,UPI,Delivered,,38.5
ORD102171,PUNRES09DEL06,25,4.4,Pune,2026-05-11,18:58:00,Sunny,Low,2,Meal,motorcycle,0,No,2.49,253.55,Card,Delivered,,19.6
ORD102897,MUMRES05DEL03,30,4.4,Mumbai,2026-05-11,19:07:00,Stormy,Low,1,Snack,motorcycle,1,No,25.0,302.8,UPI,Delivered,,73.4
ORD102768,PUNRES02DEL05,19,4.4,Pune,2026-05-11,19:12:00,Sunny,Medium,1,Buffet,motorcycle,1,No,1.57,253.38,UPI,Delivered,,22.2
ORD104362,HYDRES16DEL01,22,5.0,Hyderabad,2026-05-11,19:15:00,Sunny,Jam,3,Drinks,scooter,0,No,2.26,246.87,UPI,Delivered,,39.4
ORD103150,MUMRES05DEL08,31,4.7,Mumbai,2026-05-11,19:35:00,Sandstorms,Low,0,Snack,scooter,1,No,3.8,349.02,UPI,Delivered,,44.9
ORD105303,KOLRES17DEL03,33,4.6,Kolkata,2026-05-11,19:53:00,Stormy,Medium,3,Snack,motorcycle,0,No,16.49,257.34,UPI,Delivered,,57.3
ORD100379,PUNRES07DEL06,32,4.1,Pune,2026-05-11,20:00:00,Sunny,Medium,3,Drinks,scooter,1,No,3.9,393.25,UPI,Delivered,,29.9
ORD103762,MUMRES27DEL01,27,4.0,Mumbai,2026-05-11,20:18:00,Cloudy,High,3,Meal,motorcycle,1,No,12.81,227.39,Card,Delivered,,59.0
ORD101579,HYDRES17DEL07,27,4.2,Hyderabad,2026-05-11,20:57:00,Sunny,High,1,Buffet,motorcycle,1,No,5.95,450.21,UPI,Delivered,,38.9
ORD105211,BENRES36DEL05,24,4.7,Bengaluru,2026-05-11,21:15:00,Sunny,Jam,0,Meal,motorcycle,0,No,2.16,399.08,Wallet,Delivered,,34.2
ORD102704,MUMRES28DEL07,18,4.5,Mumbai,2026-05-11,21:20:00,Stormy,Jam,1,Meal,electric_scooter,0,No,22.0,285.46,Card,Delivered,,82.2
ORD101293,BENRES02DEL08,38,4.7,Bengaluru,2026-05-11,21:28:00,Fog,Low,1,Meal,scooter,2,No,2.79,235.89,Wallet,Delivered,,38.0
ORD102944,CHERES05DEL08,20,4.8,Chennai,2026-05-12,01:36:00,Stormy,High,3,Snack,motorcycle,0,No,9.93,81.02,UPI,Delivered,,53.9
ORD105746,PUNRES11DEL04,28,4.6,Pune,2026-05-12,04:33:00,Stormy,Medium,3,Drinks,motorcycle,0,No,4.5,272.21,UPI,Delivered,,36.1
ORD100557,MUMRES16DEL02,18,4.4,Mumbai,2026-05-12,04:42:00,Fog,High,2,Snack,motorcycle,0,No,2.51,315.77,Wallet,Delivered,,35.4
ORD104512,CHERES17DEL07,27,4.4,Chennai,2026-05-12,06:00:00,Fog,Low,2,Snack,electric_scooter,2,No,2.15,382.68,Wallet,Delivered,,32.7
ORD103276,MUMRES37DEL08,28,4.4,Mumbai,2026-05-12,06:54:00,Sunny,High,1,Snack,electric_scooter,0,No,11.31,113.42,UPI,Delivered,,42.1
ORD104944,PUNRES01DEL08,34,3.2,Pune,2026-05-12,07:15:00,Cloudy,Low,1,Meal,motorcycle,2,No,11.15,93.16,UPI,Delivered,,50.3
ORD105196,DELRES37DEL08,23,4.5,Delhi,2026-05-12,07:48:00,Fog,Medium,3,Drinks,motorcycle,0,No,2.69,322.92,UPI,Delivered,,34.2
ORD104215,HYDRES18DEL04,28,3.5,Hyderabad,2026-05-12,08:09:00,Sunny,Jam,1,Meal,motorcycle,1,No,1.53,511.89,UPI,Delivered,,40.3
ORD102059,CHERES27DEL06,35,4.6,Chennai,2026-05-12,08:35:00,Sunny,Medium,0,Drinks,motorcycle,1,No,4.81,294.85,Card,Cancelled,Weather Disruption,
ORD102401,BENRES07DEL02,32,4.6,Bengaluru,2026-05-12,10:14:00,Sunny,Medium,2,Meal,motorcycle,1,No,1.29,564.68,UPI,Delivered,,25.4
ORD101000,BENRES39DEL01,34,4.8,Bengaluru,2026-05-12,10:48:00,Stormy,Low,2,Meal,motorcycle,0,No,4.0,555.34,Cash,Delivered,,43.1
ORD100579,BENRES39DEL04,28,5.0,Bengaluru,2026-05-12,11:14:00,Sunny,Jam,2,Drinks,motorcycle,1,No,7.54,376.24,Card,Delivered,,49.8
ORD103485,BENRES16DEL08,21,4.2,Bengaluru,2026-05-12,11:36:00,Cloudy,Low,2,Drinks,scooter,0,No,5.29,270.86,Wallet,Delivered,,32.0
ORD100992,BENRES43DEL08,22,4.3,Bengaluru,2026-05-12,11:48:00,Sunny,Jam,2,Buffet,motorcycle,0,No,1.41,479.89,Card,Cancelled,Traffic Delay,
ORD103007,DELRES39DEL02,30,4.2,Delhi,2026-05-12,12:11:00,Sunny,Low,2,Buffet,motorcycle,0,No,0.9,297.84,UPI,Delivered,,24.0
ORD100118,BENRES35DEL03,32,4.5,Bengaluru,2026-05-12,12:46:00,Cloudy,Medium,1,Buffet,motorcycle,1,No,6.67,278.78,Card,Delivered,,36.6
ORD101922,PUNRES09DEL08,33,4.8,Pune,2026-05-12,12:50:00,Sunny,High,2,Meal,scooter,2,No,13.65,314.59,Card,Delivered,,59.8
ORD105100,CHERES02DEL07,34,4.4,Chennai,2026-05-12,12:54:00,Sunny,Medium,2,Buffet,scooter,0,No,0.82,584.68,Wallet,Delivered,,28.0
ORD104308,HYDRES02DEL07,35,4.5,Hyderabad,2026-05-12,13:07:00,Stormy,Low,3,Snack,motorcycle,0,No,6.39,162.7,UPI,Delivered,,44.3
ORD101389,DELRES23DEL07,20,4.4,Delhi,2026-05-12,13:23:00,Sunny,Medium,3,Drinks,motorcycle,1,No,1.02,220.23,UPI,Delivered,,29.9
ORD104812,HYDRES27DEL02,18,4.3,Hyderabad,2026-05-12,13:59:00,Sunny,Low,2,Drinks,motorcycle,1,No,5.42,552.37,UPI,Delivered,,34.5
ORD104870,BENRES02DEL08,28,4.7,Bengaluru,2026-05-12,14:10:00,Stormy,High,0,Meal,motorcycle,0,No,2.41,294.93,UPI,Delivered,,44.3
ORD102789,MUMRES06DEL03,25,4.1,Mumbai,2026-05-12,14:32:00,Windy,Medium,3,Meal,scooter,1,No,1.13,516.3,UPI,Delivered,,34.2
ORD101281,BENRES08DEL07,21,4.2,Bengaluru,2026-05-12,15:32:00,Windy,Low,3,Drinks,motorcycle,1,No,3.03,351.92,UPI,Delivered,,27.0
ORD105625,MUMRES13DEL07,18,4.2,Mumbai,2026-05-12,18:02:00,Cloudy,Medium,0,Drinks,motorcycle,0,No,5.9,257.64,Wallet,Delivered,,22.7
ORD104164,HYDRES07DEL07,34,4.9,Hyderabad,2026-05-12,18:04:00,Sunny,High,2,Snack,electric_scooter,3,No,3.45,529.47,Wallet,Cancelled,Traffic Delay,
ORD100163,BENRES13DEL06,27,4.7,Bengaluru,2026-05-12,18:31:00,Sunny,Medium,2,Drinks,motorcycle,0,No,1.4,474.6,UPI,Delivered,,25.4
ORD101305,PUNRES18DEL02,28,4.6,Pune,2026-05-12,18:35:00,Sunny,Low,1,Meal,motorcycle,1,No,4.7,278.87,UPI,Delivered,,24.7
ORD100554,BENRES28DEL02,37,4.5,Bengaluru,2026-05-12,18:51:00,Sunny,Low,0,Drinks,bicycle,1,No,1.52,204.21,UPI,Delivered,,19.2
ORD100555,DELRES02DEL01,23,4.5,Delhi,2026-05-12,18:51:00,Sunny,High,0,Snack,electric_scooter,0,No,4.27,270.25,Card,Delivered,,34.1
ORD104242,PUNRES07DEL03,23,5.0,Pune,2026-05-12,18:51:00,Sunny,Jam,1,Snack,bicycle,0,No,1.84,268.4,UPI,Delivered,,35.0
ORD100280,DELRES25DEL08,33,4.4,Delhi,2026-05-12,18:54:00,Cloudy,Medium,2,Meal,motorcycle,0,No,1.74,101.77,Wallet,Delivered,,27.8
ORD100405,MUMRES21DEL03,21,4.9,Mumbai,2026-05-12,19:01:00,Windy,High,2,Buffet,scooter,0,No,11.18,242.44,Card,Delivered,,44.6
ORD105058,PUNRES12DEL06,23,4.2,Pune,2026-05-12,19:02:00,Fog,Low,3,Buffet,electric_scooter,0,No,8.56,415.71,UPI,Delivered,,38.5
ORD105488,MUMRES07DEL03,31,4.2,Mumbai,2026-05-12,19:14:00,Sunny,Medium,3,Buffet,motorcycle,1,No,2.98,239.25,Cash,Delivered,,30.6
ORD103677,DELRES26DEL07,28,4.8,Delhi,2026-05-12,19:16:00,Sunny,Low,2,Buffet,motorcycle,0,No,1.25,738.48,Wallet,Delivered,,20.1
ORD101917,KOLRES33DEL05,25,3.7,Kolkata,2026-05-12,19:18:00,Cloudy,High,1,Meal,electric_scooter,1,No,2.61,225.78,UPI,Delivered,,33.2
ORD104866,KOLRES14DEL02,32,4.4,Kolkata,2026-05-12,19:50:00,Cloudy,Medium,1,Buffet,motorcycle,0,No,2.17,276.1,UPI,Delivered,,26.8
ORD103357,BENRES05DEL02,31,4.6,Bengaluru,2026-05-12,20:07:00,Windy,Medium,3,Buffet,motorcycle,0,No,1.14,313.27,UPI,Delivered,,28.0
ORD102884,DELRES12DEL05,30,4.4,Delhi,2026-05-12,20:09:00,Fog,Low,3,Drinks,scooter,3,No,1.79,218.05,Card,Delivered,,44.8
ORD102660,HYDRES26DEL08,28,4.7,Hyderabad,2026-05-12,20:23:00,Windy,Medium,2,Meal,scooter,1,No,4.47,222.24,UPI,Delivered,,32.9
ORD103866,MUMRES28DEL04,31,4.6,Mumbai,2026-05-12,20:45:00,Sunny,Low,1,Buffet,electric_scooter,1,No,10.63,141.0,Cash,Delivered,,42.4
ORD104975,CHERES36DEL03,24,4.5,Chennai,2026-05-12,20:46:00,Cloudy,Medium,3,Drinks,motorcycle,1,No,0.98,334.71,Wallet,Delivered,,34.8
ORD105118,HYDRES18DEL04,31,4.4,Hyderabad,2026-05-12,20:53:00,Fog,Medium,3,Drinks,motorcycle,1,No,3.73,340.11,Cash,Delivered,,40.8
ORD105585,DELRES16DEL06,26,4.9,Delhi,2026-05-12,20:54:00,Fog,Low,3,Buffet,motorcycle,0,No,1.61,221.46,Wallet,Delivered,,26.8
ORD102587,MUMRES30DEL04,23,5.0,Mumbai,2026-05-12,21:04:00,Sunny,Medium,3,Drinks,electric_scooter,0,No,6.99,193.07,UPI,Delivered,,32.9
ORD100825,KOLRES29DEL08,24,4.2,Kolkata,2026-05-12,21:46:00,Sunny,High,2,Snack,motorcycle,1,No,5.41,380.97,Cash,Delivered,,36.9
ORD103486,BENRES22DEL03,21,4.2,Bengaluru,2026-05-12,21:46:00,Sunny,Low,3,Drinks,motorcycle,0,No,10.0,345.02,UPI,Delivered,,31.2
ORD103596,DELRES12DEL02,35,4.5,Delhi,2026-05-12,22:16:00,Sandstorms,Low,1,Snack,motorcycle,0,No,1.79,218.67,UPI,Delivered,,30.5
ORD103177,KOLRES11DEL04,25,4.8,Kolkata,2026-05-12,22:30:00,Stormy,Medium,1,Drinks,motorcycle,2,No,6.27,295.0,Cash,Cancelled,Customer Cancelled,
ORD103317,DELRES19DEL07,37,4.8,Delhi,2026-05-12,23:18:00,Cloudy,Medium,3,Drinks,bicycle,1,No,2.85,229.58,UPI,Delivered,,32.9
ORD100503,BENRES29DEL01,30,4.8,Bengaluru,2026-05-13,00:55:00,Fog,Medium,0,Buffet,motorcycle,0,No,3.01,613.72,Wallet,Delivered,,33.6
ORD105329,KOLRES10DEL01,24,4.3,Kolkata,2026-05-13,02:36:00,Windy,Jam,1,Drinks,motorcycle,0,No,8.45,429.52,UPI,Delivered,,46.8
ORD103922,MUMRES08DEL07,37,4.5,Mumbai,2026-05-13,04:18:00,Cloudy,High,0,Meal,electric_scooter,0,No,2.44,217.72,Cash,Delivered,,34.0
ORD104524,PUNRES18DEL07,43,4.3,Pune,2026-05-13,04:51:00,Sandstorms,Low,1,Drinks,motorcycle,2,No,3.96,187.26,UPI,Delivered,,47.9
ORD100045,KOLRES16DEL03,36,4.6,Kolkata,2026-05-13,06:44:00,Sunny,High,1,Meal,scooter,0,No,1.79,303.78,Cash,Delivered,,35.8
ORD105797,KOLRES05DEL02,18,4.0,Kolkata,2026-05-13,09:02:00,Cloudy,High,0,Snack,motorcycle,0,No,1.26,215.66,UPI,Delivered,,32.4
ORD102593,MUMRES37DEL08,18,4.4,Mumbai,2026-05-13,09:06:00,Cloudy,Low,0,Drinks,motorcycle,0,No,7.07,80.0,Card,Delivered,,29.3
ORD105242,MUMRES05DEL04,28,3.9,Mumbai,2026-05-13,09:42:00,Sunny,Medium,1,Meal,scooter,1,No,6.86,235.75,UPI,Delivered,,36.1
ORD103301,BENRES21DEL01,20,5.0,Bengaluru,2026-05-13,10:13:00,Cloudy,Low,0,Drinks,motorcycle,2,No,21.98,346.36,Card,Delivered,,63.5
ORD105787,BENRES40DEL04,34,4.3,Bengaluru,2026-05-13,10:37:00,Fog,Medium,3,Snack,scooter,0,No,6.55,119.29,UPI,Delivered,,34.8
ORD103077,KOLRES36DEL06,31,4.5,Kolkata,2026-05-13,10:44:00,Stormy,Medium,1,Snack,motorcycle,0,No,5.14,317.55,Card,Delivered,,43.2
ORD100990,HYDRES02DEL06,27,4.5,Hyderabad,2026-05-13,10:59:00,Cloudy,Medium,0,Drinks,scooter,0,No,6.32,206.13,Card,Delivered,,34.6
ORD102378,BENRES35DEL08,26,4.3,Bengaluru,2026-05-13,11:15:00,Windy,Medium,2,Buffet,motorcycle,1,No,13.05,352.55,UPI,Delivered,,48.5
ORD102990,BENRES05DEL07,20,4.0,Bengaluru,2026-05-13,11:21:00,Cloudy,Low,3,Meal,motorcycle,2,No,3.56,361.0,UPI,Delivered,,32.4
ORD105246,CHERES03DEL05,31,4.4,Chennai,2026-05-13,11:38:00,Cloudy,Medium,0,Buffet,scooter,1,No,3.71,383.38,Card,Delivered,,32.8
ORD105410,HYDRES37DEL06,35,4.2,Hyderabad,2026-05-13,12:11:00,Sunny,Jam,0,Drinks,motorcycle,0,No,1.67,146.2,UPI,Delivered,,35.4
ORD103234,BENRES42DEL03,32,4.7,Bengaluru,2026-05-13,12:17:00,Fog,High,1,Meal,scooter,1,No,0.88,208.97,UPI,Delivered,,40.5
ORD103544,BENRES35DEL05,35,4.5,Bengaluru,2026-05-13,12:53:00,Cloudy,Medium,0,Drinks,motorcycle,2,No,0.94,345.66,Cash,Delivered,,28.9
ORD100438,DELRES21DEL06,26,5.0,Delhi,2026-05-13,13:02:00,Sunny,High,2,Snack,motorcycle,0,No,1.35,227.71,Card,Delivered,,31.5
ORD104157,MUMRES18DEL06,24,5.0,Mumbai,2026-05-13,13:05:00,Cloudy,Medium,3,Drinks,motorcycle,0,No,7.7,423.2,Cash,Delivered,,29.4
ORD105070,BENRES38DEL01,24,3.8,Bengaluru,2026-05-13,13:29:00,Sunny,Medium,1,Snack,scooter,1,No,1.49,436.71,UPI,Delivered,,29.3
ORD102282,MUMRES02DEL05,22,4.2,Mumbai,2026-05-13,13:39:00,Cloudy,Medium,2,Buffet,scooter,0,No,2.52,265.49,Card,Delivered,,30.8
ORD101280,DELRES42DEL05,24,3.9,Delhi,2026-05-13,13:43:00,Cloudy,Medium,0,Buffet,electric_scooter,1,No,2.05,178.46,Wallet,Delivered,,34.2
ORD105480,BENRES06DEL01,38,4.4,Bengaluru,2026-05-13,13:55:00,Fog,High,3,Meal,scooter,0,No,4.93,419.64,UPI,Delivered,,40.6
ORD103033,DELRES31DEL05,29,4.3,Delhi,2026-05-13,14:31:00,Stormy,Low,3,Meal,motorcycle,0,No,8.37,247.34,UPI,Delivered,,45.1
ORD104704,MUMRES35DEL08,26,4.1,Mumbai,2026-05-13,16:13:00,Cloudy,High,3,Drinks,electric_scooter,2,No,12.95,182.14,UPI,Delivered,,61.3
ORD104154,CHERES28DEL05,26,4.4,Chennai,2026-05-13,16:35:00,Sunny,Medium,3,Snack,electric_scooter,0,No,1.4,447.67,UPI,Delivered,,18.5
ORD103560,BENRES23DEL05,34,4.4,Bengaluru,2026-05-13,17:11:00,Cloudy,High,2,Snack,motorcycle,0,No,5.3,307.2,UPI,Delivered,,40.6
ORD102088,CHERES38DEL03,31,4.1,Chennai,2026-05-13,17:34:00,Sunny,High,3,Buffet,electric_scooter,0,No,2.8,420.98,Card,Delivered,,30.2
ORD104731,DELRES10DEL05,18,4.5,Delhi,2026-05-13,17:48:00,Cloudy,Medium,0,Buffet,scooter,0,No,19.18,258.72,Card,Cancelled,Customer Cancelled,
ORD101821,CHERES36DEL01,31,4.1,Chennai,2026-05-13,17:50:00,Cloudy,Medium,1,Buffet,bicycle,0,No,3.26,590.21,UPI,Delivered,,23.3
ORD105598,PUNRES34DEL04,22,4.3,Pune,2026-05-13,17:52:00,Cloudy,Low,2,Snack,scooter,1,No,2.64,438.98,UPI,Delivered,,20.2
ORD101476,KOLRES32DEL05,33,4.9,Kolkata,2026-05-13,18:00:00,Sunny,Medium,3,Buffet,motorcycle,0,No,11.3,337.1,UPI,Delivered,,38.2
ORD104101,PUNRES28DEL06,28,4.3,Pune,2026-05-13,18:13:00,Stormy,Jam,3,Snack,motorcycle,2,No,9.11,476.44,Card,Delivered,,71.4
ORD104317,DELRES12DEL06,27,4.2,Delhi,2026-05-13,18:38:00,Sunny,Medium,3,Meal,electric_scooter,0,No,7.58,97.37,Cash,Delivered,,43.4
ORD102395,BENRES12DEL06,29,4.1,Bengaluru,2026-05-13,18:49:00,Stormy,Jam,0,Buffet,electric_scooter,1,No,0.96,99.59,Cash,Delivered,,54.5
ORD103761,BENRES34DEL03,35,4.6,Bengaluru,2026-05-13,19:16:00,Sunny,Medium,2,Drinks,motorcycle,0,No,12.65,382.92,Cash,Delivered,,34.1
ORD101343,CHERES13DEL02,18,4.2,Chennai,2026-05-13,19:21:00,Sunny,High,1,Meal,scooter,0,No,8.05,111.9,Cash,Delivered,,41.1
ORD101258,CHERES28DEL04,29,4.3,Chennai,2026-05-13,19:25:00,Fog,High,2,Buffet,motorcycle,0,No,3.11,189.93,Card,Delivered,,44.2
ORD104991,KOLRES42DEL05,25,4.3,Kolkata,2026-05-13,19:33:00,Cloudy,Medium,1,Snack,motorcycle,0,No,3.04,196.16,UPI,Delivered,,27.3
ORD103602,BENRES43DEL03,23,4.4,Bengaluru,2026-05-13,20:06:00,Windy,Low,2,Drinks,electric_scooter,0,No,1.36,167.9,Cash,Delivered,,31.3
ORD104736,DELRES38DEL07,20,4.3,Delhi,2026-05-13,20:07:00,Sunny,Low,3,Buffet,scooter,0,No,25.0,176.56,UPI,Cancelled,Weather Disruption,
ORD103478,KOLRES04DEL06,39,4.2,Kolkata,2026-05-13,20:08:00,Sunny,Low,3,Buffet,motorcycle,0,No,21.17,545.01,UPI,Delivered,,55.8
ORD105601,HYDRES21DEL01,18,4.4,Hyderabad,2026-05-13,20:09:00,Fog,Low,2,Meal,scooter,0,No,2.62,253.59,Wallet,Delivered,,31.9
ORD102451,KOLRES40DEL01,22,4.1,Kolkata,2026-05-13,20:10:00,Cloudy,Jam,0,Drinks,motorcycle,0,No,16.24,218.45,Wallet,Delivered,,66.0
ORD103550,BENRES28DEL06,24,4.8,Bengaluru,2026-05-13,20:23:00,Fog,High,2,Buffet,scooter,1,No,2.12,270.73,UPI,Cancelled,Traffic Delay,
ORD100529,MUMRES31DEL07,26,4.0,Mumbai,2026-05-13,20:25:00,Cloudy,High,1,Meal,motorcycle,1,No,1.29,223.39,UPI,Delivered,,39.7
ORD104908,MUMRES05DEL06,33,4.6,Mumbai,2026-05-13,20:44:00,Fog,High,2,Buffet,scooter,2,No,9.25,367.41,Cash,Delivered,,52.7
ORD105377,CHERES35DEL06,34,4.3,Chennai,2026-05-13,20:46:00,Cloudy,Low,3,Drinks,motorcycle,1,No,3.62,511.05,Cash,Delivered,,30.7
ORD102817,HYDRES04DEL01,23,4.7,Hyderabad,2026-05-13,20:49:00,Sunny,Medium,1,Meal,motorcycle,1,No,10.71,394.96,UPI,Delivered,,41.8
ORD105505,BENRES44DEL04,32,4.5,Bengaluru,2026-05-13,20:54:00,Sunny,Low,3,Meal,motorcycle,0,No,3.55,231.12,Cash,Delivered,,25.8
ORD101573,MUMRES37DEL05,30,4.2,Mumbai,2026-05-13,21:11:00,Cloudy,Jam,1,Buffet,scooter,1,No,2.19,507.44,UPI,Delivered,,46.3
ORD103801,HYDRES16DEL05,36,4.1,Hyderabad,2026-05-13,22:20:00,Sandstorms,High,0,Snack,motorcycle,1,No,4.83,330.54,UPI,Delivered,,45.1
ORD101399,DELRES35DEL07,24,4.4,Delhi,2026-05-13,22:30:00,Windy,Low,3,Snack,motorcycle,1,No,1.78,167.39,UPI,Delivered,,37.8
ORD101138,BENRES20DEL07,21,4.4,Bengaluru,2026-05-13,23:40:00,Fog,Medium,1,Buffet,motorcycle,0,No,1.58,185.04,Card,Cancelled,Delivery Partner Unavailable,
ORD102139,BENRES07DEL07,34,4.9,Bengaluru,2026-05-13,23:51:00,Sandstorms,Medium,0,Meal,motorcycle,2,No,8.21,176.03,Cash,Delivered,,54.6
ORD102710,CHERES16DEL07,35,4.6,Chennai,2026-05-13,23:55:00,Windy,Medium,1,Drinks,electric_scooter,0,No,1.99,251.09,UPI,Delivered,,25.9
ORD101929,PUNRES35DEL01,24,4.5,Pune,2026-05-14,03:47:00,Sunny,Medium,1,Drinks,motorcycle,0,No,6.16,124.31,Cash,Delivered,,29.5
ORD102728,MUMRES09DEL03,22,4.2,Mumbai,2026-05-14,10:15:00,Cloudy,Jam,1,Drinks,motorcycle,0,No,1.45,412.24,UPI,Cancelled,Customer Cancelled,
ORD104824,DELRES32DEL02,43,5.0,Delhi,2026-05-14,11:48:00,Fog,Low,2,Buffet,motorcycle,2,No,2.85,316.19,Card,Delivered,,38.9
ORD102975,DELRES11DEL04,32,4.6,Delhi,2026-05-14,11:56:00,Cloudy,Low,0,Meal,scooter,0,No,2.15,131.0,UPI,Delivered,,22.1
ORD100328,HYDRES32DEL06,26,3.6,Hyderabad,2026-05-14,12:06:00,Windy,Low,1,Drinks,motorcycle,0,No,17.3,224.28,UPI,Delivered,,49.2
ORD105970,CHERES31DEL06,41,4.8,Chennai,2026-05-14,12:19:00,Sunny,High,0,Snack,bicycle,0,No,1.73,351.68,UPI,Delivered,,23.0
ORD105270,DELRES05DEL05,29,4.0,Delhi,2026-05-14,12:34:00,Sunny,Low,3,Meal,motorcycle,0,No,8.63,702.1,Cash,Delivered,,35.7
ORD105614,DELRES40DEL02,23,4.7,Delhi,2026-05-14,12:34:00,Sunny,Low,1,Drinks,motorcycle,0,No,4.65,267.95,UPI,Delivered,,21.8
ORD102304,HYDRES09DEL02,29,4.7,Hyderabad,2026-05-14,13:02:00,Stormy,Low,3,Snack,scooter,0,No,1.38,411.39,Cash,Delivered,,35.3
ORD101589,MUMRES32DEL02,21,4.3,Mumbai,2026-05-14,13:08:00,Sunny,Low,0,Drinks,motorcycle,3,No,7.76,642.92,UPI,Delivered,,46.9
ORD101907,BENRES05DEL06,36,4.5,Bengaluru,2026-05-14,13:10:00,Stormy,Medium,3,Drinks,electric_scooter,0,No,3.13,303.7,Cash,Delivered,,37.1
ORD104136,BENRES43DEL05,21,4.1,Bengaluru,2026-05-14,13:13:00,Cloudy,Low,0,Meal,motorcycle,1,No,3.21,227.94,UPI,Delivered,,30.0
ORD100309,HYDRES29DEL01,22,4.5,Hyderabad,2026-05-14,13:17:00,Sunny,Low,2,Snack,bicycle,0,No,3.18,166.4,UPI,Cancelled,Traffic Delay,
ORD103692,CHERES14DEL01,40,4.7,Chennai,2026-05-14,13:26:00,Sunny,Medium,0,Snack,scooter,0,No,4.24,356.85,UPI,Delivered,,29.3
ORD101524,BENRES39DEL04,35,4.6,Bengaluru,2026-05-14,16:44:00,Sunny,High,3,Drinks,scooter,0,No,5.38,157.09,UPI,Delivered,,38.1
ORD104595,DELRES02DEL02,30,4.4,Delhi,2026-05-14,16:56:00,Windy,Jam,1,Snack,motorcycle,1,No,2.88,969.89,Wallet,Delivered,,44.2
ORD101202,DELRES42DEL01,30,4.4,Delhi,2026-05-14,17:12:00,Sunny,Low,3,Buffet,scooter,0,No,6.19,294.48,Card,Delivered,,34.1
ORD102601,MUMRES19DEL07,27,4.0,Mumbai,2026-05-14,17:18:00,Cloudy,Medium,3,Meal,scooter,1,No,4.66,252.79,UPI,Delivered,,33.2
ORD104494,MUMRES37DEL04,29,4.0,Mumbai,2026-05-14,17:58:00,Sunny,Low,0,Snack,scooter,0,No,1.03,298.71,Cash,Delivered,,15.6
ORD102605,DELRES15DEL07,35,4.8,Delhi,2026-05-14,18:02:00,Cloudy,High,0,Meal,motorcycle,0,No,10.43,188.39,UPI,Delivered,,42.9
ORD100423,DELRES03DEL03,28,4.7,Delhi,2026-05-14,18:09:00,Sunny,Medium,3,Snack,scooter,0,No,1.01,428.51,UPI,Delivered,,17.7
ORD100361,PUNRES09DEL08,24,4.3,Pune,2026-05-14,18:29:00,Sunny,Low,1,Drinks,motorcycle,0,No,2.13,221.48,UPI,Delivered,,25.3
ORD102982,DELRES12DEL01,19,4.8,Delhi,2026-05-14,18:32:00,Sunny,Low,3,Buffet,motorcycle,0,No,12.69,358.07,UPI,Delivered,,36.7
ORD103521,KOLRES06DEL01,21,4.0,Kolkata,2026-05-14,18:34:00,Sunny,Medium,3,Drinks,electric_scooter,1,No,4.89,163.94,UPI,Delivered,,35.4
ORD100572,CHERES03DEL05,32,4.4,Chennai,2026-05-14,18:39:00,Windy,Low,3,Meal,scooter,0,No,1.98,206.86,UPI,Cancelled,Customer Cancelled,
ORD103954,DELRES32DEL01,31,4.6,Delhi,2026-05-14,19:10:00,Windy,Low,2,Snack,motorcycle,1,No,1.15,502.8,UPI,Delivered,,30.9
ORD104878,KOLRES33DEL04,32,4.5,Kolkata,2026-05-14,19:26:00,Sandstorms,Jam,1,Snack,motorcycle,2,No,16.24,313.99,UPI,Delivered,,80.6
ORD104648,PUNRES39DEL05,18,4.3,Pune,2026-05-14,19:30:00,Windy,Jam,3,Meal,scooter,2,No,7.58,360.4,UPI,Delivered,,51.8
ORD101020,MUMRES32DEL03,30,4.4,Mumbai,2026-05-14,19:57:00,Sunny,Low,2,Meal,electric_scooter,1,No,4.04,225.74,UPI,Delivered,,27.7
ORD105440,PUNRES19DEL01,19,4.5,Pune,2026-05-14,19:58:00,Fog,Low,0,Buffet,electric_scooter,0,No,12.5,355.54,UPI,Delivered,,42.0
ORD102404,MUMRES06DEL03,25,5.0,Mumbai,2026-05-14,20:14:00,Stormy,Low,2,Drinks,scooter,1,No,8.15,284.43,Cash,Delivered,,45.4
ORD105231,MUMRES33DEL01,26,4.2,Mumbai,2026-05-14,20:32:00,Sandstorms,Medium,2,Drinks,motorcycle,0,No,2.01,202.4,UPI,Delivered,,36.6
ORD105396,HYDRES13DEL02,30,4.4,Hyderabad,2026-05-14,20:34:00,Sunny,High,3,Drinks,motorcycle,1,No,3.67,549.57,UPI,Delivered,,34.6
ORD102506,BENRES16DEL06,24,4.4,Bengaluru,2026-05-14,20:47:00,Fog,Jam,0,Buffet,motorcycle,1,No,3.02,325.58,Wallet,Delivered,,48.7
ORD101724,PUNRES12DEL01,22,4.0,Pune,2026-05-14,20:49:00,Sunny,Medium,0,Snack,electric_scooter,0,No,2.88,147.61,UPI,Delivered,,22.5
ORD104246,DELRES01DEL07,29,4.1,Delhi,2026-05-14,20:52:00,Windy,Low,0,Meal,motorcycle,1,No,1.07,481.45,UPI,Delivered,,22.1
ORD100179,MUMRES39DEL08,34,4.2,Mumbai,2026-05-14,21:23:00,Sunny,Low,2,Meal,scooter,0,No,2.21,222.14,Card,Delivered,,26.8
ORD101203,CHERES13DEL07,34,4.7,Chennai,2026-05-14,21:39:00,Cloudy,Low,0,Buffet,bicycle,0,No,3.31,166.58,Cash,Delivered,,22.1
ORD105665,BENRES24DEL04,37,4.4,Bengaluru,2026-05-14,22:19:00,Windy,High,3,Meal,scooter,0,No,5.71,272.75,Cash,Delivered,,34.3
ORD102967,MUMRES31DEL06,37,4.2,Mumbai,2026-05-14,22:50:00,Sunny,Low,2,Drinks,bicycle,1,No,3.27,292.57,UPI,Delivered,,29.4
ORD103212,BENRES41DEL05,41,4.2,Bengaluru,2026-05-14,22:51:00,Sunny,Medium,2,Buffet,scooter,0,No,1.61,306.23,UPI,Delivered,,22.3
ORD102287,CHERES17DEL03,27,4.1,Chennai,2026-05-15,00:17:00,Fog,High,3,Snack,bicycle,0,No,4.99,233.86,Wallet,Cancelled,Delivery Partner Unavailable,
ORD102962,KOLRES17DEL05,22,4.3,Kolkata,2026-05-15,05:37:00,Sunny,High,3,Meal,motorcycle,0,No,2.36,193.85,Cash,Delivered,,33.5
ORD102682,BENRES28DEL03,31,3.4,Bengaluru,2026-05-15,07:59:00,Sunny,Jam,2,Snack,motorcycle,0,No,13.27,335.74,Cash,Delivered,,57.1
ORD103819,CHERES20DEL05,18,4.3,Chennai,2026-05-15,08:26:00,Cloudy,Low,3,Snack,bicycle,0,No,6.96,228.77,UPI,Delivered,,29.9
ORD104094,BENRES08DEL06,26,4.2,Bengaluru,2026-05-15,08:54:00,Fog,Medium,2,Snack,motorcycle,1,No,2.09,670.5,UPI,Delivered,,37.9
ORD101155,CHERES31DEL07,35,4.5,Chennai,2026-05-15,09:05:00,Sunny,High,0,Drinks,scooter,3,No,4.38,111.85,UPI,Delivered,,48.7
ORD104046,BENRES03DEL06,29,4.8,Bengaluru,2026-05-15,09:20:00,Fog,Jam,3,Meal,scooter,0,No,5.76,669.29,UPI,Delivered,,53.1
ORD104340,PUNRES24DEL06,18,4.1,Pune,2026-05-15,09:49:00,Sunny,Medium,0,Drinks,electric_scooter,2,No,1.58,334.02,UPI,Delivered,,26.6
ORD102642,BENRES19DEL02,29,4.6,Bengaluru,2026-05-15,10:35:00,Cloudy,Medium,2,Snack,electric_scooter,0,No,1.99,265.36,UPI,Delivered,,25.2
ORD104169,MUMRES28DEL02,36,4.6,Mumbai,2026-05-15,10:43:00,Cloudy,Jam,3,Meal,motorcycle,1,No,9.54,653.76,UPI,Delivered,,59.4
ORD102097,HYDRES16DEL02,26,3.5,Hyderabad,2026-05-15,11:11:00,Fog,Medium,3,Buffet,electric_scooter,0,No,1.55,417.88,Cash,Cancelled,Restaurant Delay,
ORD105788,CHERES24DEL08,27,4.2,Chennai,2026-05-15,11:24:00,Sunny,Medium,1,Meal,motorcycle,0,No,1.3,417.04,UPI,Delivered,,21.0
ORD100084,PUNRES15DEL07,34,4.4,Pune,2026-05-15,11:36:00,Stormy,Medium,0,Meal,motorcycle,1,No,6.01,318.35,UPI,Delivered,,49.3
ORD102057,KOLRES01DEL05,28,4.7,Kolkata,2026-05-15,12:01:00,Sunny,Low,3,Meal,motorcycle,0,No,3.89,132.87,UPI,Delivered,,27.1
ORD105023,DELRES25DEL03,31,4.5,Delhi,2026-05-15,12:18:00,Windy,Low,0,Drinks,motorcycle,0,No,8.87,563.92,Wallet,Delivered,,28.2
ORD104853,DELRES03DEL08,27,4.6,Delhi,2026-05-15,12:47:00,Cloudy,Medium,0,Drinks,scooter,0,No,5.83,119.54,UPI,Delivered,,36.9
ORD102680,HYDRES35DEL01,33,4.0,Hyderabad,2026-05-15,13:02:00,Sunny,Medium,1,Drinks,motorcycle,1,No,1.54,222.65,UPI,Delivered,,30.9
ORD101228,BENRES32DEL04,26,4.2,Bengaluru,2026-05-15,13:55:00,Sunny,High,1,Buffet,scooter,0,No,3.07,276.61,UPI,Delivered,,32.4
ORD102269,BENRES32DEL07,23,4.4,Bengaluru,2026-05-15,14:07:00,Sunny,Low,2,Meal,scooter,0,No,6.6,240.4,Cash,Delivered,,26.7
ORD102834,PUNRES16DEL02,31,4.5,Pune,2026-05-15,14:49:00,Sunny,Medium,0,Buffet,scooter,1,No,9.18,386.54,Card,Delivered,,35.2
ORD105251,PUNRES43DEL05,32,4.2,Pune,2026-05-15,15:06:00,Sunny,Low,2,Buffet,scooter,0,No,1.94,190.26,Card,Delivered,,17.8
ORD101657,HYDRES33DEL06,27,4.6,Hyderabad,2026-05-15,16:09:00,Sunny,Medium,0,Snack,motorcycle,0,No,9.62,232.51,Cash,Delivered,,36.4
ORD105332,DELRES12DEL08,34,4.0,Delhi,2026-05-15,16:15:00,Stormy,Low,1,Snack,electric_scooter,0,No,3.29,474.89,UPI,Delivered,,33.0
ORD105925,CHERES17DEL02,25,4.5,Chennai,2026-05-15,16:29:00,Sunny,Low,1,Meal,motorcycle,2,No,11.81,152.9,UPI,Delivered,,44.8
ORD104230,MUMRES28DEL06,32,4.5,Mumbai,2026-05-15,17:11:00,Windy,Low,1,Meal,electric_scooter,0,No,2.35,147.22,UPI,Delivered,,21.4
ORD105020,PUNRES04DEL07,24,4.9,Pune,2026-05-15,17:55:00,Sunny,Medium,2,Meal,motorcycle,3,No,1.34,305.46,UPI,Delivered,,37.0
ORD103456,HYDRES39DEL08,37,4.3,Hyderabad,2026-05-15,17:59:00,Cloudy,Medium,3,Buffet,motorcycle,0,No,2.85,187.34,Wallet,Delivered,,28.6
ORD101855,DELRES38DEL07,20,3.8,Delhi,2026-05-15,18:00:00,Sunny,High,0,Meal,scooter,1,No,4.7,366.73,Card,Delivered,,37.3
ORD101764,DELRES33DEL08,35,4.1,Delhi,2026-05-15,18:02:00,Windy,Medium,1,Meal,motorcycle,1,No,13.0,148.38,UPI,Delivered,,50.7
ORD103934,HYDRES16DEL04,37,4.4,Hyderabad,2026-05-15,18:05:00,Cloudy,Low,1,Meal,motorcycle,2,No,11.44,225.55,Cash,Delivered,,43.8
ORD102071,BENRES03DEL01,33,4.7,Bengaluru,2026-05-15,18:27:00,Sunny,High,0,Meal,motorcycle,0,No,1.67,498.08,Cash,Delivered,,30.7
ORD104487,BENRES03DEL04,25,4.2,Bengaluru,2026-05-15,19:02:00,Fog,Low,1,Buffet,motorcycle,1,No,0.86,446.2,Card,Delivered,,29.3
ORD103557,CHERES39DEL07,24,4.5,Chennai,2026-05-15,19:04:00,Sunny,High,1,Meal,motorcycle,0,No,3.18,249.51,UPI,Delivered,,31.4
ORD105711,CHERES04DEL08,18,3.8,Chennai,2026-05-15,19:04:00,Windy,Medium,0,Buffet,motorcycle,0,No,15.35,372.17,UPI,Delivered,,48.6
ORD105489,PUNRES27DEL05,25,4.4,Pune,2026-05-15,19:08:00,Sunny,Low,0,Buffet,motorcycle,0,No,8.61,149.06,UPI,Delivered,,30.4
ORD100775,KOLRES40DEL05,28,3.6,Kolkata,2026-05-15,19:11:00,Cloudy,Jam,1,Meal,scooter,0,No,8.97,180.13,UPI,Delivered,,48.8
ORD105384,KOLRES16DEL02,28,4.4,Kolkata,2026-05-15,19:17:00,Sunny,Jam,2,Drinks,motorcycle,0,No,1.52,394.25,Cash,Delivered,,35.5
ORD105870,BENRES44DEL02,37,4.6,Bengaluru,2026-05-15,19:17:00,Cloudy,High,2,Drinks,motorcycle,0,No,2.09,227.41,UPI,Delivered,,31.8
ORD104347,CHERES33DEL02,36,4.0,Chennai,2026-05-15,19:21:00,Windy,Medium,3,Meal,motorcycle,0,No,1.58,281.73,UPI,Delivered,,24.5
ORD100238,BENRES40DEL03,30,4.7,Bengaluru,2026-05-15,19:30:00,Sunny,Low,3,Drinks,electric_scooter,1,No,2.3,248.54,UPI,Delivered,,30.3
ORD104816,KOLRES09DEL06,36,4.2,Kolkata,2026-05-15,19:35:00,Sunny,Medium,2,Snack,scooter,0,No,6.56,356.15,UPI,Delivered,,31.8
ORD101329,BENRES27DEL06,26,4.5,Bengaluru,2026-05-15,19:40:00,Fog,Low,0,Buffet,bicycle,0,No,2.58,330.77,UPI,Delivered,,31.5
ORD105286,DELRES19DEL01,33,4.4,Delhi,2026-05-15,19:42:00,Windy,High,2,Buffet,motorcycle,3,No,2.03,211.88,UPI,Delivered,,47.0
ORD101883,MUMRES30DEL01,33,4.4,Mumbai,2026-05-15,19:47:00,Fog,High,0,Buffet,motorcycle,0,No,3.79,418.67,Cash,Delivered,,38.7
ORD103873,BENRES20DEL05,34,4.0,Bengaluru,2026-05-15,19:58:00,Cloudy,Jam,0,Snack,motorcycle,1,No,14.92,304.17,Cash,Cancelled,Customer Cancelled,
ORD105902,KOLRES25DEL01,25,3.9,Kolkata,2026-05-15,20:45:00,Stormy,Low,2,Meal,scooter,0,No,5.36,574.13,Wallet,Delivered,,33.4
ORD105966,DELRES22DEL03,35,3.8,Delhi,2026-05-15,21:10:00,Cloudy,Low,2,Buffet,motorcycle,1,No,5.69,118.68,UPI,Delivered,,36.1
ORD102466,MUMRES24DEL07,27,4.0,Mumbai,2026-05-15,21:32:00,Cloudy,Low,1,Snack,motorcycle,2,No,2.45,284.59,Cash,Delivered,,37.4
ORD101952,BENRES24DEL04,32,3.9,Bengaluru,2026-05-15,21:43:00,Sunny,Low,2,Meal,motorcycle,0,No,16.7,213.77,UPI,Delivered,,43.5
ORD102435,HYDRES34DEL03,36,4.6,Hyderabad,2026-05-15,21:50:00,Sunny,Medium,1,Drinks,bicycle,1,No,1.87,235.48,Card,Delivered,,30.7
ORD102335,MUMRES07DEL01,31,4.3,Mumbai,2026-05-15,22:12:00,Cloudy,Medium,2,Buffet,electric_scooter,1,No,3.99,282.78,UPI,Delivered,,29.2
ORD101825,HYDRES10DEL03,22,5.0,Hyderabad,2026-05-15,22:18:00,Sunny,Medium,1,Snack,motorcycle,1,No,3.34,486.59,UPI,Delivered,,30.8
ORD104203,KOLRES30DEL05,32,4.5,Kolkata,2026-05-15,22:35:00,Sunny,Medium,0,Drinks,motorcycle,0,No,11.04,387.2,Cash,Delivered,,37.1
ORD103361,DELRES04DEL02,27,4.4,Delhi,2026-05-15,23:00:00,Sunny,High,1,Drinks,scooter,2,No,2.91,446.43,Card,Delivered,,40.2
ORD104186,BENRES26DEL08,27,4.4,Bengaluru,2026-05-16,03:45:00,Sunny,High,2,Meal,electric_scooter,0,No,0.95,272.11,UPI,Delivered,,28.7
ORD102823,HYDRES18DEL08,30,4.6,Hyderabad,2026-05-16,07:51:00,Windy,Medium,0,Meal,electric_scooter,0,No,10.1,305.53,Cash,Delivered,,36.8
ORD104598,DELRES20DEL08,33,4.1,Delhi,2026-05-16,08:20:00,Sunny,High,2,Snack,motorcycle,1,No,5.07,217.56,UPI,Delivered,,36.6
ORD102352,CHERES15DEL01,26,4.3,Chennai,2026-05-16,08:25:00,Windy,Low,3,Snack,bicycle,0,No,5.73,338.05,Cash,Delivered,,24.2
ORD103449,MUMRES41DEL06,24,4.8,Mumbai,2026-05-16,08:59:00,Stormy,Medium,2,Meal,motorcycle,0,No,9.38,331.8,Cash,Delivered,,47.3
ORD103140,BENRES12DEL05,35,4.4,Bengaluru,2026-05-16,09:09:00,Cloudy,High,2,Meal,electric_scooter,3,No,6.15,288.83,Cash,Delivered,,56.7
ORD102199,PUNRES34DEL01,25,4.3,Pune,2026-05-16,09:45:00,Cloudy,Medium,1,Meal,scooter,0,No,3.17,336.45,Cash,Delivered,,32.0
ORD104171,PUNRES15DEL04,24,3.9,Pune,2026-05-16,09:47:00,Sunny,Medium,3,Meal,scooter,0,No,11.25,332.64,UPI,Delivered,,38.1
ORD102229,MUMRES32DEL07,22,4.4,Mumbai,2026-05-16,09:51:00,Windy,Jam,1,Buffet,electric_scooter,0,No,1.17,177.05,Cash,Delivered,,40.7
ORD102447,BENRES02DEL02,31,4.6,Bengaluru,2026-05-16,10:13:00,Fog,Jam,1,Buffet,bicycle,2,No,16.01,405.41,Cash,Delivered,,73.0
ORD104114,PUNRES33DEL05,35,4.2,Pune,2026-05-16,10:30:00,Sunny,High,1,Snack,electric_scooter,1,No,1.11,283.29,UPI,Delivered,,32.7
ORD103359,BENRES14DEL05,21,4.2,Bengaluru,2026-05-16,11:13:00,Sunny,High,0,Snack,motorcycle,1,No,0.98,404.55,Card,Delivered,,30.0
ORD104209,PUNRES02DEL02,23,3.4,Pune,2026-05-16,11:23:00,Windy,Low,0,Buffet,electric_scooter,0,No,0.91,275.28,UPI,Delivered,,24.5
ORD102960,DELRES22DEL02,25,4.3,Delhi,2026-05-16,11:25:00,Sunny,Low,1,Snack,motorcycle,0,No,8.5,80.0,Wallet,Delivered,,26.6
ORD103931,CHERES34DEL08,29,4.0,Chennai,2026-05-16,11:32:00,Sunny,High,1,Meal,motorcycle,1,No,1.01,191.67,Card,Delivered,,39.9
ORD104668,DELRES01DEL06,22,3.8,Delhi,2026-05-16,11:38:00,Stormy,Medium,0,Snack,scooter,1,No,1.41,373.08,UPI,Delivered,,44.7
ORD104611,PUNRES08DEL06,31,4.7,Pune,2026-05-16,11:39:00,Sandstorms,Low,1,Buffet,electric_scooter,1,No,1.72,146.73,UPI,Delivered,,35.3
ORD105766,MUMRES28DEL05,38,4.7,Mumbai,2026-05-16,11:45:00,Fog,Low,0,Meal,scooter,1,No,7.59,457.71,Wallet,Delivered,,36.4
ORD104141,DELRES34DEL04,24,4.6,Delhi,2026-05-16,11:56:00,Cloudy,Medium,0,Snack,motorcycle,0,No,4.4,304.19,Cash,Delivered,,34.3
ORD105814,KOLRES24DEL02,29,4.3,Kolkata,2026-05-16,11:59:00,Sunny,Jam,1,Meal,electric_scooter,2,No,19.51,516.46,Cash,Delivered,,76.6
ORD104835,MUMRES07DEL02,36,4.5,Mumbai,2026-05-16,12:33:00,Sunny,Medium,2,Meal,motorcycle,1,No,5.48,87.03,Cash,Delivered,,33.1
ORD100153,DELRES39DEL01,34,4.4,Delhi,2026-05-16,12:49:00,Cloudy,Medium,0,Drinks,electric_scooter,1,No,4.53,543.12,UPI,Delivered,,31.8
ORD101316,KOLRES43DEL05,29,4.0,Kolkata,2026-05-16,12:58:00,Cloudy,Jam,3,Drinks,motorcycle,0,No,2.92,161.28,UPI,Delivered,,40.0
ORD100500,KOLRES24DEL02,29,4.9,Kolkata,2026-05-16,13:18:00,Windy,Medium,3,Snack,scooter,0,No,5.6,295.64,UPI,Delivered,,32.6
ORD101505,PUNRES44DEL01,18,4.1,Pune,2026-05-16,13:28:00,Sunny,High,2,Meal,electric_scooter,2,No,9.28,190.78,Card,Delivered,,51.9
ORD103378,BENRES23DEL05,29,4.3,Bengaluru,2026-05-16,13:41:00,Windy,Medium,3,Drinks,electric_scooter,0,No,11.3,356.63,UPI,Delivered,,40.0
ORD103433,CHERES29DEL07,31,4.7,Chennai,2026-05-16,13:43:00,Cloudy,High,2,Meal,electric_scooter,0,No,2.05,156.22,UPI,Delivered,,30.0
ORD102379,PUNRES03DEL07,33,3.8,Pune,2026-05-16,13:44:00,Cloudy,High,2,Snack,scooter,0,No,1.34,364.37,UPI,Delivered,,30.9
ORD103246,HYDRES44DEL02,25,4.3,Hyderabad,2026-05-16,14:31:00,Cloudy,Medium,3,Snack,motorcycle,2,No,9.39,262.62,UPI,Delivered,,51.6
ORD105646,PUNRES18DEL03,34,4.8,Pune,2026-05-16,14:42:00,Windy,Medium,1,Snack,bicycle,1,No,11.63,231.75,UPI,Delivered,,47.2
ORD100586,CHERES37DEL04,32,4.4,Chennai,2026-05-16,14:48:00,Sunny,Medium,2,Drinks,motorcycle,0,No,5.68,186.8,Wallet,Delivered,,41.8
ORD100763,CHERES13DEL01,35,4.3,Chennai,2026-05-16,15:57:00,Sunny,Medium,0,Buffet,motorcycle,1,No,5.81,292.05,Card,Delivered,,38.9
ORD104774,DELRES33DEL04,27,4.5,Delhi,2026-05-16,16:14:00,Cloudy,High,2,Snack,electric_scooter,1,No,5.14,251.49,UPI,Delivered,,46.1
ORD105588,MUMRES04DEL03,33,3.9,Mumbai,2026-05-16,16:58:00,Sunny,Medium,1,Meal,motorcycle,1,No,6.32,458.24,UPI,Delivered,,41.9
ORD103367,HYDRES17DEL01,20,4.4,Hyderabad,2026-05-16,16:59:00,Sunny,High,2,Snack,motorcycle,0,No,3.07,283.68,Cash,Delivered,,31.6
ORD105049,BENRES30DEL03,28,4.8,Bengaluru,2026-05-16,18:00:00,Stormy,High,2,Drinks,scooter,2,No,3.08,206.33,Card,Delivered,,50.0
ORD104165,HYDRES34DEL04,32,3.3,Hyderabad,2026-05-16,18:44:00,Cloudy,Medium,3,Buffet,scooter,0,No,1.86,301.84,Cash,Delivered,,29.2
ORD101636,DELRES15DEL08,20,4.3,Delhi,2026-05-16,18:45:00,Sunny,Medium,3,Snack,motorcycle,0,No,2.45,350.89,UPI,Delivered,,22.4
ORD102548,DELRES15DEL03,35,4.7,Delhi,2026-05-16,19:03:00,Sandstorms,Low,0,Buffet,scooter,0,No,0.81,88.54,Cash,Delivered,,30.2
ORD101373,DELRES43DEL03,29,4.6,Delhi,2026-05-16,19:25:00,Fog,High,1,Drinks,scooter,0,No,9.63,375.1,Card,Delivered,,44.9
ORD101151,CHERES29DEL08,25,5.0,Chennai,2026-05-16,19:27:00,Fog,Jam,1,Buffet,motorcycle,0,No,2.38,478.29,UPI,Delivered,,45.6
ORD104928,MUMRES13DEL03,31,4.1,Mumbai,2026-05-16,19:30:00,Stormy,High,0,Buffet,motorcycle,2,No,6.3,373.77,UPI,Cancelled,Weather Disruption,
ORD103437,DELRES24DEL01,31,4.3,Delhi,2026-05-16,19:35:00,Fog,Low,1,Drinks,scooter,2,No,20.91,237.61,UPI,Delivered,,62.4
ORD101754,BENRES34DEL03,22,3.6,Bengaluru,2026-05-16,19:39:00,Sunny,Low,3,Meal,motorcycle,1,No,7.15,531.83,Wallet,Delivered,,34.5
ORD100338,DELRES37DEL06,28,4.5,Delhi,2026-05-16,19:46:00,Stormy,Medium,1,Drinks,motorcycle,0,No,7.86,350.39,Cash,Delivered,,43.4
ORD104624,BENRES09DEL04,32,3.6,Bengaluru,2026-05-16,19:47:00,Windy,Jam,3,Meal,scooter,1,No,2.44,414.7,Cash,Cancelled,Traffic Delay,
ORD100223,DELRES29DEL03,36,4.3,Delhi,2026-05-16,19:51:00,Fog,Medium,1,Drinks,motorcycle,1,No,3.53,226.29,UPI,Delivered,,37.5
ORD103607,HYDRES28DEL06,27,4.6,Hyderabad,2026-05-16,20:09:00,Cloudy,Medium,3,Snack,motorcycle,1,No,2.04,337.84,UPI,Delivered,,33.5
ORD102244,DELRES16DEL05,23,4.5,Delhi,2026-05-16,20:41:00,Sunny,Medium,0,Buffet,scooter,2,No,1.52,172.08,Wallet,Delivered,,38.9
ORD103628,CHERES26DEL02,32,4.3,Chennai,2026-05-16,20:48:00,Stormy,Low,2,Buffet,motorcycle,1,No,20.41,281.15,UPI,Delivered,,66.3
ORD105439,MUMRES21DEL08,30,4.4,Mumbai,2026-05-16,20:52:00,Sunny,Low,1,Meal,motorcycle,0,No,2.84,182.34,UPI,Delivered,,24.7
ORD105913,DELRES15DEL05,20,4.3,Delhi,2026-05-16,20:55:00,Stormy,Medium,2,Buffet,electric_scooter,0,No,1.1,415.09,Wallet,Delivered,,29.5
ORD102488,BENRES40DEL02,21,4.3,Bengaluru,2026-05-16,21:30:00,Sunny,Low,3,Meal,motorcycle,0,No,2.68,235.18,Cash,Delivered,,14.8
ORD105198,PUNRES10DEL03,32,4.2,Pune,2026-05-16,21:41:00,Cloudy,High,0,Buffet,scooter,1,No,1.86,321.2,Card,Delivered,,31.0
ORD100524,DELRES08DEL01,32,4.0,Delhi,2026-05-16,21:54:00,Cloudy,Medium,3,Buffet,scooter,0,No,4.02,314.88,Cash,Delivered,,30.9
ORD105533,MUMRES23DEL01,31,4.6,Mumbai,2026-05-16,22:14:00,Sunny,Medium,1,Drinks,electric_scooter,1,No,5.13,323.63,Card,Delivered,,30.5
ORD101925,BENRES06DEL04,23,3.8,Bengaluru,2026-05-17,00:22:00,Windy,High,2,Drinks,motorcycle,1,Yes,1.24,181.17,UPI,Delivered,,43.1
ORD104937,BENRES39DEL06,38,4.7,Bengaluru,2026-05-17,07:06:00,Windy,Medium,2,Meal,electric_scooter,1,Yes,1.57,580.86,UPI,Delivered,,37.1
ORD105912,KOLRES01DEL02,23,4.2,Kolkata,2026-05-17,08:12:00,Cloudy,Jam,3,Meal,electric_scooter,0,Yes,4.21,381.54,Cash,Cancelled,Weather Disruption,
ORD102418,BENRES20DEL08,32,4.8,Bengaluru,2026-05-17,08:14:00,Stormy,Low,3,Drinks,motorcycle,1,Yes,1.46,118.63,UPI,Delivered,,34.9
ORD103541,PUNRES26DEL02,29,5.0,Pune,2026-05-17,08:55:00,Stormy,Medium,1,Snack,bicycle,1,Yes,5.1,211.44,UPI,Delivered,,50.0
ORD104856,KOLRES03DEL05,31,4.6,Kolkata,2026-05-17,09:12:00,Sunny,High,2,Snack,motorcycle,1,Yes,1.38,665.72,UPI,Cancelled,Weather Disruption,
ORD100013,BENRES37DEL08,27,3.9,Bengaluru,2026-05-17,09:17:00,Sunny,Medium,3,Meal,scooter,1,Yes,1.07,207.83,Wallet,Delivered,,30.5
ORD101075,CHERES25DEL04,25,4.9,Chennai,2026-05-17,09:47:00,Cloudy,Medium,3,Buffet,scooter,0,Yes,10.49,446.82,UPI,Delivered,,48.4
ORD102292,DELRES36DEL01,24,5.0,Delhi,2026-05-17,10:14:00,Sunny,Medium,3,Meal,scooter,2,Yes,1.08,109.19,Cash,Delivered,,37.3
ORD103008,CHERES41DEL06,34,4.6,Chennai,2026-05-17,10:28:00,Sunny,Jam,3,Meal,scooter,0,Yes,2.08,433.5,Wallet,Delivered,,51.4
ORD103752,DELRES12DEL06,28,4.7,Delhi,2026-05-17,10:50:00,Cloudy,Medium,0,Drinks,scooter,0,Yes,2.07,571.0,UPI,Delivered,,30.7
ORD102099,BENRES25DEL07,25,5.0,Bengaluru,2026-05-17,11:10:00,Windy,Medium,3,Drinks,electric_scooter,0,Yes,4.79,274.38,UPI,Delivered,,37.3
ORD100276,BENRES24DEL04,22,3.8,Bengaluru,2026-05-17,11:14:00,Sunny,High,1,Snack,motorcycle,2,Yes,1.48,151.66,UPI,Delivered,,42.7
ORD103936,BENRES33DEL05,28,3.4,Bengaluru,2026-05-17,11:43:00,Sunny,High,2,Meal,motorcycle,0,Yes,4.44,428.35,UPI,Delivered,,41.0
ORD101790,MUMRES34DEL07,36,4.1,Mumbai,2026-05-17,12:13:00,Stormy,Medium,1,Drinks,scooter,1,Yes,5.24,319.7,UPI,Delivered,,48.2
ORD102216,BENRES09DEL05,18,4.7,Bengaluru,2026-05-17,12:21:00,Windy,Medium,1,Snack,motorcycle,1,Yes,2.06,371.5,UPI,Delivered,,40.8
ORD105929,CHERES09DEL08,29,4.9,Chennai,2026-05-17,12:44:00,Fog,High,2,Meal,motorcycle,0,Yes,8.69,408.0,Cash,Delivered,,51.4
ORD100612,BENRES31DEL08,33,4.1,Bengaluru,2026-05-17,13:13:00,Sunny,Jam,2,Meal,motorcycle,2,Yes,2.64,349.53,UPI,Delivered,,56.0
ORD101725,CHERES21DEL04,23,4.7,Chennai,2026-05-17,13:20:00,Sunny,Medium,3,Meal,motorcycle,0,Yes,2.8,335.01,UPI,Delivered,,37.1
ORD103052,HYDRES30DEL05,23,4.3,Hyderabad,2026-05-17,13:36:00,Sunny,Low,2,Drinks,motorcycle,0,Yes,3.09,359.17,Card,Delivered,,22.3
ORD102551,DELRES44DEL03,26,4.0,Delhi,2026-05-17,13:42:00,Sunny,Medium,1,Snack,electric_scooter,0,Yes,1.54,316.03,Cash,Delivered,,27.4
ORD104198,BENRES21DEL03,27,4.3,Bengaluru,2026-05-17,13:45:00,Fog,Low,3,Drinks,scooter,0,Yes,6.76,82.74,Cash,Delivered,,34.3
ORD101705,MUMRES05DEL07,28,4.8,Mumbai,2026-05-17,13:55:00,Windy,Low,3,Meal,motorcycle,1,Yes,3.38,480.91,Cash,Delivered,,38.4
ORD103042,DELRES13DEL06,29,4.6,Delhi,2026-05-17,14:02:00,Windy,Low,3,Buffet,scooter,0,Yes,2.08,95.28,UPI,Delivered,,31.7
ORD102939,HYDRES04DEL01,24,4.1,Hyderabad,2026-05-17,14:10:00,Sunny,Low,2,Drinks,motorcycle,0,Yes,6.36,610.26,Cash,Delivered,,29.0
ORD101167,CHERES32DEL03,28,4.4,Chennai,2026-05-17,14:15:00,Windy,Low,1,Snack,electric_scooter,0,Yes,10.68,408.69,UPI,Delivered,,46.6
ORD101439,PUNRES21DEL07,34,4.2,Pune,2026-05-17,14:18:00,Windy,Medium,0,Buffet,motorcycle,1,Yes,0.9,289.04,Cash,Delivered,,31.4
ORD105894,MUMRES06DEL06,26,4.2,Mumbai,2026-05-17,14:39:00,Sunny,Medium,0,Meal,motorcycle,0,Yes,6.68,236.46,Cash,Delivered,,33.9
ORD101609,CHERES13DEL08,35,4.7,Chennai,2026-05-17,14:44:00,Sunny,Medium,0,Buffet,electric_scooter,0,Yes,9.28,81.8,UPI,Delivered,,49.3
ORD105244,BENRES23DEL04,29,4.0,Bengaluru,2026-05-17,15:26:00,Sunny,Medium,2,Meal,motorcycle,0,Yes,5.45,299.67,Cash,Delivered,,36.4
ORD105807,CHERES36DEL02,29,4.6,Chennai,2026-05-17,15:37:00,Cloudy,High,2,Drinks,motorcycle,1,Yes,3.3,343.58,UPI,Cancelled,Customer Cancelled,
ORD102816,DELRES27DEL02,28,4.1,Delhi,2026-05-17,16:04:00,Sandstorms,High,2,Drinks,scooter,2,Yes,17.25,270.84,UPI,Delivered,,80.4
ORD104116,MUMRES18DEL03,43,4.1,Mumbai,2026-05-17,16:05:00,Windy,Medium,0,Snack,motorcycle,0,Yes,2.3,541.55,UPI,Delivered,,32.3
ORD104286,PUNRES35DEL04,30,4.9,Pune,2026-05-17,17:41:00,Sunny,High,3,Meal,scooter,0,Yes,1.0,448.94,UPI,Delivered,,35.8
ORD105755,BENRES07DEL05,20,4.1,Bengaluru,2026-05-17,18:07:00,Cloudy,Low,0,Buffet,motorcycle,0,Yes,11.68,280.97,Card,Delivered,,43.8
ORD101898,MUMRES42DEL08,30,4.3,Mumbai,2026-05-17,18:34:00,Sunny,High,3,Snack,motorcycle,2,Yes,17.78,612.57,Wallet,Delivered,,71.0
ORD104073,CHERES39DEL08,30,4.5,Chennai,2026-05-17,18:37:00,Cloudy,Low,0,Buffet,motorcycle,1,Yes,5.59,608.19,UPI,Delivered,,35.9
ORD105595,MUMRES37DEL06,29,4.9,Mumbai,2026-05-17,18:46:00,Fog,Low,1,Snack,motorcycle,2,Yes,8.16,453.28,UPI,Cancelled,Weather Disruption,
ORD103330,HYDRES19DEL04,30,4.4,Hyderabad,2026-05-17,18:51:00,Sunny,Low,1,Meal,motorcycle,1,Yes,3.36,127.56,Wallet,Delivered,,31.3
ORD100589,PUNRES13DEL03,36,4.5,Pune,2026-05-17,19:05:00,Fog,Low,3,Buffet,motorcycle,2,Yes,6.29,227.35,UPI,Delivered,,45.4
ORD100688,BENRES22DEL08,28,4.3,Bengaluru,2026-05-17,19:20:00,Fog,Medium,3,Meal,motorcycle,0,Yes,5.61,510.72,Cash,Delivered,,43.4
ORD103741,MUMRES42DEL05,27,4.9,Mumbai,2026-05-17,19:20:00,Stormy,Low,1,Meal,scooter,1,Yes,1.81,309.08,UPI,Delivered,,47.1
ORD104684,CHERES14DEL06,18,4.7,Chennai,2026-05-17,19:28:00,Sunny,Low,2,Meal,motorcycle,0,Yes,19.66,289.12,Cash,Cancelled,Restaurant Delay,
ORD100561,BENRES35DEL04,34,4.2,Bengaluru,2026-05-17,19:44:00,Sunny,Medium,0,Meal,motorcycle,1,Yes,4.58,120.05,Cash,Delivered,,36.2
ORD105493,MUMRES06DEL03,34,4.2,Mumbai,2026-05-17,20:01:00,Stormy,High,0,Meal,scooter,2,Yes,1.87,292.66,Wallet,Cancelled,Weather Disruption,
ORD100103,DELRES15DEL02,24,4.4,Delhi,2026-05-17,20:41:00,Fog,Medium,1,Drinks,motorcycle,0,Yes,4.18,398.47,UPI,Cancelled,Weather Disruption,
ORD103824,MUMRES26DEL06,31,4.6,Mumbai,2026-05-17,20:52:00,Sunny,Low,0,Snack,motorcycle,0,Yes,4.56,429.25,Cash,Delivered,,33.1
ORD104290,MUMRES36DEL04,27,4.3,Mumbai,2026-05-17,20:56:00,Windy,Medium,1,Drinks,scooter,0,Yes,4.81,745.97,Card,Delivered,,41.9
ORD105850,DELRES38DEL02,18,4.1,Delhi,2026-05-17,21:03:00,Stormy,Jam,0,Snack,motorcycle,1,Yes,3.17,281.61,UPI,Cancelled,Weather Disruption,
ORD105611,KOLRES36DEL03,39,4.3,Kolkata,2026-05-17,21:29:00,Sunny,High,1,Drinks,motorcycle,0,Yes,6.02,328.23,Wallet,Delivered,,44.7
ORD104401,BENRES12DEL04,28,4.0,Bengaluru,2026-05-17,21:56:00,Cloudy,Jam,2,Snack,scooter,0,Yes,6.55,224.09,Cash,Delivered,,51.1
ORD104687,BENRES17DEL05,37,4.9,Bengaluru,2026-05-17,22:20:00,Sunny,Medium,2,Buffet,scooter,0,Yes,8.42,465.57,UPI,Delivered,,45.9
ORD105465,CHERES15DEL03,38,4.6,Chennai,2026-05-17,22:35:00,Sunny,Medium,2,Meal,bicycle,0,Yes,3.47,407.23,Cash,Delivered,,38.0
ORD101480,BENRES35DEL02,29,4.2,Bengaluru,2026-05-17,22:47:00,Fog,Medium,0,Snack,motorcycle,1,Yes,3.13,218.55,UPI,Delivered,,41.3
ORD104947,PUNRES44DEL01,24,4.2,Pune,2026-05-17,23:37:00,Fog,Jam,3,Snack,scooter,0,Yes,7.53,293.01,UPI,Delivered,,64.1
ORD103402,KOLRES21DEL05,25,4.4,Kolkata,2026-05-18,02:02:00,Windy,High,0,Buffet,bicycle,2,No,5.07,798.64,Card,Delivered,,46.0
ORD101314,BENRES36DEL04,35,4.3,Bengaluru,2026-05-18,02:14:00,Windy,Medium,2,Drinks,scooter,1,No,5.54,234.67,UPI,Delivered,,36.3
ORD101256,MUMRES09DEL05,26,3.8,Mumbai,2026-05-18,08:03:00,Cloudy,Medium,1,Snack,motorcycle,0,No,0.87,198.51,UPI,Delivered,,23.2
ORD105192,BENRES41DEL05,26,4.8,Bengaluru,2026-05-18,08:28:00,Cloudy,Medium,2,Drinks,electric_scooter,0,No,3.27,407.51,UPI,Delivered,,33.1
ORD104521,HYDRES33DEL03,29,4.5,Hyderabad,2026-05-18,08:32:00,Sunny,Medium,3,Drinks,motorcycle,0,No,13.76,425.99,UPI,Delivered,,38.9
ORD102192,BENRES02DEL05,30,4.8,Bengaluru,2026-05-18,10:28:00,Fog,Jam,0,Drinks,motorcycle,2,No,2.0,511.74,UPI,Delivered,,56.0
ORD102151,BENRES37DEL08,31,4.0,Bengaluru,2026-05-18,11:01:00,Sandstorms,Medium,2,Meal,motorcycle,1,No,3.3,355.83,Wallet,Delivered,,37.4
ORD102503,KOLRES39DEL05,29,4.3,Kolkata,2026-05-18,11:02:00,Windy,Low,0,Drinks,motorcycle,0,No,1.03,80.0,UPI,Delivered,,19.4
ORD101470,KOLRES07DEL06,32,4.3,Kolkata,2026-05-18,11:41:00,Sunny,Low,0,Snack,motorcycle,0,No,11.78,369.11,Card,Delivered,,42.6
ORD104005,KOLRES08DEL02,31,4.5,Kolkata,2026-05-18,11:43:00,Cloudy,Low,0,Meal,motorcycle,2,No,4.63,201.23,UPI,Delivered,,33.8
ORD102636,CHERES19DEL08,31,4.6,Chennai,2026-05-18,11:57:00,Cloudy,Medium,3,Drinks,motorcycle,2,No,3.62,344.46,Cash,Delivered,,39.3
ORD103869,DELRES10DEL04,35,4.3,Delhi,2026-05-18,12:01:00,Stormy,Low,2,Drinks,scooter,0,No,1.32,280.62,Cash,Delivered,,29.7
ORD103096,PUNRES05DEL07,27,4.4,Pune,2026-05-18,12:04:00,Cloudy,Medium,2,Snack,electric_scooter,0,No,10.18,265.69,UPI,Delivered,,36.7
ORD101484,MUMRES04DEL02,36,5.0,Mumbai,2026-05-18,12:25:00,Sunny,Medium,1,Buffet,motorcycle,2,No,1.47,107.0,UPI,Delivered,,29.2
ORD102633,PUNRES07DEL01,36,5.0,Pune,2026-05-18,12:29:00,Windy,High,2,Meal,motorcycle,2,No,1.36,263.56,Card,Cancelled,Delivery Partner Unavailable,
ORD105186,HYDRES31DEL06,32,4.6,Hyderabad,2026-05-18,12:43:00,Stormy,Medium,0,Meal,bicycle,0,No,1.13,131.79,Cash,Delivered,,36.3
ORD102706,DELRES44DEL01,28,4.7,Delhi,2026-05-18,12:50:00,Windy,Low,0,Drinks,electric_scooter,0,No,12.58,356.08,UPI,Delivered,,40.0
ORD104135,HYDRES36DEL04,38,4.8,Hyderabad,2026-05-18,13:02:00,Sunny,High,1,Snack,motorcycle,1,No,3.99,470.88,UPI,Delivered,,35.8
ORD104452,HYDRES17DEL07,25,3.8,Hyderabad,2026-05-18,13:04:00,Fog,Medium,1,Drinks,scooter,1,No,1.23,333.14,Card,Delivered,,32.7
ORD105959,PUNRES26DEL03,24,4.6,Pune,2026-05-18,13:14:00,Sunny,Medium,0,Meal,motorcycle,2,No,4.81,253.47,UPI,Delivered,,40.0
ORD104175,DELRES17DEL02,29,4.4,Delhi,2026-05-18,13:15:00,Cloudy,Medium,0,Snack,motorcycle,0,No,2.85,409.43,UPI,Delivered,,27.4
ORD103494,KOLRES41DEL07,23,4.2,Kolkata,2026-05-18,13:31:00,Sunny,High,3,Snack,scooter,0,No,13.59,613.97,Card,Delivered,,42.9
ORD100977,PUNRES30DEL08,30,4.2,Pune,2026-05-18,13:46:00,Cloudy,Low,2,Buffet,motorcycle,0,No,13.53,206.86,Wallet,Delivered,,39.4
ORD105334,BENRES01DEL01,27,4.4,Bengaluru,2026-05-18,13:49:00,Fog,Low,2,Meal,electric_scooter,1,No,2.32,323.58,UPI,Delivered,,25.2
ORD103045,PUNRES24DEL01,27,4.6,Pune,2026-05-18,14:13:00,Windy,High,1,Snack,motorcycle,0,No,10.33,196.43,UPI,Delivered,,46.8
ORD103996,DELRES44DEL06,18,4.0,Delhi,2026-05-18,14:16:00,Sunny,Medium,2,Meal,motorcycle,2,No,4.0,306.27,UPI,Delivered,,32.7
ORD101171,BENRES15DEL01,26,4.6,Bengaluru,2026-05-18,14:47:00,Sunny,High,2,Buffet,scooter,3,No,2.07,302.55,UPI,Delivered,,43.6
ORD102364,BENRES05DEL08,18,4.1,Bengaluru,2026-05-18,15:01:00,Cloudy,Medium,2,Drinks,motorcycle,1,No,15.35,446.8,Card,Delivered,,50.9
ORD100196,BENRES42DEL05,28,4.2,Bengaluru,2026-05-18,16:17:00,Cloudy,High,0,Drinks,electric_scooter,0,No,13.83,454.53,UPI,Delivered,,51.8
ORD103171,BENRES34DEL06,34,3.8,Bengaluru,2026-05-18,16:33:00,Sunny,Medium,1,Buffet,electric_scooter,1,No,9.52,261.99,UPI,Delivered,,46.0
ORD101639,BENRES22DEL04,32,4.7,Bengaluru,2026-05-18,16:36:00,Windy,Jam,0,Meal,scooter,0,No,3.97,300.73,Card,Delivered,,36.5
ORD105525,BENRES19DEL06,20,3.8,Bengaluru,2026-05-18,16:59:00,Cloudy,Medium,2,Drinks,scooter,0,No,1.61,209.72,UPI,Delivered,,24.7
ORD100297,PUNRES37DEL01,40,3.9,Pune,2026-05-18,17:41:00,Stormy,Medium,1,Buffet,motorcycle,0,No,2.18,426.56,Cash,Delivered,,33.5
ORD105189,DELRES10DEL02,35,4.2,Delhi,2026-05-18,18:10:00,Sunny,High,1,Buffet,scooter,2,No,1.59,405.05,Card,Delivered,,42.0
ORD100821,HYDRES22DEL04,30,4.4,Hyderabad,2026-05-18,18:34:00,Fog,High,1,Buffet,scooter,0,No,3.45,178.91,UPI,Delivered,,43.3
ORD105276,MUMRES29DEL05,22,4.8,Mumbai,2026-05-18,18:35:00,Sandstorms,Medium,2,Meal,scooter,1,No,3.58,99.77,UPI,Delivered,,35.0
ORD102785,HYDRES39DEL04,26,4.9,Hyderabad,2026-05-18,18:45:00,Sunny,High,1,Meal,motorcycle,0,No,0.9,372.46,Wallet,Delivered,,24.9
ORD103275,MUMRES15DEL07,27,4.3,Mumbai,2026-05-18,19:13:00,Cloudy,Medium,0,Buffet,scooter,0,No,5.1,483.85,UPI,Delivered,,31.9
ORD103995,BENRES22DEL02,21,4.9,Bengaluru,2026-05-18,19:14:00,Fog,Low,0,Buffet,scooter,1,No,3.19,403.32,Wallet,Delivered,,30.2
ORD101637,DELRES31DEL04,24,4.4,Delhi,2026-05-18,19:20:00,Sunny,Medium,3,Buffet,motorcycle,0,No,0.86,114.87,UPI,Delivered,,20.6
ORD105067,DELRES33DEL02,38,4.3,Delhi,2026-05-18,19:28:00,Sunny,Low,0,Snack,motorcycle,2,No,5.96,195.31,Cash,Delivered,,39.2
ORD101701,MUMRES19DEL04,22,4.1,Mumbai,2026-05-18,19:43:00,Sunny,High,1,Snack,motorcycle,0,No,7.09,359.12,Wallet,Delivered,,33.8
ORD102033,MUMRES27DEL02,30,4.3,Mumbai,2026-05-18,19:52:00,Sunny,High,0,Snack,motorcycle,0,No,3.69,536.64,Cash,Delivered,,35.7
ORD105006,DELRES23DEL03,25,4.7,Delhi,2026-05-18,19:53:00,Sunny,Medium,2,Snack,scooter,0,No,1.79,350.54,Card,Delivered,,25.0
ORD105583,DELRES23DEL02,18,4.3,Delhi,2026-05-18,19:58:00,Sunny,Low,0,Meal,motorcycle,0,No,0.9,218.26,UPI,Cancelled,Customer Cancelled,
ORD105922,DELRES09DEL01,23,4.0,Delhi,2026-05-18,20:03:00,Cloudy,High,3,Buffet,motorcycle,1,No,3.8,228.05,UPI,Delivered,,38.7
ORD105942,DELRES25DEL01,24,4.5,Delhi,2026-05-18,20:04:00,Sunny,Low,1,Buffet,motorcycle,0,No,5.27,213.98,UPI,Delivered,,25.1
ORD100063,MUMRES37DEL04,35,4.2,Mumbai,2026-05-18,20:08:00,Sunny,Medium,1,Snack,motorcycle,0,No,3.03,280.75,Card,Delivered,,26.0
ORD103667,BENRES41DEL02,36,4.8,Bengaluru,2026-05-18,20:28:00,Sunny,High,2,Meal,scooter,0,No,2.56,136.79,UPI,Delivered,,29.6
ORD103960,CHERES26DEL08,24,4.6,Chennai,2026-05-18,20:44:00,Sunny,Medium,3,Drinks,motorcycle,2,No,18.5,147.4,Wallet,Delivered,,66.3
ORD104906,DELRES34DEL02,32,4.0,Delhi,2026-05-18,20:55:00,Sunny,Medium,0,Buffet,bicycle,1,No,20.77,285.16,Cash,Delivered,,59.7
ORD103129,BENRES28DEL03,22,4.5,Bengaluru,2026-05-18,21:05:00,Fog,Medium,3,Meal,motorcycle,2,No,3.08,212.98,Card,Delivered,,33.9
ORD100735,PUNRES41DEL04,30,4.3,Pune,2026-05-18,21:08:00,Windy,Medium,2,Buffet,scooter,0,No,6.86,206.0,Wallet,Delivered,,34.8
ORD103021,DELRES30DEL02,32,4.2,Delhi,2026-05-18,21:28:00,Sunny,Jam,0,Meal,motorcycle,0,No,0.94,689.86,UPI,Delivered,,31.2
ORD105218,CHERES22DEL06,38,4.5,Chennai,2026-05-18,21:55:00,Sunny,High,3,Snack,bicycle,0,No,12.4,218.8,Card,Delivered,,48.9
ORD104660,HYDRES24DEL03,18,4.7,Hyderabad,2026-05-18,21:58:00,Sunny,Medium,2,Snack,motorcycle,1,No,2.41,241.63,UPI,Delivered,,33.7
ORD103251,CHERES41DEL03,31,4.1,Chennai,2026-05-18,23:36:00,Sunny,Low,0,Drinks,motorcycle,0,No,2.32,363.1,UPI,Delivered,,20.4
ORD102298,DELRES09DEL03,27,4.5,Delhi,2026-05-18,23:47:00,Windy,Medium,1,Buffet,motorcycle,1,No,1.51,142.95,UPI,Delivered,,35.0
ORD105610,PUNRES36DEL02,27,4.1,Pune,2026-05-19,01:49:00,Windy,Jam,1,Meal,electric_scooter,3,No,1.64,608.77,Wallet,Delivered,,54.5
ORD105559,PUNRES12DEL03,22,4.3,Pune,2026-05-19,07:45:00,Cloudy,Jam,2,Drinks,motorcycle,0,No,0.83,155.62,Card,Delivered,,35.3
ORD102831,CHERES29DEL01,44,4.4,Chennai,2026-05-19,08:10:00,Sandstorms,Jam,1,Snack,motorcycle,0,No,13.11,290.35,UPI,Delivered,,59.4
ORD101160,MUMRES13DEL07,40,3.7,Mumbai,2026-05-19,08:36:00,Sunny,Medium,3,Drinks,electric_scooter,1,No,8.24,492.66,UPI,Delivered,,35.9
ORD102213,MUMRES41DEL03,43,4.7,Mumbai,2026-05-19,08:58:00,Sunny,Low,3,Buffet,scooter,0,No,6.55,402.81,UPI,Delivered,,23.0
ORD103269,BENRES32DEL06,24,4.0,Bengaluru,2026-05-19,09:04:00,Stormy,Medium,2,Snack,scooter,1,No,8.81,173.45,UPI,Delivered,,49.9
ORD101049,MUMRES29DEL03,35,4.2,Mumbai,2026-05-19,09:10:00,Sunny,Low,2,Drinks,electric_scooter,0,No,1.43,574.28,UPI,Delivered,,20.7
ORD100794,BENRES44DEL08,18,4.0,Bengaluru,2026-05-19,09:24:00,Sandstorms,Medium,1,Drinks,electric_scooter,2,No,2.03,268.82,UPI,Delivered,,46.3
ORD103161,BENRES19DEL01,32,4.5,Bengaluru,2026-05-19,11:02:00,Windy,High,2,Snack,scooter,0,No,0.9,670.53,UPI,Delivered,,29.0
ORD102719,DELRES32DEL08,33,3.9,Delhi,2026-05-19,11:36:00,Sunny,High,0,Snack,motorcycle,1,No,23.46,207.65,UPI,Delivered,,67.0
ORD101806,CHERES22DEL01,24,3.9,Chennai,2026-05-19,11:39:00,Sandstorms,Medium,1,Meal,motorcycle,0,No,2.59,217.23,UPI,Delivered,,37.5
ORD100435,DELRES36DEL01,19,4.6,Delhi,2026-05-19,11:59:00,Cloudy,Low,3,Drinks,bicycle,1,No,9.65,626.07,UPI,Delivered,,40.3
ORD102336,MUMRES25DEL04,24,4.0,Mumbai,2026-05-19,12:03:00,Sunny,Low,0,Buffet,bicycle,1,No,3.33,429.79,Cash,Delivered,,30.2
ORD101056,BENRES07DEL01,32,4.8,Bengaluru,2026-05-19,12:05:00,Cloudy,Medium,3,Drinks,scooter,0,No,1.19,643.2,Wallet,Delivered,,18.6
ORD101555,DELRES16DEL05,36,4.3,Delhi,2026-05-19,12:14:00,Fog,High,0,Meal,motorcycle,1,No,4.89,470.54,Card,Delivered,,47.7
ORD102979,DELRES44DEL03,27,4.4,Delhi,2026-05-19,12:14:00,Sunny,Low,3,Buffet,electric_scooter,0,No,3.77,256.25,UPI,Delivered,,24.4
ORD102251,HYDRES21DEL06,32,4.2,Hyderabad,2026-05-19,12:19:00,Stormy,High,3,Buffet,scooter,3,No,4.51,395.56,UPI,Delivered,,60.9
ORD100870,BENRES36DEL01,29,4.2,Bengaluru,2026-05-19,12:24:00,Cloudy,Medium,1,Drinks,motorcycle,0,No,15.94,147.34,Cash,Delivered,,48.3
ORD104628,HYDRES33DEL01,18,4.2,Hyderabad,2026-05-19,12:34:00,Sunny,Jam,0,Snack,scooter,2,No,9.01,124.34,Card,Delivered,,59.2
ORD105943,BENRES21DEL07,25,3.7,Bengaluru,2026-05-19,12:35:00,Cloudy,High,1,Drinks,electric_scooter,0,No,25.0,501.2,Card,Delivered,,57.0
ORD101867,KOLRES29DEL04,43,4.2,Kolkata,2026-05-19,12:41:00,Cloudy,Low,3,Drinks,scooter,0,No,1.91,276.03,UPI,Delivered,,23.7
ORD105563,BENRES17DEL02,40,4.1,Bengaluru,2026-05-19,12:44:00,Sunny,High,3,Snack,motorcycle,1,No,4.92,274.34,UPI,Delivered,,39.6
ORD104665,MUMRES24DEL08,20,4.1,Mumbai,2026-05-19,13:00:00,Cloudy,Medium,2,Meal,motorcycle,2,No,1.05,351.83,UPI,Delivered,,37.3
ORD100632,CHERES32DEL02,32,4.7,Chennai,2026-05-19,13:06:00,Cloudy,Medium,1,Buffet,scooter,0,No,2.02,187.04,UPI,Delivered,,26.4
ORD100958,DELRES06DEL04,38,4.2,Delhi,2026-05-19,13:21:00,Fog,Medium,0,Drinks,bicycle,1,No,1.47,290.27,Cash,Delivered,,31.7
ORD102576,BENRES05DEL08,20,4.1,Bengaluru,2026-05-19,13:59:00,Sunny,High,0,Buffet,motorcycle,0,No,1.73,306.52,UPI,Delivered,,26.8
ORD103673,MUMRES04DEL01,30,4.2,Mumbai,2026-05-19,15:06:00,Sunny,High,2,Buffet,motorcycle,2,No,1.51,255.6,Cash,Delivered,,34.9
ORD102155,MUMRES31DEL06,28,4.5,Mumbai,2026-05-19,15:47:00,Cloudy,Medium,3,Meal,electric_scooter,0,No,1.51,332.86,Cash,Delivered,,33.0
ORD102170,KOLRES07DEL05,19,4.4,Kolkata,2026-05-19,16:06:00,Cloudy,High,1,Snack,scooter,0,No,6.4,468.66,Cash,Cancelled,Restaurant Delay,
ORD101903,HYDRES44DEL06,31,4.3,Hyderabad,2026-05-19,17:25:00,Sandstorms,High,1,Snack,scooter,0,No,4.0,161.62,UPI,Delivered,,39.1
ORD102444,PUNRES27DEL02,26,4.6,Pune,2026-05-19,18:12:00,Cloudy,High,1,Buffet,motorcycle,0,No,4.46,272.68,UPI,Delivered,,35.4
ORD101495,KOLRES02DEL06,28,4.7,Kolkata,2026-05-19,18:16:00,Sandstorms,Medium,3,Snack,scooter,0,No,2.23,325.41,UPI,Cancelled,Weather Disruption,
ORD101782,KOLRES37DEL05,25,3.8,Kolkata,2026-05-19,18:32:00,Sunny,Medium,2,Buffet,electric_scooter,3,No,4.33,452.03,Card,Delivered,,42.6
ORD101227,BENRES07DEL03,31,4.4,Bengaluru,2026-05-19,18:41:00,Cloudy,High,0,Snack,motorcycle,0,No,5.85,171.56,UPI,Delivered,,35.0
ORD103788,BENRES32DEL04,31,4.8,Bengaluru,2026-05-19,18:45:00,Sunny,High,1,Meal,electric_scooter,1,No,4.98,310.55,UPI,Delivered,,38.2
ORD100462,MUMRES04DEL07,26,4.4,Mumbai,2026-05-19,18:46:00,Windy,Medium,3,Meal,motorcycle,1,No,6.87,359.11,UPI,Delivered,,42.5
ORD105691,PUNRES09DEL06,21,4.4,Pune,2026-05-19,18:53:00,Fog,Low,1,Drinks,scooter,0,No,8.74,433.19,Card,Delivered,,42.1
ORD100173,HYDRES08DEL08,38,5.0,Hyderabad,2026-05-19,18:55:00,Fog,High,2,Meal,motorcycle,0,No,1.33,144.97,UPI,Delivered,,38.3
ORD104817,MUMRES27DEL05,37,3.9,Mumbai,2026-05-19,19:01:00,Cloudy,Medium,0,Meal,motorcycle,0,No,7.97,249.8,Cash,Delivered,,35.4
ORD100570,CHERES36DEL01,32,4.8,Chennai,2026-05-19,19:19:00,Sunny,Medium,2,Drinks,scooter,0,No,5.31,204.64,UPI,Delivered,,21.3
ORD101051,DELRES12DEL07,30,4.8,Delhi,2026-05-19,19:44:00,Stormy,High,0,Snack,scooter,0,No,2.24,477.42,Card,Delivered,,43.4
ORD104298,KOLRES05DEL05,24,4.0,Kolkata,2026-05-19,19:44:00,Cloudy,High,1,Meal,electric_scooter,2,No,3.81,446.6,Wallet,Delivered,,44.8
ORD100221,CHERES28DEL08,23,4.7,Chennai,2026-05-19,19:47:00,Windy,Medium,1,Meal,motorcycle,0,No,3.04,402.92,UPI,Delivered,,28.5
ORD101451,MUMRES33DEL03,27,4.8,Mumbai,2026-05-19,19:47:00,Windy,High,1,Drinks,scooter,0,No,4.25,431.59,UPI,Delivered,,41.2
ORD104112,BENRES26DEL08,27,4.0,Bengaluru,2026-05-19,19:51:00,Cloudy,Low,3,Meal,motorcycle,0,No,1.62,233.19,Wallet,Delivered,,26.3
ORD102396,BENRES11DEL06,25,4.6,Bengaluru,2026-05-19,19:54:00,Stormy,Medium,2,Meal,motorcycle,0,No,3.54,749.05,UPI,Delivered,,31.1
ORD103307,DELRES25DEL06,27,4.3,Delhi,2026-05-19,20:03:00,Sunny,Medium,0,Drinks,scooter,0,No,8.68,174.5,Cash,Delivered,,34.8
ORD105111,MUMRES14DEL06,35,4.9,Mumbai,2026-05-19,20:07:00,Windy,Low,2,Drinks,electric_scooter,0,No,11.79,259.0,UPI,Delivered,,34.4
ORD104147,BENRES15DEL04,25,5.0,Bengaluru,2026-05-19,20:09:00,Sunny,Medium,0,Meal,motorcycle,0,No,6.56,488.9,UPI,Delivered,,29.5
ORD104202,BENRES33DEL02,30,4.8,Bengaluru,2026-05-19,20:20:00,Cloudy,Medium,1,Meal,electric_scooter,1,No,5.05,212.03,Cash,Delivered,,32.9
ORD105508,HYDRES40DEL01,27,4.4,Hyderabad,2026-05-19,20:29:00,Cloudy,Low,0,Snack,electric_scooter,1,No,1.18,255.12,UPI,Delivered,,25.4
ORD103742,KOLRES19DEL07,30,4.6,Kolkata,2026-05-19,20:44:00,Sandstorms,Medium,0,Buffet,motorcycle,0,No,0.91,188.18,Cash,Delivered,,28.2
ORD102409,CHERES39DEL07,26,4.9,Chennai,2026-05-19,20:53:00,Windy,Medium,2,Buffet,electric_scooter,2,No,6.26,137.09,UPI,Delivered,,37.2
ORD102943,MUMRES19DEL01,36,4.2,Mumbai,2026-05-19,21:44:00,Fog,Jam,0,Snack,motorcycle,1,No,1.38,213.36,UPI,Delivered,,51.7
ORD105690,DELRES34DEL04,18,4.5,Delhi,2026-05-19,21:51:00,Stormy,Medium,2,Buffet,scooter,0,No,2.03,410.46,Card,Cancelled,Restaurant Delay,
ORD104055,PUNRES08DEL08,30,4.4,Pune,2026-05-19,22:24:00,Sunny,Medium,0,Snack,electric_scooter,0,No,1.58,423.23,Cash,Delivered,,27.5
ORD102848,BENRES13DEL05,34,3.8,Bengaluru,2026-05-19,22:42:00,Stormy,Medium,0,Meal,motorcycle,0,No,3.5,191.72,Card,Delivered,,32.2
ORD105056,BENRES38DEL03,36,4.3,Bengaluru,2026-05-20,00:04:00,Cloudy,Low,1,Meal,motorcycle,0,No,6.22,312.42,Card,Delivered,,28.8
ORD102857,KOLRES21DEL07,26,3.6,Kolkata,2026-05-20,07:46:00,Stormy,Low,1,Snack,electric_scooter,0,No,2.06,323.44,UPI,Delivered,,36.3
ORD103442,BENRES37DEL04,28,4.5,Bengaluru,2026-05-20,07:48:00,Windy,High,1,Drinks,motorcycle,0,No,2.26,201.5,UPI,Delivered,,30.9
ORD102440,MUMRES37DEL03,26,5.0,Mumbai,2026-05-20,08:32:00,Cloudy,Low,0,Drinks,scooter,0,No,3.62,666.52,Card,Delivered,,27.8
ORD102278,BENRES21DEL07,25,4.6,Bengaluru,2026-05-20,08:44:00,Windy,Low,2,Buffet,motorcycle,0,No,0.86,371.47,UPI,Delivered,,21.2
ORD100918,KOLRES22DEL05,24,4.1,Kolkata,2026-05-20,10:02:00,Sandstorms,Medium,2,Snack,motorcycle,0,No,10.16,445.32,Cash,Delivered,,51.4
ORD102907,BENRES33DEL04,28,4.6,Bengaluru,2026-05-20,10:56:00,Stormy,High,2,Buffet,electric_scooter,0,No,2.0,184.32,UPI,Delivered,,39.8
ORD101381,HYDRES09DEL07,32,4.3,Hyderabad,2026-05-20,11:18:00,Cloudy,Medium,0,Drinks,motorcycle,1,No,6.88,516.07,Cash,Cancelled,Delivery Partner Unavailable,
ORD104001,MUMRES05DEL02,29,4.6,Mumbai,2026-05-20,11:46:00,Sunny,Jam,1,Drinks,motorcycle,2,No,14.76,268.43,UPI,Delivered,,64.8
ORD105120,BENRES24DEL07,27,4.1,Bengaluru,2026-05-20,12:12:00,Windy,Low,2,Snack,motorcycle,0,No,1.52,265.56,Cash,Delivered,,19.1
ORD105801,BENRES06DEL07,23,4.5,Bengaluru,2026-05-20,12:13:00,Sunny,Low,0,Buffet,scooter,2,No,2.43,457.76,Wallet,Delivered,,28.4
ORD102220,DELRES31DEL02,21,4.5,Delhi,2026-05-20,12:35:00,Sandstorms,Low,1,Snack,electric_scooter,1,No,2.21,338.96,UPI,Delivered,,34.0
ORD101919,HYDRES36DEL03,21,5.0,Hyderabad,2026-05-20,12:38:00,Cloudy,Low,1,Snack,scooter,0,No,3.19,284.93,Cash,Delivered,,27.5
ORD105103,CHERES38DEL05,23,4.6,Chennai,2026-05-20,12:42:00,Cloudy,High,0,Meal,scooter,0,No,8.48,277.69,Cash,Delivered,,39.7
ORD101208,PUNRES21DEL01,22,4.5,Pune,2026-05-20,12:52:00,Cloudy,Medium,2,Drinks,scooter,3,No,0.89,185.98,UPI,Delivered,,40.1
ORD105339,PUNRES34DEL03,30,4.6,Pune,2026-05-20,13:48:00,Sunny,High,1,Buffet,electric_scooter,0,No,1.6,378.07,Card,Cancelled,Customer Cancelled,
ORD102985,MUMRES40DEL03,32,4.0,Mumbai,2026-05-20,14:46:00,Cloudy,Low,1,Snack,scooter,0,No,1.81,637.49,Card,Delivered,,26.8
ORD104367,BENRES28DEL01,26,4.1,Bengaluru,2026-05-20,14:55:00,Sunny,Medium,2,Snack,motorcycle,3,No,4.97,89.99,UPI,Cancelled,Restaurant Delay,
ORD103388,BENRES08DEL08,32,4.9,Bengaluru,2026-05-20,17:43:00,Sunny,Low,0,Buffet,motorcycle,0,No,1.63,467.97,Card,Delivered,,23.4
ORD103861,BENRES02DEL06,25,5.0,Bengaluru,2026-05-20,18:19:00,Stormy,Low,1,Snack,motorcycle,1,No,5.44,216.73,Wallet,Cancelled,Weather Disruption,
ORD101388,DELRES25DEL03,33,4.4,Delhi,2026-05-20,18:24:00,Sandstorms,Low,0,Meal,electric_scooter,0,No,5.02,374.82,UPI,Delivered,,36.0
ORD102133,KOLRES28DEL01,19,4.0,Kolkata,2026-05-20,18:47:00,Cloudy,High,2,Meal,scooter,0,No,2.38,348.32,UPI,Delivered,,35.4
ORD104683,DELRES14DEL03,31,3.9,Delhi,2026-05-20,18:54:00,Stormy,Medium,2,Snack,motorcycle,2,No,9.6,481.01,Cash,Delivered,,55.3
ORD104380,MUMRES14DEL08,30,4.2,Mumbai,2026-05-20,18:58:00,Cloudy,Low,3,Buffet,motorcycle,1,No,2.99,468.31,Card,Delivered,,25.2
ORD103006,KOLRES09DEL08,20,4.4,Kolkata,2026-05-20,19:12:00,Sunny,Medium,2,Drinks,scooter,0,No,1.99,282.02,UPI,Cancelled,Delivery Partner Unavailable,
ORD104123,CHERES40DEL04,25,4.0,Chennai,2026-05-20,19:30:00,Fog,Medium,3,Buffet,motorcycle,2,No,2.57,324.36,UPI,Delivered,,41.0
ORD104916,CHERES02DEL01,37,4.4,Chennai,2026-05-20,19:32:00,Cloudy,Medium,2,Buffet,scooter,1,No,5.18,397.63,UPI,Delivered,,39.6
ORD101574,MUMRES37DEL01,30,3.9,Mumbai,2026-05-20,19:38:00,Cloudy,Low,0,Buffet,motorcycle,1,No,8.11,303.09,Card,Delivered,,38.2
ORD101324,BENRES33DEL04,27,4.2,Bengaluru,2026-05-20,19:42:00,Windy,Medium,2,Buffet,motorcycle,0,No,2.53,217.48,UPI,Delivered,,35.3
ORD100502,MUMRES26DEL02,33,4.4,Mumbai,2026-05-20,19:45:00,Sunny,High,1,Drinks,motorcycle,0,No,1.72,401.83,UPI,Delivered,,32.0
ORD105513,HYDRES42DEL01,28,4.1,Hyderabad,2026-05-20,19:55:00,Sunny,Low,1,Drinks,scooter,1,No,5.66,237.87,Wallet,Delivered,,29.9
ORD101982,KOLRES17DEL05,28,4.6,Kolkata,2026-05-20,19:56:00,Fog,Low,0,Drinks,electric_scooter,1,No,2.09,228.59,UPI,Delivered,,32.3
ORD100900,BENRES41DEL01,23,4.5,Bengaluru,2026-05-20,19:59:00,Cloudy,Low,2,Snack,motorcycle,1,No,9.01,399.56,Card,Delivered,,34.7
ORD104466,KOLRES19DEL08,26,4.3,Kolkata,2026-05-20,20:37:00,Windy,High,1,Drinks,scooter,0,No,4.4,358.86,UPI,Delivered,,32.0
ORD100983,HYDRES18DEL02,31,4.6,Hyderabad,2026-05-20,20:48:00,Sunny,Low,0,Snack,motorcycle,0,No,5.26,106.83,UPI,Cancelled,Weather Disruption,
ORD102127,KOLRES06DEL08,27,4.4,Kolkata,2026-05-20,20:48:00,Sandstorms,Low,3,Meal,motorcycle,0,No,1.91,455.86,Wallet,Delivered,,36.8
ORD100266,HYDRES04DEL08,27,5.0,Hyderabad,2026-05-20,20:55:00,Sunny,Medium,2,Buffet,motorcycle,1,No,2.24,437.62,Card,Delivered,,31.0
ORD104320,KOLRES24DEL01,30,3.9,Kolkata,2026-05-20,21:18:00,Sunny,Jam,3,Buffet,motorcycle,1,No,0.93,467.6,Cash,Delivered,,39.8
ORD100312,CHERES39DEL01,25,4.3,Chennai,2026-05-20,21:28:00,Stormy,Jam,2,Drinks,motorcycle,0,No,1.6,430.55,UPI,Delivered,,49.4
ORD100702,CHERES23DEL06,28,4.4,Chennai,2026-05-20,21:28:00,Stormy,Medium,1,Drinks,motorcycle,0,No,4.26,359.34,UPI,Delivered,,42.7
ORD105386,KOLRES41DEL05,31,4.7,Kolkata,2026-05-20,21:37:00,Fog,High,3,Drinks,scooter,1,No,2.94,585.8,UPI,Cancelled,Traffic Delay,
ORD103755,MUMRES06DEL04,32,3.9,Mumbai,2026-05-20,21:44:00,Sunny,Low,0,Drinks,bicycle,0,No,7.44,867.67,Cash,Delivered,,28.8
ORD100461,KOLRES44DEL05,21,4.5,Kolkata,2026-05-20,21:46:00,Sunny,Medium,3,Buffet,motorcycle,0,No,21.72,261.68,UPI,Delivered,,53.0
ORD103293,PUNRES29DEL08,34,3.7,Pune,2026-05-20,21:46:00,Sunny,Low,3,Buffet,motorcycle,0,No,3.78,328.92,Card,Delivered,,29.2
ORD101696,BENRES08DEL03,27,4.2,Bengaluru,2026-05-20,21:57:00,Sunny,Low,3,Buffet,electric_scooter,0,No,1.79,471.81,UPI,Delivered,,30.8
ORD100562,HYDRES05DEL02,33,4.6,Hyderabad,2026-05-20,21:59:00,Sandstorms,Low,1,Drinks,scooter,1,No,1.35,154.55,UPI,Delivered,,33.6
ORD104649,DELRES23DEL05,45,4.6,Delhi,2026-05-20,22:56:00,Cloudy,Medium,3,Snack,scooter,2,No,1.38,225.61,Wallet,Delivered,,28.2
ORD101494,PUNRES44DEL04,30,3.8,Pune,2026-05-20,23:33:00,Fog,High,3,Meal,motorcycle,0,No,8.15,80.0,Card,Delivered,,43.2
ORD103064,DELRES07DEL03,35,4.4,Delhi,2026-05-20,23:50:00,Sunny,High,1,Snack,motorcycle,2,No,12.3,257.6,UPI,Delivered,,51.9
ORD103390,MUMRES15DEL08,27,4.0,Mumbai,2026-05-21,04:26:00,Cloudy,High,0,Meal,motorcycle,0,No,5.62,145.94,UPI,Delivered,,39.7
ORD100844,CHERES07DEL04,25,4.5,Chennai,2026-05-21,04:30:00,Fog,Low,3,Meal,scooter,2,No,3.35,360.73,UPI,Delivered,,40.3
ORD105296,DELRES02DEL04,21,5.0,Delhi,2026-05-21,06:03:00,Windy,Low,2,Buffet,scooter,1,No,1.62,148.61,UPI,Delivered,,32.9
ORD105174,DELRES11DEL08,31,4.3,Delhi,2026-05-21,06:40:00,Cloudy,Medium,2,Snack,scooter,0,No,8.69,539.31,UPI,Delivered,,39.7
ORD105015,BENRES25DEL04,30,4.3,Bengaluru,2026-05-21,07:32:00,Sunny,Low,1,Snack,scooter,1,No,3.7,298.19,Card,Delivered,,33.2
ORD100654,BENRES07DEL07,29,4.7,Bengaluru,2026-05-21,08:18:00,Sunny,Low,2,Meal,scooter,1,No,1.55,584.11,Card,Delivered,,25.3
ORD105459,MUMRES36DEL07,34,4.7,Mumbai,2026-05-21,08:22:00,Sunny,Medium,3,Meal,bicycle,2,No,1.44,117.12,UPI,Delivered,,29.8
ORD104184,DELRES18DEL03,36,4.5,Delhi,2026-05-21,08:27:00,Sunny,High,3,Drinks,motorcycle,1,No,3.14,245.98,UPI,Delivered,,33.4
ORD100211,DELRES37DEL06,35,4.1,Delhi,2026-05-21,08:34:00,Stormy,High,2,Buffet,motorcycle,0,No,6.69,109.65,UPI,Delivered,,47.0
ORD100444,MUMRES19DEL04,33,4.1,Mumbai,2026-05-21,10:59:00,Cloudy,High,1,Snack,scooter,1,No,1.31,493.54,Cash,Delivered,,36.4
ORD104152,BENRES16DEL01,33,4.1,Bengaluru,2026-05-21,11:39:00,Windy,Low,3,Drinks,motorcycle,0,No,5.22,319.92,Cash,Delivered,,26.7
ORD100002,DELRES01DEL05,29,4.5,Delhi,2026-05-21,11:48:00,Windy,High,1,Meal,electric_scooter,1,No,1.55,334.96,Card,Delivered,,34.9
ORD103173,PUNRES23DEL05,24,4.2,Pune,2026-05-21,12:55:00,Windy,High,3,Buffet,motorcycle,0,No,2.55,348.04,UPI,Delivered,,36.4
ORD103758,PUNRES06DEL05,35,4.0,Pune,2026-05-21,13:09:00,Cloudy,Low,1,Snack,electric_scooter,0,No,2.82,246.09,Card,Delivered,,27.6
ORD105835,MUMRES23DEL06,28,4.7,Mumbai,2026-05-21,13:27:00,Sunny,Medium,1,Buffet,scooter,0,No,2.49,195.41,UPI,Delivered,,27.3
ORD103682,DELRES32DEL03,33,4.6,Delhi,2026-05-21,13:53:00,Sunny,Low,2,Meal,motorcycle,0,No,7.72,239.79,UPI,Delivered,,37.4
ORD103568,HYDRES05DEL03,25,4.0,Hyderabad,2026-05-21,16:08:00,Fog,High,0,Drinks,electric_scooter,0,No,25.0,427.94,UPI,Delivered,,72.5
ORD101331,CHERES43DEL06,33,5.0,Chennai,2026-05-21,16:18:00,Fog,Jam,2,Meal,motorcycle,0,No,3.84,470.27,UPI,Delivered,,48.7
ORD100732,MUMRES17DEL08,25,4.5,Mumbai,2026-05-21,17:04:00,Cloudy,Low,2,Drinks,motorcycle,0,No,3.71,295.12,Card,Delivered,,26.1
ORD102761,BENRES01DEL05,23,4.1,Bengaluru,2026-05-21,17:14:00,Windy,High,2,Drinks,scooter,0,No,11.37,216.6,UPI,Delivered,,39.7
ORD101703,KOLRES02DEL01,24,4.0,Kolkata,2026-05-21,17:18:00,Cloudy,Low,1,Snack,motorcycle,0,No,7.83,80.0,Wallet,Delivered,,26.8
ORD105039,DELRES05DEL08,28,4.4,Delhi,2026-05-21,17:52:00,Sunny,High,2,Snack,motorcycle,1,No,6.6,212.83,Card,Delivered,,39.8
ORD105928,CHERES20DEL07,31,4.2,Chennai,2026-05-21,18:40:00,Cloudy,Medium,3,Snack,scooter,0,No,2.3,157.26,Card,Delivered,,24.5
ORD101109,CHERES23DEL03,24,5.0,Chennai,2026-05-21,19:35:00,Fog,Low,1,Buffet,scooter,2,No,2.56,163.93,UPI,Cancelled,Customer Cancelled,
ORD103291,DELRES20DEL06,28,4.5,Delhi,2026-05-21,19:43:00,Windy,Medium,3,Meal,motorcycle,0,No,6.04,195.38,UPI,Delivered,,38.4
ORD102603,CHERES42DEL03,28,4.4,Chennai,2026-05-21,19:47:00,Stormy,High,3,Meal,motorcycle,0,No,1.7,466.51,UPI,Delivered,,42.3
ORD101407,BENRES09DEL01,30,4.9,Bengaluru,2026-05-21,20:03:00,Sunny,Low,3,Buffet,motorcycle,1,No,2.01,499.91,UPI,Delivered,,31.9
ORD104302,MUMRES14DEL05,38,4.4,Mumbai,2026-05-21,20:09:00,Sunny,Low,1,Meal,motorcycle,2,No,3.32,248.86,Cash,Delivered,,33.0
ORD104438,DELRES09DEL03,28,4.5,Delhi,2026-05-21,20:13:00,Windy,Low,0,Snack,motorcycle,0,No,8.51,177.99,UPI,Delivered,,33.9
ORD100600,PUNRES38DEL03,27,4.0,Pune,2026-05-21,20:32:00,Cloudy,Jam,0,Drinks,motorcycle,0,No,5.45,147.26,Card,Delivered,,44.9
ORD102586,PUNRES05DEL06,33,4.1,Pune,2026-05-21,20:41:00,Stormy,Medium,1,Meal,electric_scooter,0,No,6.02,386.35,Wallet,Cancelled,Delivery Partner Unavailable,
ORD102876,CHERES03DEL06,33,4.2,Chennai,2026-05-21,20:46:00,Cloudy,High,0,Snack,motorcycle,0,No,8.99,205.91,Cash,Delivered,,42.0
ORD104442,DELRES06DEL08,30,4.1,Delhi,2026-05-21,20:54:00,Sunny,Medium,2,Snack,electric_scooter,1,No,3.83,268.68,Cash,Delivered,,35.2
ORD101307,CHERES11DEL01,18,4.6,Chennai,2026-05-21,21:37:00,Cloudy,High,3,Buffet,scooter,1,No,5.39,114.55,UPI,Delivered,,43.3
ORD103961,MUMRES06DEL05,21,4.8,Mumbai,2026-05-21,21:40:00,Windy,Low,0,Snack,motorcycle,1,No,7.37,333.67,Wallet,Delivered,,33.5
ORD102981,MUMRES29DEL01,41,4.3,Mumbai,2026-05-21,21:45:00,Sandstorms,Medium,2,Snack,motorcycle,0,No,1.32,252.75,Cash,Delivered,,31.0
ORD101710,MUMRES37DEL05,32,4.6,Mumbai,2026-05-21,21:54:00,Cloudy,Medium,0,Meal,electric_scooter,1,No,3.78,249.06,UPI,Delivered,,33.3
ORD104214,KOLRES32DEL08,28,4.2,Kolkata,2026-05-21,22:40:00,Sandstorms,Medium,1,Buffet,motorcycle,2,No,7.98,287.76,Wallet,Delivered,,51.5
ORD100466,PUNRES25DEL01,34,4.3,Pune,2026-05-21,22:59:00,Cloudy,Jam,0,Snack,electric_scooter,0,No,5.57,351.34,UPI,Cancelled,Traffic Delay,
ORD105113,BENRES28DEL03,33,4.7,Bengaluru,2026-05-21,23:39:00,Sunny,Low,1,Buffet,bicycle,0,No,3.92,177.73,UPI,Delivered,,24.0
ORD105526,PUNRES16DEL08,28,4.3,Pune,2026-05-22,05:06:00,Sunny,High,2,Buffet,motorcycle,0,No,4.48,241.35,Cash,Delivered,,36.9
ORD105476,CHERES31DEL06,30,4.7,Chennai,2026-05-22,06:28:00,Cloudy,Jam,3,Drinks,motorcycle,1,No,2.65,504.02,Cash,Delivered,,48.7
ORD102821,BENRES43DEL06,23,4.0,Bengaluru,2026-05-22,07:35:00,Stormy,Low,2,Meal,electric_scooter,1,No,3.24,405.79,Wallet,Delivered,,36.2
ORD100679,DELRES18DEL04,21,4.2,Delhi,2026-05-22,08:05:00,Sunny,Low,1,Meal,motorcycle,3,No,8.64,80.0,Card,Delivered,,42.7
ORD101333,HYDRES37DEL06,32,3.9,Hyderabad,2026-05-22,09:40:00,Fog,High,2,Drinks,motorcycle,0,No,2.05,300.39,UPI,Delivered,,38.8
ORD103065,BENRES06DEL06,28,4.9,Bengaluru,2026-05-22,10:01:00,Fog,Low,1,Meal,scooter,2,No,4.72,517.8,Cash,Delivered,,43.9
ORD103736,BENRES23DEL04,33,4.6,Bengaluru,2026-05-22,10:26:00,Fog,Medium,1,Meal,electric_scooter,0,No,6.2,169.96,UPI,Delivered,,43.4
ORD105003,BENRES14DEL07,31,4.0,Bengaluru,2026-05-22,10:49:00,Sandstorms,Low,2,Drinks,scooter,2,No,3.2,222.41,UPI,Delivered,,40.9
ORD101025,DELRES44DEL07,34,4.3,Delhi,2026-05-22,11:00:00,Sunny,Medium,3,Drinks,scooter,1,No,5.35,353.34,UPI,Delivered,,26.0
ORD100121,BENRES40DEL08,24,3.9,Bengaluru,2026-05-22,11:02:00,Fog,Low,1,Drinks,motorcycle,2,No,8.19,158.84,Cash,Delivered,,50.2
ORD105494,KOLRES13DEL04,46,4.1,Kolkata,2026-05-22,11:20:00,Sunny,Low,1,Snack,scooter,0,No,1.76,517.66,UPI,Delivered,,18.7
ORD100339,HYDRES17DEL05,26,4.1,Hyderabad,2026-05-22,11:27:00,Cloudy,High,1,Meal,motorcycle,1,No,3.67,386.2,UPI,Delivered,,37.1
ORD102523,CHERES02DEL04,19,4.5,Chennai,2026-05-22,11:28:00,Sunny,High,2,Drinks,motorcycle,2,No,7.76,337.72,UPI,Delivered,,53.1
ORD105293,CHERES42DEL06,24,4.0,Chennai,2026-05-22,11:28:00,Sandstorms,Medium,1,Buffet,scooter,0,No,1.33,188.25,UPI,Delivered,,33.5
ORD104082,MUMRES10DEL04,35,4.4,Mumbai,2026-05-22,11:42:00,Windy,Medium,2,Drinks,scooter,0,No,3.4,306.79,Cash,Delivered,,31.9
ORD103769,PUNRES12DEL04,37,4.2,Pune,2026-05-22,11:48:00,Windy,Low,0,Drinks,bicycle,0,No,9.06,129.12,Wallet,Delivered,,39.0
ORD100512,BENRES28DEL02,31,3.8,Bengaluru,2026-05-22,12:14:00,Cloudy,High,3,Snack,motorcycle,0,No,11.55,336.42,Cash,Delivered,,46.1
ORD101583,HYDRES37DEL01,22,5.0,Hyderabad,2026-05-22,12:51:00,Sunny,High,2,Buffet,motorcycle,0,No,12.91,284.15,UPI,Delivered,,53.2
ORD104385,MUMRES13DEL01,28,3.5,Mumbai,2026-05-22,13:29:00,Sunny,Medium,2,Drinks,motorcycle,0,No,13.59,245.96,Cash,Delivered,,43.5
ORD103346,DELRES24DEL03,43,4.3,Delhi,2026-05-22,13:57:00,Cloudy,Low,2,Buffet,scooter,0,No,2.76,189.36,UPI,Delivered,,21.4
ORD102001,BENRES29DEL08,34,4.2,Bengaluru,2026-05-22,14:39:00,Stormy,Medium,3,Drinks,bicycle,1,No,7.01,376.18,Card,Cancelled,Weather Disruption,
ORD101457,DELRES18DEL02,31,3.8,Delhi,2026-05-22,14:47:00,Fog,High,0,Buffet,electric_scooter,0,No,9.67,190.89,Card,Cancelled,Weather Disruption,
ORD104443,HYDRES11DEL01,31,4.0,Hyderabad,2026-05-22,14:57:00,Cloudy,High,3,Snack,scooter,0,No,21.91,278.97,UPI,Delivered,,63.0
ORD100164,BENRES37DEL05,24,3.8,Bengaluru,2026-05-22,16:12:00,Sandstorms,Jam,2,Buffet,motorcycle,0,No,4.51,382.07,UPI,Delivered,,48.7
ORD104049,CHERES44DEL06,26,4.7,Chennai,2026-05-22,17:08:00,Cloudy,Medium,3,Buffet,motorcycle,0,No,1.29,197.34,UPI,Delivered,,22.0
ORD103464,HYDRES44DEL01,21,4.9,Hyderabad,2026-05-22,17:17:00,Windy,High,3,Snack,scooter,0,No,3.65,342.46,UPI,Delivered,,33.9
ORD104864,BENRES11DEL02,28,4.9,Bengaluru,2026-05-22,17:37:00,Stormy,Low,3,Buffet,electric_scooter,1,No,3.41,447.24,Wallet,Delivered,,35.2
ORD105213,BENRES07DEL05,27,3.9,Bengaluru,2026-05-22,17:43:00,Cloudy,High,2,Buffet,electric_scooter,1,No,2.06,217.49,Card,Delivered,,37.1
ORD100666,MUMRES36DEL08,25,4.5,Mumbai,2026-05-22,17:46:00,Cloudy,Low,0,Meal,motorcycle,1,No,4.09,234.98,Card,Delivered,,29.6
ORD105069,MUMRES21DEL06,27,3.9,Mumbai,2026-05-22,17:51:00,Sunny,Jam,3,Meal,motorcycle,0,No,4.98,80.0,UPI,Delivered,,43.6
ORD105199,HYDRES18DEL06,33,3.7,Hyderabad,2026-05-22,17:55:00,Sunny,Medium,2,Buffet,motorcycle,0,No,1.43,281.48,UPI,Delivered,,31.9
ORD100335,BENRES07DEL02,28,4.4,Bengaluru,2026-05-22,18:13:00,Sunny,Jam,3,Snack,bicycle,1,No,1.86,396.96,UPI,Cancelled,Customer Cancelled,
ORD105274,CHERES21DEL03,28,4.3,Chennai,2026-05-22,18:29:00,Sunny,Low,1,Meal,scooter,0,No,5.94,298.11,UPI,Delivered,,31.3
ORD102538,MUMRES17DEL03,32,4.2,Mumbai,2026-05-22,18:47:00,Windy,Low,1,Snack,scooter,3,No,3.22,258.5,UPI,Delivered,,37.2
ORD103029,HYDRES20DEL08,25,4.4,Hyderabad,2026-05-22,18:59:00,Stormy,Medium,2,Drinks,motorcycle,1,No,7.02,443.51,Card,Delivered,,52.4
ORD105967,MUMRES29DEL01,43,5.0,Mumbai,2026-05-22,19:16:00,Windy,High,2,Drinks,motorcycle,2,No,6.18,293.04,UPI,Delivered,,51.9
ORD105309,DELRES42DEL03,29,4.3,Delhi,2026-05-22,19:25:00,Sandstorms,Medium,1,Buffet,motorcycle,3,No,4.45,239.38,Cash,Delivered,,56.4
ORD104892,MUMRES19DEL05,29,3.9,Mumbai,2026-05-22,19:26:00,Sunny,Medium,3,Snack,motorcycle,0,No,6.96,290.22,UPI,Delivered,,29.9
ORD102797,HYDRES21DEL04,23,4.3,Hyderabad,2026-05-22,19:32:00,Sunny,Low,2,Drinks,scooter,0,No,16.08,287.18,UPI,Delivered,,44.4
ORD102818,CHERES16DEL04,20,3.9,Chennai,2026-05-22,19:33:00,Cloudy,Medium,2,Buffet,scooter,0,No,1.74,420.49,UPI,Delivered,,25.7
ORD100484,MUMRES17DEL02,37,4.4,Mumbai,2026-05-22,19:38:00,Sunny,Medium,2,Buffet,motorcycle,0,No,6.48,189.0,UPI,Delivered,,30.6
ORD104513,BENRES30DEL04,33,4.4,Bengaluru,2026-05-22,19:38:00,Fog,Low,1,Meal,motorcycle,0,No,1.09,533.26,Card,Delivered,,20.8
ORD101813,HYDRES02DEL01,20,4.6,Hyderabad,2026-05-22,19:48:00,Sunny,Medium,1,Meal,motorcycle,1,No,2.58,99.43,Wallet,Delivered,,28.5
ORD105934,DELRES20DEL05,23,4.3,Delhi,2026-05-22,19:52:00,Windy,Medium,0,Buffet,electric_scooter,1,No,1.26,189.32,UPI,Delivered,,23.9
ORD101082,MUMRES14DEL08,37,4.1,Mumbai,2026-05-22,19:56:00,Sunny,High,3,Meal,electric_scooter,1,No,3.75,277.72,Cash,Delivered,,37.4
ORD100322,MUMRES34DEL01,18,4.8,Mumbai,2026-05-22,20:22:00,Stormy,Medium,0,Meal,bicycle,0,No,2.37,326.75,Card,Delivered,,35.9
ORD104017,PUNRES26DEL01,27,4.2,Pune,2026-05-22,20:24:00,Fog,Medium,0,Meal,scooter,1,No,4.8,565.84,UPI,Delivered,,42.5
ORD101341,HYDRES01DEL01,27,3.9,Hyderabad,2026-05-22,20:40:00,Fog,Jam,3,Meal,motorcycle,0,No,4.43,281.57,UPI,Delivered,,42.5
ORD100860,MUMRES16DEL02,28,4.3,Mumbai,2026-05-22,20:45:00,Windy,Medium,1,Buffet,scooter,0,No,25.0,164.36,Cash,Delivered,,60.6
ORD102732,MUMRES33DEL03,35,4.7,Mumbai,2026-05-22,20:55:00,Sunny,Medium,0,Drinks,scooter,1,No,4.67,444.36,UPI,Delivered,,41.6
ORD102641,CHERES34DEL04,36,4.7,Chennai,2026-05-22,22:58:00,Sandstorms,Medium,3,Meal,motorcycle,1,No,1.15,161.03,UPI,Delivered,,42.2
ORD105655,MUMRES21DEL01,26,5.0,Mumbai,2026-05-22,23:05:00,Sunny,Medium,0,Snack,electric_scooter,0,No,0.85,455.42,UPI,Delivered,,24.4
ORD101216,CHERES09DEL04,31,4.4,Chennai,2026-05-23,07:21:00,Cloudy,Low,1,Buffet,motorcycle,1,No,6.89,339.35,Card,Delivered,,36.4
ORD102393,CHERES39DEL03,28,4.0,Chennai,2026-05-23,08:42:00,Windy,Low,3,Snack,bicycle,2,No,8.98,366.96,Wallet,Delivered,,43.8
ORD105955,CHERES17DEL04,24,3.9,Chennai,2026-05-23,09:00:00,Sunny,Jam,0,Snack,motorcycle,1,No,3.33,414.57,UPI,Delivered,,40.6
ORD102031,MUMRES26DEL01,31,4.5,Mumbai,2026-05-23,11:02:00,Sunny,High,3,Buffet,electric_scooter,1,No,4.6,214.12,Card,Delivered,,32.8
ORD104602,BENRES19DEL06,32,4.3,Bengaluru,2026-05-23,11:11:00,Cloudy,Low,1,Snack,bicycle,0,No,1.75,273.81,Cash,Delivered,,23.4
ORD105939,KOLRES23DEL04,23,3.8,Kolkata,2026-05-23,11:16:00,Cloudy,Medium,3,Buffet,motorcycle,1,No,5.28,289.24,Wallet,Delivered,,43.9
ORD104414,PUNRES05DEL06,45,4.8,Pune,2026-05-23,11:49:00,Sandstorms,Jam,2,Buffet,scooter,0,No,8.21,346.26,Cash,Delivered,,55.6
ORD101197,KOLRES18DEL06,40,4.4,Kolkata,2026-05-23,12:12:00,Sunny,Medium,0,Buffet,motorcycle,0,No,8.79,520.61,Card,Delivered,,35.9
ORD100899,DELRES07DEL08,36,4.0,Delhi,2026-05-23,12:15:00,Stormy,Low,0,Drinks,motorcycle,1,No,12.68,432.32,UPI,Delivered,,52.9
ORD102267,BENRES41DEL04,28,4.3,Bengaluru,2026-05-23,12:16:00,Sandstorms,Medium,2,Drinks,motorcycle,0,No,6.91,196.24,Card,Delivered,,44.9
ORD105888,BENRES17DEL01,33,4.2,Bengaluru,2026-05-23,12:19:00,Sunny,Medium,2,Buffet,motorcycle,0,No,6.97,217.12,Cash,Delivered,,29.8
ORD103010,PUNRES08DEL07,26,4.5,Pune,2026-05-23,12:30:00,Sunny,High,0,Buffet,electric_scooter,2,No,1.44,214.34,UPI,Delivered,,34.0
ORD104148,CHERES27DEL06,29,3.8,Chennai,2026-05-23,12:50:00,Cloudy,High,0,Snack,motorcycle,1,No,3.7,250.03,Cash,Cancelled,Weather Disruption,
ORD102841,PUNRES27DEL04,28,4.2,Pune,2026-05-23,12:53:00,Cloudy,High,0,Snack,electric_scooter,0,No,13.67,363.48,Card,Delivered,,54.6
ORD104902,BENRES09DEL08,32,4.7,Bengaluru,2026-05-23,12:54:00,Cloudy,Low,1,Meal,motorcycle,0,No,1.36,443.28,Card,Delivered,,23.3
ORD102963,PUNRES19DEL05,33,3.8,Pune,2026-05-23,13:06:00,Windy,High,1,Buffet,bicycle,0,No,0.93,390.26,Card,Delivered,,29.4
ORD100162,DELRES30DEL04,21,5.0,Delhi,2026-05-23,13:32:00,Stormy,Medium,3,Drinks,motorcycle,1,No,7.71,259.34,Cash,Delivered,,45.9
ORD104208,CHERES44DEL08,37,4.2,Chennai,2026-05-23,13:34:00,Sunny,High,0,Snack,scooter,0,No,8.95,319.22,Cash,Delivered,,41.7
ORD102545,BENRES21DEL01,23,4.2,Bengaluru,2026-05-23,13:35:00,Cloudy,Medium,0,Meal,motorcycle,1,No,1.58,402.52,UPI,Delivered,,28.5
ORD103000,MUMRES12DEL08,42,4.8,Mumbai,2026-05-23,13:49:00,Cloudy,Medium,1,Drinks,motorcycle,1,No,1.17,309.01,Card,Delivered,,35.3
ORD101836,CHERES05DEL01,33,5.0,Chennai,2026-05-23,13:51:00,Fog,Medium,3,Snack,scooter,0,No,4.18,416.97,Wallet,Delivered,,37.1
ORD105356,DELRES19DEL04,44,4.4,Delhi,2026-05-23,13:55:00,Sunny,Low,1,Drinks,scooter,1,No,4.34,439.48,UPI,Delivered,,27.2
ORD103613,MUMRES04DEL05,25,4.0,Mumbai,2026-05-23,16:54:00,Sunny,Medium,0,Buffet,scooter,3,No,11.24,286.74,Cash,Delivered,,52.2
ORD103721,PUNRES04DEL02,24,4.7,Pune,2026-05-23,17:06:00,Sunny,Medium,1,Meal,motorcycle,0,No,4.82,141.45,Card,Delivered,,35.6
ORD103990,BENRES41DEL08,25,4.3,Bengaluru,2026-05-23,17:19:00,Windy,Medium,1,Buffet,bicycle,0,No,2.41,163.5,UPI,Delivered,,27.4
ORD105079,PUNRES15DEL04,30,4.3,Pune,2026-05-23,17:23:00,Sunny,Low,1,Buffet,motorcycle,0,No,15.39,183.61,UPI,Delivered,,38.0
ORD104647,HYDRES32DEL02,25,4.3,Hyderabad,2026-05-23,17:28:00,Sunny,Low,0,Meal,bicycle,0,No,8.78,366.29,UPI,Delivered,,31.2
ORD101752,MUMRES23DEL02,40,3.8,Mumbai,2026-05-23,17:33:00,Windy,High,1,Drinks,electric_scooter,0,No,1.18,359.7,UPI,Delivered,,25.6
ORD105520,DELRES39DEL03,27,4.8,Delhi,2026-05-23,18:06:00,Sunny,High,3,Buffet,scooter,2,No,9.14,613.23,UPI,Cancelled,Traffic Delay,
ORD101902,BENRES15DEL08,21,4.3,Bengaluru,2026-05-23,18:07:00,Sunny,Low,2,Meal,scooter,0,No,2.55,291.01,UPI,Delivered,,22.4
ORD105032,PUNRES16DEL02,22,4.0,Pune,2026-05-23,18:18:00,Cloudy,Medium,1,Meal,motorcycle,0,No,15.98,205.87,Cash,Delivered,,47.8
ORD103999,HYDRES09DEL02,29,4.7,Hyderabad,2026-05-23,18:29:00,Sunny,Medium,0,Meal,motorcycle,0,No,3.24,285.6,UPI,Delivered,,30.0
ORD101491,MUMRES32DEL04,39,4.0,Mumbai,2026-05-23,19:18:00,Windy,Low,2,Snack,motorcycle,0,No,8.65,329.62,UPI,Delivered,,28.7
ORD101635,MUMRES36DEL02,37,4.6,Mumbai,2026-05-23,19:27:00,Sunny,Medium,2,Snack,motorcycle,0,No,0.85,292.56,Wallet,Delivered,,18.4
ORD100376,HYDRES10DEL04,22,3.7,Hyderabad,2026-05-23,19:55:00,Sunny,Low,1,Buffet,motorcycle,1,No,7.63,578.55,Cash,Delivered,,30.9
ORD105107,CHERES28DEL01,18,5.0,Chennai,2026-05-23,20:08:00,Cloudy,Low,0,Meal,bicycle,0,No,3.4,194.53,UPI,Delivered,,21.0
ORD105988,BENRES18DEL02,32,4.4,Bengaluru,2026-05-23,20:10:00,Sandstorms,Medium,0,Snack,bicycle,2,No,6.0,286.78,UPI,Delivered,,47.1
ORD102928,HYDRES39DEL08,18,4.1,Hyderabad,2026-05-23,20:48:00,Sunny,High,1,Drinks,scooter,0,No,12.72,226.69,UPI,Delivered,,46.0
ORD105713,DELRES31DEL02,37,4.5,Delhi,2026-05-23,21:08:00,Sunny,Low,3,Meal,motorcycle,2,No,3.55,250.67,UPI,Delivered,,34.6
ORD103998,BENRES14DEL02,24,4.9,Bengaluru,2026-05-23,21:42:00,Windy,Low,0,Drinks,scooter,0,No,1.94,212.38,UPI,Delivered,,23.5
ORD102135,MUMRES20DEL02,21,3.8,Mumbai,2026-05-24,00:28:00,Sunny,Low,2,Snack,motorcycle,1,No,1.24,230.98,Card,Delivered,,23.4
ORD102756,MUMRES10DEL07,24,4.6,Mumbai,2026-05-24,00:43:00,Windy,Medium,0,Buffet,scooter,1,No,1.79,634.85,Cash,Delivered,,26.8
ORD102195,BENRES28DEL07,26,4.6,Bengaluru,2026-05-24,08:06:00,Sunny,Medium,3,Buffet,motorcycle,2,No,16.89,325.36,UPI,Delivered,,56.3
ORD100457,CHERES13DEL03,28,4.4,Chennai,2026-05-24,09:00:00,Sunny,Low,2,Snack,scooter,0,No,2.47,296.5,UPI,Delivered,,25.1
ORD105031,BENRES23DEL04,28,4.8,Bengaluru,2026-05-24,09:48:00,Windy,Medium,1,Snack,motorcycle,0,No,6.21,118.3,UPI,Delivered,,35.0
ORD101182,KOLRES15DEL01,19,4.4,Kolkata,2026-05-24,10:12:00,Sunny,High,0,Meal,motorcycle,0,No,3.71,227.39,Card,Delivered,,29.4
ORD100970,CHERES25DEL02,26,4.3,Chennai,2026-05-24,10:48:00,Sunny,High,1,Drinks,scooter,0,No,1.02,353.28,UPI,Delivered,,29.4
ORD101675,CHERES34DEL05,28,4.0,Chennai,2026-05-24,11:03:00,Sunny,Low,0,Snack,bicycle,0,No,1.19,242.28,Cash,Delivered,,19.0
ORD102775,PUNRES26DEL06,28,4.6,Pune,2026-05-24,12:00:00,Sandstorms,Low,3,Drinks,motorcycle,2,No,1.84,161.8,Cash,Delivered,,36.6
ORD103480,KOLRES07DEL04,37,4.6,Kolkata,2026-05-24,12:09:00,Sandstorms,High,0,Buffet,scooter,0,No,13.07,219.79,Wallet,Cancelled,Traffic Delay,
ORD102281,BENRES37DEL07,28,3.9,Bengaluru,2026-05-24,12:24:00,Sunny,Low,0,Buffet,scooter,1,No,1.56,451.54,UPI,Delivered,,26.2
ORD100459,BENRES02DEL07,30,4.6,Bengaluru,2026-05-24,12:27:00,Sunny,Low,0,Buffet,scooter,3,No,6.91,157.39,UPI,Cancelled,Restaurant Delay,
ORD103552,DELRES29DEL06,39,4.5,Delhi,2026-05-24,13:49:00,Sunny,Medium,0,Meal,motorcycle,0,No,1.33,232.23,UPI,Delivered,,21.4
ORD100615,HYDRES25DEL01,27,4.6,Hyderabad,2026-05-24,14:09:00,Cloudy,Jam,3,Drinks,motorcycle,1,No,7.37,420.6,UPI,Delivered,,46.4
ORD103549,MUMRES34DEL01,33,4.6,Mumbai,2026-05-24,14:28:00,Stormy,Low,0,Buffet,motorcycle,2,No,5.66,106.78,UPI,Cancelled,Customer Cancelled,
ORD103496,DELRES41DEL03,23,4.1,Delhi,2026-05-24,15:39:00,Stormy,Jam,3,Drinks,motorcycle,1,No,3.13,463.05,UPI,Delivered,,49.9
ORD100961,KOLRES33DEL07,20,4.3,Kolkata,2026-05-24,16:01:00,Sunny,Low,1,Buffet,scooter,1,No,2.79,424.92,UPI,Delivered,,29.8
ORD102094,PUNRES41DEL07,26,4.5,Pune,2026-05-24,17:41:00,Windy,Medium,0,Meal,scooter,0,No,1.88,217.73,Cash,Delivered,,24.0
ORD104374,HYDRES04DEL02,27,4.9,Hyderabad,2026-05-24,17:53:00,Windy,High,1,Meal,motorcycle,0,No,1.72,258.0,UPI,Delivered,,29.5
ORD103714,HYDRES14DEL08,33,4.8,Hyderabad,2026-05-24,17:56:00,Sunny,Medium,0,Drinks,motorcycle,1,No,10.32,461.34,Cash,Delivered,,39.3
ORD100761,KOLRES27DEL02,40,4.1,Kolkata,2026-05-24,18:02:00,Fog,Low,3,Drinks,bicycle,3,No,6.02,541.33,UPI,Delivered,,44.0
ORD101125,DELRES18DEL08,30,4.3,Delhi,2026-05-24,18:10:00,Sunny,Low,0,Meal,electric_scooter,0,No,2.99,288.31,Cash,Delivered,,25.3
ORD100640,DELRES13DEL01,32,4.5,Delhi,2026-05-24,18:25:00,Sunny,Medium,3,Drinks,scooter,2,No,1.76,420.01,UPI,Delivered,,30.4
ORD100019,PUNRES35DEL01,19,4.4,Pune,2026-05-24,18:26:00,Sunny,Medium,0,Drinks,scooter,2,No,3.4,202.76,UPI,Delivered,,32.2
ORD101993,MUMRES27DEL06,47,3.8,Mumbai,2026-05-24,18:27:00,Cloudy,Medium,2,Drinks,scooter,0,No,1.2,178.1,UPI,Delivered,,24.4
ORD103879,MUMRES33DEL02,21,4.4,Mumbai,2026-05-24,18:30:00,Windy,Low,3,Drinks,motorcycle,0,No,1.84,190.26,UPI,Delivered,,32.1
ORD105732,BENRES40DEL05,25,5.0,Bengaluru,2026-05-24,18:44:00,Sunny,Medium,3,Drinks,scooter,1,No,1.94,203.52,UPI,Delivered,,33.6
ORD103130,HYDRES33DEL08,24,4.7,Hyderabad,2026-05-24,18:51:00,Cloudy,Medium,0,Drinks,electric_scooter,1,No,2.78,594.0,UPI,Delivered,,34.3
ORD105013,HYDRES20DEL06,29,4.7,Hyderabad,2026-05-24,19:06:00,Fog,Medium,1,Drinks,scooter,0,No,1.81,481.45,Card,Delivered,,30.5
ORD103591,CHERES03DEL06,31,4.6,Chennai,2026-05-24,19:16:00,Sunny,High,2,Meal,electric_scooter,0,No,18.53,217.4,UPI,Delivered,,55.2
ORD105873,BENRES27DEL06,22,4.8,Bengaluru,2026-05-24,19:19:00,Sunny,Low,1,Meal,scooter,0,No,2.57,487.22,UPI,Delivered,,26.6
ORD105534,DELRES17DEL02,38,4.3,Delhi,2026-05-24,19:34:00,Cloudy,Jam,2,Drinks,motorcycle,0,No,2.09,306.88,Card,Delivered,,45.0
ORD101374,BENRES14DEL07,31,4.7,Bengaluru,2026-05-24,19:37:00,Fog,Medium,1,Buffet,motorcycle,1,No,6.13,161.36,Card,Delivered,,44.0
ORD103791,MUMRES31DEL01,28,3.9,Mumbai,2026-05-24,19:41:00,Sunny,Medium,0,Snack,bicycle,0,No,3.47,261.73,UPI,Cancelled,Restaurant Delay,
ORD100522,BENRES29DEL03,19,3.9,Bengaluru,2026-05-24,19:46:00,Windy,Medium,0,Snack,motorcycle,0,No,5.1,287.41,UPI,Delivered,,32.2
ORD103883,BENRES32DEL03,25,4.3,Bengaluru,2026-05-24,19:46:00,Cloudy,High,1,Drinks,motorcycle,0,No,6.3,442.88,Cash,Delivered,,35.6
ORD102110,PUNRES05DEL04,33,5.0,Pune,2026-05-24,20:13:00,Cloudy,Low,2,Snack,scooter,0,No,2.15,138.52,Cash,Delivered,,22.0
ORD104226,BENRES10DEL08,24,4.0,Bengaluru,2026-05-24,20:21:00,Sunny,Low,0,Meal,motorcycle,1,No,12.22,186.5,UPI,Delivered,,39.6
ORD105347,MUMRES06DEL03,19,4.5,Mumbai,2026-05-24,21:32:00,Stormy,High,3,Meal,motorcycle,1,No,25.0,262.28,Cash,Delivered,,76.6
ORD104535,DELRES38DEL08,33,4.8,Delhi,2026-05-24,21:44:00,Sunny,Medium,2,Snack,motorcycle,2,No,5.96,211.55,UPI,Delivered,,39.6
ORD102159,HYDRES33DEL05,37,4.2,Hyderabad,2026-05-24,21:48:00,Cloudy,Low,2,Drinks,motorcycle,1,No,7.24,730.67,Cash,Cancelled,Customer Cancelled,
ORD101659,BENRES33DEL08,30,4.7,Bengaluru,2026-05-24,21:59:00,Cloudy,Medium,3,Buffet,motorcycle,0,No,2.38,516.96,UPI,Delivered,,23.6
ORD103326,DELRES18DEL01,29,4.8,Delhi,2026-05-24,22:19:00,Cloudy,Medium,2,Meal,electric_scooter,0,No,10.93,391.91,UPI,Delivered,,44.8
ORD103159,CHERES02DEL06,29,4.4,Chennai,2026-05-24,22:56:00,Cloudy,Medium,2,Meal,motorcycle,1,No,16.19,229.35,Cash,Delivered,,51.9
ORD101065,HYDRES07DEL03,24,4.6,Hyderabad,2026-05-24,23:08:00,Cloudy,Medium,1,Snack,scooter,1,No,1.3,322.07,UPI,Delivered,,28.5
ORD104048,MUMRES26DEL03,36,4.8,Mumbai,2026-05-25,03:10:00,Windy,Medium,1,Buffet,scooter,2,No,5.07,267.16,UPI,Delivered,,43.9
ORD104618,CHERES18DEL06,25,4.4,Chennai,2026-05-25,04:29:00,Sandstorms,Low,3,Meal,motorcycle,0,No,1.6,192.68,UPI,Delivered,,34.1
ORD103773,PUNRES22DEL08,33,4.1,Pune,2026-05-25,05:02:00,Fog,Medium,1,Drinks,motorcycle,1,No,1.18,441.0,Cash,Delivered,,34.0
ORD103054,BENRES12DEL05,29,4.6,Bengaluru,2026-05-25,06:13:00,Sunny,Medium,2,Buffet,motorcycle,0,No,9.62,137.55,UPI,Delivered,,36.4
ORD104117,MUMRES26DEL04,24,4.2,Mumbai,2026-05-25,07:39:00,Sunny,High,0,Drinks,scooter,2,No,1.14,275.8,UPI,Delivered,,40.3
ORD102129,MUMRES26DEL04,26,4.3,Mumbai,2026-05-25,09:03:00,Sunny,Medium,2,Drinks,motorcycle,2,No,3.43,425.18,Card,Delivered,,31.9
ORD105277,BENRES04DEL07,27,4.6,Bengaluru,2026-05-25,09:12:00,Sunny,Low,3,Drinks,motorcycle,0,No,1.67,249.34,UPI,Delivered,,18.2
ORD104518,BENRES32DEL06,22,4.5,Bengaluru,2026-05-25,09:47:00,Cloudy,High,3,Snack,motorcycle,0,No,2.89,137.79,UPI,Delivered,,33.0
ORD102793,PUNRES10DEL06,23,4.4,Pune,2026-05-25,11:45:00,Sunny,Medium,3,Buffet,scooter,0,No,9.07,377.48,UPI,Delivered,,34.3
ORD100806,CHERES38DEL03,30,4.3,Chennai,2026-05-25,12:02:00,Fog,Medium,3,Buffet,motorcycle,3,No,2.67,366.05,Card,Delivered,,46.5
ORD104695,BENRES13DEL05,31,4.4,Bengaluru,2026-05-25,12:13:00,Cloudy,Medium,3,Meal,scooter,1,No,10.23,309.62,UPI,Delivered,,39.7
ORD105689,MUMRES05DEL02,26,4.0,Mumbai,2026-05-25,12:32:00,Windy,Jam,1,Snack,motorcycle,1,No,5.79,474.3,UPI,Delivered,,53.4
ORD100715,DELRES34DEL04,31,4.5,Delhi,2026-05-25,12:41:00,Cloudy,Low,0,Buffet,scooter,1,No,0.82,413.17,UPI,Delivered,,28.0
ORD103882,HYDRES11DEL02,18,4.2,Hyderabad,2026-05-25,13:28:00,Cloudy,High,1,Snack,electric_scooter,1,No,10.31,295.37,UPI,Delivered,,49.9
ORD104827,HYDRES10DEL03,30,4.5,Hyderabad,2026-05-25,13:35:00,Sunny,Low,0,Meal,motorcycle,2,No,1.68,285.04,UPI,Delivered,,28.4
ORD100816,KOLRES11DEL03,21,4.4,Kolkata,2026-05-25,13:43:00,Sunny,Low,3,Meal,electric_scooter,1,No,6.22,352.47,UPI,Delivered,,38.1
ORD103848,CHERES29DEL04,22,4.7,Chennai,2026-05-25,14:29:00,Cloudy,High,0,Buffet,scooter,0,No,3.09,265.37,Cash,Delivered,,36.3
ORD104083,DELRES09DEL06,28,3.9,Delhi,2026-05-25,14:33:00,Windy,High,2,Meal,scooter,0,No,5.37,299.79,UPI,Delivered,,44.8
ORD105327,MUMRES31DEL02,31,4.6,Mumbai,2026-05-25,14:47:00,Cloudy,Medium,1,Meal,motorcycle,3,No,2.75,307.59,UPI,Delivered,,37.6
ORD105841,MUMRES04DEL03,33,4.9,Mumbai,2026-05-25,15:03:00,Sandstorms,Medium,2,Buffet,scooter,0,No,10.61,303.92,Card,Delivered,,50.6
ORD100774,BENRES35DEL02,35,4.3,Bengaluru,2026-05-25,15:59:00,Stormy,Medium,0,Drinks,motorcycle,1,No,1.52,337.57,UPI,Delivered,,36.3
ORD102291,DELRES22DEL08,34,4.6,Delhi,2026-05-25,17:24:00,Sunny,Medium,1,Snack,bicycle,0,No,0.84,279.64,Card,Delivered,,28.3
ORD103730,DELRES32DEL08,24,4.7,Delhi,2026-05-25,17:30:00,Sunny,Low,2,Meal,motorcycle,0,No,1.47,80.0,UPI,Delivered,,25.5
ORD103902,KOLRES11DEL06,33,4.8,Kolkata,2026-05-25,18:37:00,Stormy,High,2,Snack,motorcycle,1,No,2.42,279.29,UPI,Cancelled,Weather Disruption,
ORD105217,BENRES39DEL03,42,4.6,Bengaluru,2026-05-25,18:44:00,Sunny,Low,2,Meal,scooter,0,No,1.76,306.44,UPI,Delivered,,24.0
ORD102238,DELRES03DEL01,30,4.3,Delhi,2026-05-25,18:48:00,Sunny,Low,0,Snack,electric_scooter,0,No,4.64,334.32,Card,Delivered,,28.1
ORD105405,CHERES31DEL03,28,5.0,Chennai,2026-05-25,19:03:00,Cloudy,Medium,1,Drinks,scooter,1,No,8.0,187.32,Card,Delivered,,40.3
ORD105781,MUMRES25DEL06,22,4.2,Mumbai,2026-05-25,19:07:00,Sunny,Jam,2,Drinks,scooter,0,No,4.35,144.62,UPI,Delivered,,42.2
ORD101440,KOLRES20DEL05,22,5.0,Kolkata,2026-05-25,19:09:00,Sunny,Low,0,Drinks,scooter,1,No,4.81,272.71,UPI,Delivered,,30.5
ORD100399,KOLRES18DEL05,26,4.6,Kolkata,2026-05-25,19:27:00,Windy,Medium,2,Snack,motorcycle,2,No,5.1,254.99,UPI,Delivered,,37.4
ORD105205,BENRES01DEL08,32,4.4,Bengaluru,2026-05-25,19:43:00,Cloudy,Medium,2,Drinks,scooter,0,No,2.35,340.59,Card,Delivered,,30.0
ORD100467,DELRES32DEL03,31,4.9,Delhi,2026-05-25,20:10:00,Windy,High,2,Meal,bicycle,0,No,3.89,164.71,Cash,Delivered,,34.6
ORD102949,MUMRES29DEL08,32,4.4,Mumbai,2026-05-25,20:11:00,Sunny,Jam,2,Buffet,motorcycle,1,No,2.64,168.1,Cash,Delivered,,40.1
ORD103619,DELRES09DEL02,23,4.1,Delhi,2026-05-25,20:11:00,Sunny,Medium,3,Drinks,bicycle,0,No,9.4,457.67,UPI,Delivered,,34.8
ORD105509,MUMRES40DEL07,20,4.4,Mumbai,2026-05-25,20:29:00,Fog,High,1,Buffet,scooter,0,No,8.32,230.68,Cash,Delivered,,48.8
ORD100547,KOLRES22DEL08,31,4.1,Kolkata,2026-05-25,21:02:00,Cloudy,Low,3,Drinks,motorcycle,0,No,4.78,272.22,UPI,Delivered,,34.9
ORD103900,BENRES02DEL06,25,4.5,Bengaluru,2026-05-25,21:31:00,Stormy,Jam,1,Snack,motorcycle,1,No,10.66,436.6,Card,Delivered,,66.4
ORD103641,CHERES37DEL08,34,4.9,Chennai,2026-05-25,21:36:00,Fog,Medium,2,Buffet,scooter,0,No,1.12,346.28,UPI,Delivered,,28.4
ORD100841,MUMRES25DEL06,18,5.0,Mumbai,2026-05-25,21:43:00,Sunny,Low,3,Buffet,motorcycle,0,No,2.84,246.86,Cash,Delivered,,15.2
ORD105046,BENRES29DEL07,34,4.3,Bengaluru,2026-05-25,21:56:00,Sunny,Medium,2,Snack,motorcycle,0,No,1.37,206.84,Wallet,Delivered,,21.4
ORD101477,HYDRES03DEL06,29,4.6,Hyderabad,2026-05-25,22:22:00,Sandstorms,Jam,2,Snack,motorcycle,0,No,1.73,230.23,UPI,Delivered,,50.3
ORD103777,MUMRES03DEL07,26,4.3,Mumbai,2026-05-25,22:32:00,Cloudy,Low,0,Buffet,motorcycle,0,No,3.27,487.9,Wallet,Delivered,,29.6
ORD100759,HYDRES12DEL06,29,4.5,Hyderabad,2026-05-25,23:19:00,Cloudy,Medium,2,Buffet,scooter,0,No,9.67,840.53,UPI,Delivered,,36.0
ORD100580,PUNRES44DEL02,34,3.8,Pune,2026-05-26,00:34:00,Sunny,High,2,Snack,motorcycle,1,No,3.38,189.29,UPI,Delivered,,35.0
ORD102295,HYDRES13DEL03,21,4.4,Hyderabad,2026-05-26,07:19:00,Sandstorms,Jam,0,Drinks,electric_scooter,0,No,3.93,613.56,Card,Delivered,,42.9
ORD100647,MUMRES36DEL06,26,3.5,Mumbai,2026-05-26,07:55:00,Sandstorms,High,2,Drinks,electric_scooter,1,No,4.39,356.38,Cash,Cancelled,Delivery Partner Unavailable,
ORD100523,DELRES14DEL03,24,4.9,Delhi,2026-05-26,08:07:00,Sunny,Low,2,Buffet,motorcycle,0,No,8.01,332.54,Wallet,Delivered,,29.0
ORD101558,MUMRES08DEL07,21,4.3,Mumbai,2026-05-26,08:42:00,Sunny,Medium,3,Meal,scooter,0,No,5.36,319.75,Wallet,Delivered,,36.2
ORD101812,BENRES01DEL04,31,4.4,Bengaluru,2026-05-26,11:03:00,Sunny,Low,0,Buffet,motorcycle,1,No,5.74,980.86,UPI,Delivered,,30.2
ORD105148,PUNRES29DEL02,24,4.3,Pune,2026-05-26,11:15:00,Sunny,Jam,1,Buffet,electric_scooter,0,No,1.23,296.26,Cash,Delivered,,33.6
ORD101943,DELRES35DEL08,21,4.4,Delhi,2026-05-26,11:23:00,Stormy,High,2,Snack,motorcycle,1,No,2.03,485.22,UPI,Delivered,,42.7
ORD104446,PUNRES14DEL08,19,4.1,Pune,2026-05-26,11:51:00,Cloudy,High,0,Meal,motorcycle,1,No,0.97,180.68,UPI,Delivered,,34.6
ORD105975,PUNRES41DEL07,50,3.8,Pune,2026-05-26,12:02:00,Cloudy,Low,3,Drinks,electric_scooter,0,No,5.3,288.47,Cash,Cancelled,Restaurant Delay,
ORD101080,KOLRES28DEL05,28,4.6,Kolkata,2026-05-26,12:04:00,Fog,Medium,1,Drinks,motorcycle,0,No,1.52,346.51,Wallet,Delivered,,34.7
ORD100802,DELRES39DEL06,37,4.3,Delhi,2026-05-26,12:09:00,Stormy,High,1,Drinks,motorcycle,2,No,1.65,361.6,Cash,Cancelled,Delivery Partner Unavailable,
ORD100112,BENRES02DEL02,32,4.8,Bengaluru,2026-05-26,12:10:00,Cloudy,Medium,2,Meal,scooter,0,No,12.39,216.21,Card,Delivered,,41.2
ORD104078,BENRES10DEL06,33,4.9,Bengaluru,2026-05-26,12:11:00,Sunny,High,3,Buffet,electric_scooter,1,No,8.15,270.09,UPI,Delivered,,47.4
ORD101372,DELRES23DEL03,22,5.0,Delhi,2026-05-26,12:12:00,Sunny,Low,0,Drinks,motorcycle,1,No,7.98,407.91,UPI,Delivered,,35.0
ORD105299,PUNRES02DEL02,23,4.0,Pune,2026-05-26,12:12:00,Cloudy,Medium,2,Drinks,motorcycle,2,No,5.44,466.48,Card,Delivered,,40.0
ORD104661,PUNRES43DEL08,24,4.3,Pune,2026-05-26,12:18:00,Sunny,Low,0,Buffet,electric_scooter,1,No,5.23,527.05,Wallet,Delivered,,30.8
ORD103300,CHERES04DEL04,35,4.7,Chennai,2026-05-26,12:44:00,Windy,Medium,0,Snack,electric_scooter,1,No,2.57,413.6,UPI,Delivered,,33.1
ORD104311,DELRES29DEL04,26,4.6,Delhi,2026-05-26,12:59:00,Cloudy,High,3,Snack,motorcycle,2,No,1.64,185.99,UPI,Cancelled,Delivery Partner Unavailable,
ORD102838,MUMRES32DEL03,28,4.4,Mumbai,2026-05-26,13:38:00,Sunny,Low,2,Snack,motorcycle,0,No,2.41,211.48,Cash,Delivered,,28.2
ORD102208,KOLRES27DEL05,25,4.6,Kolkata,2026-05-26,13:41:00,Sunny,Medium,1,Snack,motorcycle,1,No,1.17,153.64,Cash,Delivered,,27.1
ORD100982,BENRES16DEL04,35,4.0,Bengaluru,2026-05-26,14:38:00,Windy,Medium,1,Snack,scooter,0,No,10.13,487.21,UPI,Delivered,,38.2
ORD102204,CHERES25DEL03,26,3.9,Chennai,2026-05-26,15:07:00,Sunny,Medium,3,Buffet,bicycle,1,No,2.13,164.84,Card,Delivered,,28.3
ORD104444,MUMRES12DEL03,35,4.2,Mumbai,2026-05-26,15:08:00,Cloudy,Low,1,Snack,bicycle,0,No,4.81,168.68,UPI,Delivered,,32.3
ORD100499,HYDRES17DEL03,39,3.6,Hyderabad,2026-05-26,15:27:00,Sunny,High,2,Buffet,motorcycle,2,No,3.03,251.07,Card,Delivered,,41.7
ORD100241,HYDRES11DEL01,28,4.5,Hyderabad,2026-05-26,15:59:00,Cloudy,Medium,0,Buffet,motorcycle,1,No,6.47,239.74,UPI,Delivered,,39.9
ORD100181,CHERES09DEL06,26,4.6,Chennai,2026-05-26,16:03:00,Cloudy,Medium,0,Meal,scooter,0,No,2.41,177.51,UPI,Delivered,,25.3
ORD104284,CHERES25DEL04,44,4.3,Chennai,2026-05-26,16:15:00,Sunny,Jam,2,Drinks,motorcycle,0,No,6.73,137.07,UPI,Delivered,,50.8
ORD102156,DELRES40DEL05,21,4.3,Delhi,2026-05-26,16:38:00,Cloudy,High,1,Drinks,motorcycle,0,No,13.15,344.93,Cash,Delivered,,45.5
ORD100935,KOLRES41DEL05,20,4.2,Kolkata,2026-05-26,17:08:00,Sunny,High,3,Snack,scooter,3,No,10.64,204.28,Wallet,Delivered,,57.2
ORD102025,KOLRES12DEL07,33,4.6,Kolkata,2026-05-26,17:42:00,Cloudy,Low,2,Meal,motorcycle,2,No,2.37,259.97,UPI,Delivered,,28.1
ORD102806,HYDRES08DEL02,21,4.4,Hyderabad,2026-05-26,18:06:00,Cloudy,Medium,1,Buffet,motorcycle,1,No,3.18,474.55,UPI,Cancelled,Customer Cancelled,
ORD100578,DELRES19DEL05,28,4.4,Delhi,2026-05-26,18:17:00,Windy,Medium,3,Buffet,motorcycle,0,No,4.14,86.27,Cash,Delivered,,32.7
ORD102162,CHERES35DEL07,27,4.6,Chennai,2026-05-26,18:26:00,Stormy,Low,3,Buffet,motorcycle,0,No,5.74,133.68,UPI,Delivered,,42.4
ORD100372,PUNRES15DEL04,28,4.7,Pune,2026-05-26,18:59:00,Fog,High,0,Drinks,electric_scooter,0,No,3.38,277.63,UPI,Delivered,,37.6
ORD105420,MUMRES25DEL01,31,4.4,Mumbai,2026-05-26,19:01:00,Windy,High,3,Drinks,bicycle,1,No,1.0,376.72,UPI,Delivered,,43.4
ORD100551,MUMRES24DEL04,18,4.6,Mumbai,2026-05-26,19:05:00,Fog,Low,2,Meal,scooter,0,No,12.65,317.04,UPI,Delivered,,37.7
ORD100637,CHERES32DEL05,18,4.2,Chennai,2026-05-26,19:08:00,Fog,Medium,3,Buffet,bicycle,0,No,7.13,479.57,UPI,Delivered,,34.9
ORD105863,CHERES03DEL06,29,4.7,Chennai,2026-05-26,19:31:00,Cloudy,Low,0,Meal,scooter,0,No,2.14,220.93,UPI,Delivered,,17.1
ORD104273,MUMRES43DEL05,27,4.5,Mumbai,2026-05-26,19:34:00,Windy,Medium,1,Buffet,scooter,2,No,3.32,226.06,UPI,Delivered,,41.0
ORD101947,HYDRES43DEL04,23,4.2,Hyderabad,2026-05-26,19:49:00,Sunny,Medium,2,Snack,motorcycle,0,No,6.26,604.14,UPI,Delivered,,30.5
ORD103939,PUNRES24DEL06,22,4.2,Pune,2026-05-26,19:55:00,Fog,Medium,3,Drinks,motorcycle,0,No,21.48,296.89,Wallet,Delivered,,59.7
ORD105717,KOLRES16DEL04,18,3.9,Kolkata,2026-05-26,20:12:00,Sandstorms,Medium,0,Snack,motorcycle,0,No,5.42,460.23,UPI,Delivered,,39.0
ORD104054,HYDRES05DEL03,30,4.6,Hyderabad,2026-05-26,20:44:00,Sunny,High,3,Snack,motorcycle,0,No,9.9,253.39,UPI,Delivered,,42.1
ORD102724,BENRES12DEL06,26,4.5,Bengaluru,2026-05-26,20:46:00,Sunny,Medium,0,Buffet,motorcycle,0,No,9.04,539.26,Cash,Delivered,,39.0
ORD102182,HYDRES32DEL02,36,4.5,Hyderabad,2026-05-26,20:54:00,Cloudy,Low,2,Snack,motorcycle,1,No,1.55,217.66,Cash,Delivered,,21.0
ORD102283,DELRES42DEL02,28,4.7,Delhi,2026-05-26,21:01:00,Fog,Low,3,Meal,motorcycle,3,No,4.28,208.67,UPI,Delivered,,45.8
ORD104542,BENRES40DEL08,29,5.0,Bengaluru,2026-05-26,21:07:00,Cloudy,Medium,1,Meal,motorcycle,1,No,4.39,287.79,Cash,Delivered,,32.6
ORD105474,PUNRES42DEL03,29,4.3,Pune,2026-05-26,21:12:00,Sunny,Low,1,Meal,motorcycle,0,No,4.68,241.5,UPI,Delivered,,19.5
ORD105615,DELRES23DEL05,18,4.7,Delhi,2026-05-26,21:27:00,Cloudy,High,0,Buffet,scooter,1,No,0.98,265.07,Wallet,Delivered,,34.4
ORD100877,MUMRES03DEL01,23,4.1,Mumbai,2026-05-26,21:42:00,Cloudy,High,2,Snack,electric_scooter,1,No,0.83,312.29,UPI,Delivered,,30.1
ORD103397,KOLRES24DEL04,20,3.6,Kolkata,2026-05-26,21:49:00,Cloudy,High,0,Buffet,motorcycle,2,No,3.0,139.23,UPI,Delivered,,45.6
ORD102917,BENRES04DEL03,21,4.8,Bengaluru,2026-05-26,22:17:00,Sunny,Medium,1,Snack,motorcycle,0,No,6.48,362.26,UPI,Delivered,,33.1
ORD104573,CHERES17DEL04,23,4.5,Chennai,2026-05-26,22:34:00,Sunny,High,1,Buffet,motorcycle,0,No,5.47,237.74,Cash,Delivered,,42.1
ORD103818,MUMRES10DEL04,27,5.0,Mumbai,2026-05-26,23:03:00,Cloudy,High,1,Buffet,motorcycle,0,No,19.99,221.78,UPI,Delivered,,59.7
ORD102580,BENRES09DEL02,31,3.2,Bengaluru,2026-05-26,23:06:00,Sunny,Medium,0,Snack,motorcycle,1,No,4.07,558.2,Card,Delivered,,37.0
ORD101633,CHERES29DEL01,34,4.2,Chennai,2026-05-26,23:38:00,Cloudy,High,2,Meal,electric_scooter,2,No,2.5,420.11,UPI,Delivered,,40.3
ORD100967,HYDRES36DEL02,18,4.4,Hyderabad,2026-05-27,02:06:00,Sunny,Jam,1,Snack,motorcycle,1,No,5.17,105.41,UPI,Delivered,,55.4
ORD105114,HYDRES02DEL05,18,4.1,Hyderabad,2026-05-27,06:13:00,Sunny,High,3,Buffet,electric_scooter,0,No,4.59,388.1,UPI,Delivered,,35.6
ORD101066,BENRES39DEL04,25,5.0,Bengaluru,2026-05-27,06:51:00,Sunny,Low,1,Snack,bicycle,0,No,6.58,80.0,UPI,Delivered,,33.3
ORD104625,MUMRES24DEL06,29,4.2,Mumbai,2026-05-27,07:56:00,Fog,High,0,Meal,scooter,0,No,16.62,241.47,Wallet,Delivered,,68.9
ORD100922,BENRES09DEL08,40,4.1,Bengaluru,2026-05-27,08:20:00,Stormy,High,2,Drinks,motorcycle,1,No,0.92,328.01,Wallet,Delivered,,48.2
ORD105142,BENRES09DEL03,34,4.4,Bengaluru,2026-05-27,08:37:00,Stormy,Medium,2,Drinks,motorcycle,0,No,1.31,378.18,Card,Delivered,,32.7
ORD104126,MUMRES23DEL08,28,4.2,Mumbai,2026-05-27,08:46:00,Sunny,High,1,Snack,scooter,0,No,4.57,722.05,UPI,Delivered,,29.9
ORD104601,HYDRES08DEL07,19,4.4,Hyderabad,2026-05-27,09:04:00,Windy,Low,1,Buffet,motorcycle,1,No,3.16,156.28,UPI,Delivered,,29.0
ORD104220,PUNRES37DEL08,23,4.9,Pune,2026-05-27,10:52:00,Windy,Medium,2,Meal,electric_scooter,0,No,6.6,178.53,Cash,Delivered,,30.9
ORD101849,MUMRES06DEL08,35,4.6,Mumbai,2026-05-27,11:01:00,Sunny,Medium,1,Drinks,scooter,0,No,6.51,438.49,UPI,Delivered,,34.6
ORD100233,MUMRES41DEL07,27,4.3,Mumbai,2026-05-27,11:11:00,Windy,Low,2,Snack,motorcycle,1,No,2.22,248.79,UPI,Delivered,,28.1
ORD105752,BENRES11DEL07,27,4.7,Bengaluru,2026-05-27,11:19:00,Sunny,Low,0,Snack,motorcycle,1,No,20.77,380.89,UPI,Delivered,,58.1
ORD100681,CHERES14DEL08,30,4.3,Chennai,2026-05-27,11:22:00,Fog,High,1,Snack,scooter,1,No,0.82,470.41,UPI,Delivered,,40.0
ORD101231,BENRES21DEL02,23,4.2,Bengaluru,2026-05-27,11:48:00,Sandstorms,Medium,1,Meal,motorcycle,1,No,5.68,391.1,UPI,Delivered,,44.1
ORD105130,CHERES40DEL05,29,5.0,Chennai,2026-05-27,12:16:00,Cloudy,Jam,0,Drinks,motorcycle,1,No,3.12,449.93,Cash,Delivered,,39.6
ORD101441,HYDRES15DEL07,22,4.5,Hyderabad,2026-05-27,12:24:00,Sunny,Low,0,Snack,scooter,0,No,7.64,125.66,UPI,Delivered,,31.2
ORD102394,MUMRES27DEL04,35,3.8,Mumbai,2026-05-27,13:09:00,Windy,Low,0,Snack,electric_scooter,1,No,3.57,318.05,UPI,Delivered,,28.6
ORD105317,BENRES21DEL07,28,4.1,Bengaluru,2026-05-27,13:10:00,Sunny,Medium,3,Meal,motorcycle,1,No,7.39,456.99,Cash,Delivered,,40.0
ORD104185,BENRES20DEL06,26,3.8,Bengaluru,2026-05-27,16:05:00,Sunny,Low,0,Snack,bicycle,0,No,12.04,222.89,Wallet,Delivered,,36.5
ORD104550,MUMRES44DEL06,24,4.1,Mumbai,2026-05-27,16:21:00,Sunny,Low,0,Drinks,motorcycle,0,No,4.41,402.06,Cash,Delivered,,30.5
ORD103424,BENRES25DEL01,21,5.0,Bengaluru,2026-05-27,17:02:00,Stormy,Jam,0,Buffet,motorcycle,0,No,7.05,177.35,Card,Delivered,,52.8
ORD101357,MUMRES24DEL08,31,4.7,Mumbai,2026-05-27,17:15:00,Stormy,High,1,Drinks,electric_scooter,0,No,1.25,507.33,Cash,Cancelled,Traffic Delay,
ORD103164,BENRES03DEL02,28,4.6,Bengaluru,2026-05-27,17:56:00,Sunny,High,1,Drinks,motorcycle,3,No,2.42,259.43,UPI,Cancelled,Weather Disruption,
ORD103344,MUMRES39DEL08,24,4.2,Mumbai,2026-05-27,18:31:00,Cloudy,Jam,1,Snack,motorcycle,0,No,8.23,426.36,UPI,Delivered,,48.9
ORD104871,PUNRES37DEL05,28,4.3,Pune,2026-05-27,18:33:00,Sunny,High,3,Drinks,scooter,1,No,7.34,754.28,UPI,Delivered,,43.8
ORD101140,HYDRES08DEL03,21,4.8,Hyderabad,2026-05-27,18:35:00,Cloudy,Low,3,Buffet,scooter,1,No,1.39,502.23,UPI,Cancelled,Traffic Delay,
ORD104156,DELRES31DEL06,27,5.0,Delhi,2026-05-27,18:41:00,Sunny,High,0,Buffet,electric_scooter,0,No,4.98,96.65,UPI,Delivered,,30.5
ORD104546,DELRES27DEL03,28,4.6,Delhi,2026-05-27,19:12:00,Cloudy,Jam,3,Drinks,motorcycle,1,No,2.39,388.42,Card,Delivered,,39.7
ORD100184,CHERES02DEL05,36,4.2,Chennai,2026-05-27,19:20:00,Fog,Low,0,Meal,motorcycle,1,No,8.31,418.13,Cash,Cancelled,Delivery Partner Unavailable,
ORD101846,BENRES03DEL01,22,3.9,Bengaluru,2026-05-27,19:27:00,Sunny,Low,1,Meal,scooter,0,No,3.51,171.18,Cash,Delivered,,17.9
ORD100226,PUNRES23DEL01,22,4.7,Pune,2026-05-27,19:28:00,Fog,Medium,3,Snack,motorcycle,0,No,1.83,336.84,Wallet,Delivered,,28.0
ORD100857,MUMRES31DEL06,30,4.9,Mumbai,2026-05-27,20:17:00,Stormy,Low,2,Buffet,scooter,1,No,2.78,232.14,Card,Delivered,,38.1
ORD102138,BENRES31DEL04,24,4.5,Bengaluru,2026-05-27,20:26:00,Sunny,Low,3,Snack,bicycle,0,No,4.05,276.87,UPI,Delivered,,32.2
ORD105741,BENRES33DEL01,26,4.8,Bengaluru,2026-05-27,20:26:00,Sunny,High,2,Buffet,motorcycle,1,No,5.33,199.15,UPI,Delivered,,40.1
ORD104471,BENRES25DEL05,28,4.5,Bengaluru,2026-05-27,20:33:00,Cloudy,Low,2,Buffet,bicycle,0,No,4.12,293.73,UPI,Cancelled,Weather Disruption,
ORD102333,HYDRES06DEL05,35,3.9,Hyderabad,2026-05-27,20:35:00,Sunny,Medium,2,Meal,bicycle,0,No,1.1,188.03,Cash,Delivered,,19.2
ORD101350,BENRES29DEL01,27,4.7,Bengaluru,2026-05-27,20:37:00,Sunny,Low,2,Snack,scooter,0,No,3.19,183.45,UPI,Delivered,,23.8
ORD103089,CHERES30DEL03,32,4.2,Chennai,2026-05-27,20:53:00,Cloudy,Medium,2,Snack,motorcycle,1,No,4.66,107.79,Cash,Delivered,,36.0
ORD102330,HYDRES18DEL07,26,4.3,Hyderabad,2026-05-27,20:57:00,Stormy,Low,2,Buffet,motorcycle,0,No,1.22,236.58,Card,Delivered,,35.0
ORD105885,HYDRES03DEL05,34,4.2,Hyderabad,2026-05-27,21:47:00,Stormy,Medium,1,Meal,motorcycle,1,No,3.85,344.27,UPI,Cancelled,Restaurant Delay,
ORD102759,DELRES16DEL08,35,4.4,Delhi,2026-05-27,21:52:00,Windy,Medium,3,Drinks,scooter,1,No,2.15,332.77,Wallet,Delivered,,35.0
ORD104460,PUNRES05DEL08,34,4.6,Pune,2026-05-27,22:30:00,Sandstorms,Low,0,Meal,motorcycle,0,No,3.62,232.91,UPI,Delivered,,36.7
ORD103632,BENRES42DEL03,31,4.4,Bengaluru,2026-05-27,22:42:00,Fog,Low,0,Drinks,motorcycle,1,No,8.13,294.87,UPI,Delivered,,42.4
ORD101379,KOLRES01DEL02,34,5.0,Kolkata,2026-05-27,22:58:00,Sunny,Low,3,Buffet,motorcycle,0,No,15.43,112.4,Cash,Delivered,,40.0
ORD101342,PUNRES37DEL06,34,3.9,Pune,2026-05-28,02:50:00,Sunny,Low,0,Meal,motorcycle,1,No,25.0,117.74,Wallet,Delivered,,61.3
ORD102657,CHERES42DEL02,39,4.8,Chennai,2026-05-28,07:24:00,Windy,Medium,2,Meal,electric_scooter,0,No,8.9,416.4,Wallet,Cancelled,Delivery Partner Unavailable,
ORD102686,MUMRES37DEL03,31,4.4,Mumbai,2026-05-28,09:12:00,Cloudy,High,0,Drinks,motorcycle,1,No,12.18,466.88,Cash,Cancelled,Restaurant Delay,
ORD105706,BENRES20DEL06,34,4.4,Bengaluru,2026-05-28,10:14:00,Sandstorms,Low,1,Meal,motorcycle,2,No,5.57,566.05,UPI,Delivered,,44.3
ORD105089,PUNRES33DEL06,36,4.6,Pune,2026-05-28,11:01:00,Stormy,Jam,0,Meal,scooter,1,No,11.58,470.8,Cash,Delivered,,61.7
ORD101955,MUMRES04DEL04,26,5.0,Mumbai,2026-05-28,11:04:00,Sandstorms,Medium,3,Meal,motorcycle,0,No,11.83,257.24,UPI,Delivered,,49.3
ORD102493,BENRES19DEL02,32,5.0,Bengaluru,2026-05-28,11:06:00,Sunny,Jam,2,Meal,motorcycle,1,No,7.11,271.21,Cash,Delivered,,53.3
ORD102070,DELRES37DEL04,18,4.6,Delhi,2026-05-28,12:08:00,Sunny,Low,3,Buffet,motorcycle,0,No,5.79,463.45,Cash,Delivered,,28.6
ORD102200,BENRES32DEL05,27,5.0,Bengaluru,2026-05-28,12:15:00,Sunny,Low,1,Buffet,scooter,0,No,3.35,280.34,Cash,Delivered,,23.0
ORD101833,MUMRES27DEL08,29,5.0,Mumbai,2026-05-28,12:45:00,Windy,Low,1,Snack,motorcycle,0,No,12.83,372.54,Card,Delivered,,38.1
ORD104693,HYDRES16DEL08,18,4.3,Hyderabad,2026-05-28,12:49:00,Sunny,High,2,Drinks,electric_scooter,1,No,7.01,134.68,Cash,Delivered,,32.1
ORD104388,DELRES42DEL05,26,4.1,Delhi,2026-05-28,12:53:00,Sunny,Medium,0,Buffet,motorcycle,2,No,21.2,150.38,Wallet,Delivered,,66.4
ORD101312,HYDRES24DEL05,31,4.7,Hyderabad,2026-05-28,13:48:00,Fog,Low,3,Drinks,scooter,1,No,7.54,197.44,Wallet,Delivered,,40.2
ORD104705,MUMRES35DEL08,29,4.4,Mumbai,2026-05-28,14:28:00,Sunny,Low,0,Meal,motorcycle,0,No,3.14,245.62,UPI,Delivered,,24.6
ORD105355,MUMRES13DEL05,22,4.5,Mumbai,2026-05-28,15:08:00,Cloudy,Medium,0,Buffet,motorcycle,3,No,1.02,308.03,UPI,Delivered,,34.5
ORD104561,MUMRES37DEL05,21,4.1,Mumbai,2026-05-28,15:15:00,Cloudy,Low,1,Meal,motorcycle,2,No,20.2,124.06,Cash,Cancelled,Traffic Delay,
ORD100716,BENRES42DEL07,22,4.3,Bengaluru,2026-05-28,15:20:00,Cloudy,Low,0,Snack,motorcycle,0,No,8.38,235.45,Card,Delivered,,35.3
ORD103637,PUNRES36DEL03,27,4.4,Pune,2026-05-28,15:23:00,Stormy,Low,3,Drinks,motorcycle,1,No,1.78,91.59,Cash,Delivered,,37.6
ORD101699,BENRES39DEL05,31,4.4,Bengaluru,2026-05-28,16:00:00,Fog,Medium,3,Snack,scooter,0,No,14.14,334.12,UPI,Delivered,,51.8
ORD101145,KOLRES11DEL05,36,3.4,Kolkata,2026-05-28,16:03:00,Cloudy,Low,3,Snack,electric_scooter,1,No,1.53,254.84,Cash,Delivered,,25.9
ORD102725,BENRES35DEL04,29,4.3,Bengaluru,2026-05-28,16:31:00,Sunny,High,2,Drinks,scooter,2,No,3.7,286.91,Cash,Delivered,,41.2
ORD100337,BENRES37DEL01,19,4.4,Bengaluru,2026-05-28,16:45:00,Sandstorms,Jam,1,Meal,electric_scooter,1,No,4.19,220.14,UPI,Cancelled,Weather Disruption,
ORD100085,BENRES19DEL05,28,4.2,Bengaluru,2026-05-28,16:55:00,Stormy,Low,0,Buffet,motorcycle,3,No,2.43,346.28,UPI,Delivered,,44.9
ORD100652,HYDRES11DEL03,28,4.8,Hyderabad,2026-05-28,18:11:00,Sunny,High,3,Buffet,bicycle,1,No,15.27,247.18,Cash,Delivered,,58.1
ORD101967,HYDRES33DEL03,27,4.8,Hyderabad,2026-05-28,18:37:00,Cloudy,Medium,3,Snack,scooter,1,No,2.76,189.13,UPI,Delivered,,33.4
ORD101424,KOLRES17DEL01,25,4.8,Kolkata,2026-05-28,19:06:00,Sunny,Low,2,Drinks,motorcycle,1,No,8.22,303.62,UPI,Delivered,,35.3
ORD102898,CHERES23DEL03,18,4.6,Chennai,2026-05-28,19:07:00,Cloudy,Medium,1,Meal,motorcycle,1,No,8.1,485.5,Cash,Delivered,,38.1
ORD105060,HYDRES39DEL01,29,3.8,Hyderabad,2026-05-28,19:09:00,Fog,Low,0,Meal,bicycle,0,No,4.85,354.11,UPI,Delivered,,27.7
ORD100265,MUMRES44DEL05,24,4.3,Mumbai,2026-05-28,19:38:00,Sunny,High,0,Meal,scooter,1,No,1.02,211.53,UPI,Delivered,,33.9
ORD101702,BENRES23DEL07,26,4.8,Bengaluru,2026-05-28,19:46:00,Sunny,Medium,1,Meal,motorcycle,0,No,3.55,512.85,Wallet,Delivered,,28.7
ORD104739,PUNRES32DEL07,18,3.9,Pune,2026-05-28,19:50:00,Cloudy,Jam,0,Meal,scooter,0,No,2.57,240.98,UPI,Delivered,,36.3
ORD101747,DELRES36DEL03,28,3.8,Delhi,2026-05-28,20:00:00,Stormy,High,2,Drinks,motorcycle,1,No,0.81,519.12,Card,Delivered,,48.3
ORD103570,MUMRES29DEL08,32,4.6,Mumbai,2026-05-28,20:07:00,Stormy,Low,1,Snack,electric_scooter,1,No,2.27,289.35,UPI,Delivered,,36.9
ORD105455,DELRES24DEL07,32,4.5,Delhi,2026-05-28,20:10:00,Cloudy,Low,1,Buffet,scooter,1,No,2.23,288.93,UPI,Delivered,,28.5
ORD100673,HYDRES36DEL06,19,3.6,Hyderabad,2026-05-28,20:38:00,Cloudy,Medium,0,Buffet,motorcycle,0,No,2.5,205.19,Cash,Delivered,,32.1
ORD104615,CHERES24DEL01,32,5.0,Chennai,2026-05-28,20:49:00,Cloudy,High,1,Meal,motorcycle,0,No,8.12,275.4,UPI,Delivered,,40.3
ORD101612,BENRES26DEL07,32,4.1,Bengaluru,2026-05-28,20:58:00,Sunny,Medium,1,Buffet,scooter,1,No,1.1,397.51,Cash,Delivered,,32.0
ORD105195,CHERES28DEL05,28,4.3,Chennai,2026-05-28,20:58:00,Cloudy,Medium,3,Drinks,motorcycle,1,No,6.1,205.68,Card,Delivered,,34.4
ORD103836,DELRES09DEL01,31,5.0,Delhi,2026-05-28,21:27:00,Sunny,Low,3,Buffet,motorcycle,1,No,2.3,301.26,Wallet,Delivered,,28.3
ORD100048,DELRES18DEL06,25,4.5,Delhi,2026-05-28,21:39:00,Windy,Jam,1,Meal,motorcycle,0,No,1.37,327.95,UPI,Delivered,,36.5
ORD105793,CHERES17DEL06,22,4.6,Chennai,2026-05-28,21:39:00,Cloudy,Jam,0,Meal,electric_scooter,0,No,1.76,105.19,Cash,Cancelled,Weather Disruption,
ORD105495,PUNRES15DEL03,22,5.0,Pune,2026-05-28,21:54:00,Sunny,High,1,Drinks,scooter,0,No,22.0,120.23,UPI,Delivered,,63.2
ORD101035,BENRES12DEL08,31,4.5,Bengaluru,2026-05-28,22:09:00,Stormy,Medium,2,Meal,electric_scooter,0,No,4.71,199.31,Cash,Delivered,,39.0
ORD100009,HYDRES13DEL05,41,4.1,Hyderabad,2026-05-28,22:38:00,Sunny,Jam,0,Buffet,motorcycle,1,No,4.24,269.85,Cash,Delivered,,46.8
ORD102423,BENRES11DEL06,34,5.0,Bengaluru,2026-05-28,22:57:00,Sunny,Medium,3,Meal,motorcycle,0,No,11.27,317.48,Cash,Delivered,,41.0
ORD104527,BENRES29DEL07,29,4.1,Bengaluru,2026-05-28,23:13:00,Cloudy,Medium,3,Meal,motorcycle,0,No,4.42,271.19,UPI,Delivered,,33.1
ORD100380,CHERES23DEL07,23,4.8,Chennai,2026-05-29,06:00:00,Sunny,Medium,3,Meal,motorcycle,3,No,3.14,223.08,UPI,Delivered,,37.0
ORD100183,HYDRES41DEL01,35,4.2,Hyderabad,2026-05-29,08:46:00,Windy,Low,0,Snack,scooter,0,No,1.33,410.57,UPI,Delivered,,22.7
ORD103711,BENRES33DEL07,19,3.7,Bengaluru,2026-05-29,09:23:00,Cloudy,Low,1,Snack,scooter,0,No,2.08,761.57,Cash,Delivered,,24.5
ORD101175,CHERES34DEL01,43,5.0,Chennai,2026-05-29,10:05:00,Cloudy,Low,3,Buffet,motorcycle,1,No,8.24,444.77,UPI,Delivered,,38.7
ORD103461,BENRES31DEL03,27,4.9,Bengaluru,2026-05-29,10:23:00,Windy,Low,0,Drinks,motorcycle,0,No,10.13,374.48,Card,Delivered,,32.9
ORD100115,BENRES04DEL07,21,4.4,Bengaluru,2026-05-29,10:27:00,Windy,Medium,3,Meal,motorcycle,1,No,4.83,196.85,Cash,Delivered,,43.2
ORD103851,PUNRES03DEL08,40,4.1,Pune,2026-05-29,11:03:00,Sunny,Low,2,Buffet,motorcycle,0,No,5.16,247.79,Cash,Delivered,,30.0
ORD100342,CHERES22DEL02,29,4.3,Chennai,2026-05-29,11:06:00,Sunny,High,2,Snack,motorcycle,0,No,3.07,485.67,UPI,Delivered,,34.0
ORD100301,MUMRES01DEL05,35,4.5,Mumbai,2026-05-29,11:36:00,Windy,Low,1,Buffet,scooter,0,No,1.25,289.12,Cash,Delivered,,22.3
ORD105260,BENRES15DEL06,37,4.2,Bengaluru,2026-05-29,11:54:00,Sunny,Jam,3,Buffet,electric_scooter,0,No,1.3,343.87,UPI,Delivered,,33.9
ORD102926,DELRES04DEL04,29,3.8,Delhi,2026-05-29,12:06:00,Cloudy,Medium,2,Drinks,motorcycle,2,No,6.92,297.89,UPI,Delivered,,41.1
ORD102206,HYDRES08DEL01,40,4.3,Hyderabad,2026-05-29,12:11:00,Windy,Low,2,Snack,bicycle,3,No,1.85,342.98,UPI,Delivered,,36.9
ORD102478,MUMRES20DEL07,22,4.4,Mumbai,2026-05-29,12:24:00,Sunny,Low,1,Buffet,motorcycle,1,No,2.29,510.69,UPI,Delivered,,23.4
ORD102380,CHERES23DEL01,32,4.2,Chennai,2026-05-29,12:42:00,Fog,Medium,1,Buffet,motorcycle,2,No,1.22,396.0,Cash,Delivered,,40.8
ORD103137,BENRES09DEL03,23,5.0,Bengaluru,2026-05-29,13:26:00,Sunny,Low,3,Buffet,motorcycle,0,No,1.9,344.35,Cash,Delivered,,24.3
ORD101669,BENRES21DEL05,44,4.2,Bengaluru,2026-05-29,14:08:00,Cloudy,High,2,Snack,scooter,1,No,10.05,308.39,Cash,Delivered,,52.8
ORD105896,DELRES15DEL06,31,4.2,Delhi,2026-05-29,14:40:00,Windy,Medium,1,Meal,electric_scooter,1,No,3.98,517.91,Card,Delivered,,37.1
ORD101894,PUNRES32DEL03,29,4.7,Pune,2026-05-29,15:08:00,Windy,Low,0,Buffet,motorcycle,1,No,1.61,285.22,UPI,Delivered,,25.8
ORD103383,CHERES24DEL04,21,4.8,Chennai,2026-05-29,15:17:00,Sunny,Low,2,Snack,motorcycle,0,No,7.43,475.86,UPI,Delivered,,23.5
ORD105630,CHERES22DEL08,38,4.5,Chennai,2026-05-29,15:27:00,Sunny,Low,3,Drinks,scooter,1,No,2.47,364.19,UPI,Delivered,,27.6
ORD100224,HYDRES32DEL01,28,4.8,Hyderabad,2026-05-29,15:40:00,Sunny,Low,1,Drinks,motorcycle,0,No,11.02,233.27,UPI,Cancelled,Delivery Partner Unavailable,
ORD105926,BENRES08DEL05,30,5.0,Bengaluru,2026-05-29,15:42:00,Sunny,Low,0,Drinks,scooter,3,No,13.37,138.9,Cash,Delivered,,59.1
ORD104831,CHERES20DEL07,26,3.8,Chennai,2026-05-29,15:48:00,Sandstorms,Medium,3,Drinks,bicycle,1,No,1.54,679.47,UPI,Delivered,,40.4
ORD102543,HYDRES31DEL07,38,4.5,Hyderabad,2026-05-29,16:10:00,Sandstorms,Low,2,Snack,scooter,1,No,5.55,462.52,UPI,Delivered,,46.8
ORD105350,DELRES14DEL04,34,4.6,Delhi,2026-05-29,16:51:00,Sunny,Low,0,Meal,scooter,0,No,5.17,244.69,Cash,Delivered,,32.4
ORD105857,MUMRES39DEL04,36,4.2,Mumbai,2026-05-29,16:55:00,Windy,Medium,3,Buffet,motorcycle,3,No,8.33,80.0,UPI,Delivered,,48.4
ORD100783,MUMRES20DEL07,27,4.4,Mumbai,2026-05-29,17:25:00,Sunny,Low,3,Meal,motorcycle,1,No,9.43,184.28,UPI,Delivered,,32.2
ORD101592,BENRES17DEL08,33,4.2,Bengaluru,2026-05-29,17:30:00,Sunny,Low,1,Buffet,scooter,0,No,4.79,314.2,UPI,Cancelled,Restaurant Delay,
ORD105820,CHERES35DEL08,29,4.7,Chennai,2026-05-29,17:35:00,Stormy,High,2,Buffet,scooter,1,No,6.85,565.94,Wallet,Delivered,,50.7
ORD101785,DELRES17DEL08,29,3.6,Delhi,2026-05-29,17:46:00,Sunny,Low,1,Buffet,scooter,3,No,1.81,139.63,UPI,Delivered,,32.2
ORD104080,BENRES13DEL08,28,3.9,Bengaluru,2026-05-29,18:18:00,Sandstorms,High,2,Snack,electric_scooter,1,No,21.25,349.54,UPI,Delivered,,68.8
ORD101223,CHERES22DEL04,26,4.9,Chennai,2026-05-29,18:20:00,Cloudy,Medium,1,Drinks,motorcycle,0,No,1.15,349.43,Wallet,Delivered,,18.5
ORD102716,BENRES08DEL07,24,4.8,Bengaluru,2026-05-29,19:05:00,Sunny,Low,1,Drinks,motorcycle,0,No,14.77,276.55,UPI,Delivered,,39.6
ORD105573,BENRES15DEL01,33,4.5,Bengaluru,2026-05-29,19:39:00,Windy,Medium,2,Buffet,scooter,0,No,4.5,277.28,Wallet,Delivered,,33.6
ORD105154,PUNRES18DEL06,37,3.7,Pune,2026-05-29,19:43:00,Sunny,Jam,0,Snack,electric_scooter,0,No,3.32,510.36,UPI,Cancelled,Customer Cancelled,
ORD100253,KOLRES42DEL07,37,4.3,Kolkata,2026-05-29,19:51:00,Windy,High,2,Drinks,electric_scooter,0,No,9.22,455.51,UPI,Delivered,,49.0
ORD105408,HYDRES36DEL07,23,4.1,Hyderabad,2026-05-29,19:54:00,Sunny,Medium,0,Drinks,electric_scooter,1,No,14.9,317.1,Cash,Delivered,,53.1
ORD101016,KOLRES14DEL03,27,4.1,Kolkata,2026-05-29,19:56:00,Sunny,Low,2,Drinks,motorcycle,0,No,5.52,263.84,UPI,Delivered,,27.8
ORD100786,BENRES42DEL07,33,4.6,Bengaluru,2026-05-29,20:09:00,Sunny,Medium,2,Buffet,motorcycle,0,No,8.51,202.06,UPI,Delivered,,36.3
ORD105810,PUNRES30DEL07,27,4.3,Pune,2026-05-29,20:46:00,Fog,Medium,1,Drinks,scooter,0,No,8.47,261.03,Cash,Delivered,,38.0
ORD100193,BENRES23DEL01,23,3.9,Bengaluru,2026-05-29,20:53:00,Sunny,Medium,0,Snack,motorcycle,1,No,2.6,133.43,Cash,Delivered,,31.9
ORD104557,PUNRES29DEL08,27,4.4,Pune,2026-05-29,20:53:00,Stormy,Medium,2,Meal,scooter,0,No,11.62,373.52,Cash,Delivered,,48.8
ORD104540,MUMRES02DEL06,28,4.8,Mumbai,2026-05-29,21:03:00,Sandstorms,Low,1,Buffet,electric_scooter,1,No,5.35,549.39,Card,Delivered,,38.9
ORD105695,BENRES44DEL02,36,4.3,Bengaluru,2026-05-29,21:07:00,Fog,Low,0,Snack,electric_scooter,3,No,2.56,315.94,Wallet,Delivered,,42.8
ORD101254,DELRES43DEL05,18,5.0,Delhi,2026-05-29,21:57:00,Sunny,Medium,2,Meal,scooter,1,No,2.71,249.95,UPI,Delivered,,28.2
ORD103624,MUMRES27DEL02,33,4.4,Mumbai,2026-05-29,22:27:00,Sandstorms,Low,1,Buffet,motorcycle,3,No,3.24,374.25,UPI,Delivered,,52.7
ORD105547,CHERES28DEL04,20,4.2,Chennai,2026-05-30,00:39:00,Windy,Medium,2,Drinks,motorcycle,0,No,2.76,371.55,Card,Delivered,,25.5
ORD104768,MUMRES03DEL08,32,4.9,Mumbai,2026-05-30,00:55:00,Fog,Medium,2,Buffet,scooter,1,No,7.54,300.54,UPI,Delivered,,41.8
ORD100046,MUMRES44DEL04,31,4.4,Mumbai,2026-05-30,03:33:00,Stormy,Medium,0,Meal,motorcycle,3,No,0.83,439.0,Cash,Delivered,,47.0
ORD104421,MUMRES08DEL05,37,4.6,Mumbai,2026-05-30,05:11:00,Sunny,High,3,Buffet,motorcycle,1,No,5.25,321.83,Wallet,Delivered,,44.1
ORD102416,BENRES09DEL03,30,4.7,Bengaluru,2026-05-30,08:04:00,Stormy,High,3,Drinks,electric_scooter,0,No,1.04,528.67,UPI,Delivered,,41.2
ORD101773,PUNRES39DEL01,31,4.1,Pune,2026-05-30,08:08:00,Fog,High,0,Buffet,motorcycle,1,No,3.41,488.82,Card,Delivered,,44.4
ORD102594,BENRES05DEL04,34,4.1,Bengaluru,2026-05-30,09:00:00,Sunny,Medium,0,Meal,motorcycle,0,No,0.95,438.39,Wallet,Delivered,,26.9
ORD104378,CHERES30DEL02,43,4.3,Chennai,2026-05-30,09:43:00,Fog,Medium,2,Buffet,motorcycle,0,No,2.71,408.06,UPI,Delivered,,34.0
ORD105883,DELRES27DEL04,21,5.0,Delhi,2026-05-30,09:51:00,Cloudy,Medium,0,Snack,bicycle,1,No,4.65,156.35,UPI,Delivered,,36.9
ORD105422,MUMRES26DEL08,28,3.7,Mumbai,2026-05-30,11:30:00,Sunny,High,1,Drinks,scooter,0,No,3.7,555.76,Cash,Delivered,,38.0
ORD100320,MUMRES23DEL01,39,4.7,Mumbai,2026-05-30,11:38:00,Fog,Low,1,Buffet,electric_scooter,0,No,1.72,439.59,UPI,Delivered,,31.6
ORD104062,DELRES15DEL02,27,4.5,Delhi,2026-05-30,11:58:00,Windy,Medium,0,Snack,motorcycle,1,No,3.36,303.66,UPI,Delivered,,30.4
ORD104259,BENRES32DEL03,21,4.5,Bengaluru,2026-05-30,12:01:00,Windy,Medium,3,Snack,bicycle,0,No,9.39,212.65,UPI,Delivered,,40.3
ORD104108,BENRES03DEL08,30,5.0,Bengaluru,2026-05-30,12:04:00,Fog,Jam,2,Snack,motorcycle,1,No,1.35,356.18,Wallet,Delivered,,42.1
ORD100257,BENRES27DEL03,28,4.6,Bengaluru,2026-05-30,12:21:00,Sunny,High,2,Buffet,motorcycle,0,No,11.63,306.21,UPI,Delivered,,42.3
ORD102412,PUNRES23DEL03,21,4.1,Pune,2026-05-30,12:28:00,Sunny,Medium,3,Drinks,electric_scooter,0,No,8.9,177.75,UPI,Delivered,,34.0
ORD102607,DELRES29DEL08,27,5.0,Delhi,2026-05-30,12:34:00,Stormy,Medium,1,Drinks,motorcycle,1,No,5.81,342.01,Cash,Delivered,,48.5
ORD103418,HYDRES24DEL06,18,4.6,Hyderabad,2026-05-30,12:47:00,Stormy,Jam,2,Drinks,motorcycle,1,No,6.23,340.47,Wallet,Delivered,,57.7
ORD104901,DELRES43DEL08,35,4.2,Delhi,2026-05-30,12:48:00,Cloudy,Low,3,Snack,scooter,0,No,7.63,225.9,UPI,Delivered,,31.1
ORD104643,DELRES11DEL08,27,5.0,Delhi,2026-05-30,12:50:00,Stormy,High,3,Meal,scooter,0,No,7.15,182.44,Card,Delivered,,46.7
ORD102527,KOLRES14DEL04,27,4.2,Kolkata,2026-05-30,13:14:00,Stormy,High,2,Drinks,motorcycle,2,No,1.34,335.99,UPI,Delivered,,48.8
ORD104497,PUNRES28DEL04,28,4.6,Pune,2026-05-30,13:19:00,Sunny,High,2,Snack,scooter,1,No,10.64,523.58,UPI,Delivered,,56.2
ORD101177,BENRES31DEL05,21,4.9,Bengaluru,2026-05-30,13:45:00,Windy,High,3,Buffet,motorcycle,1,No,1.82,265.94,Card,Delivered,,29.7
ORD103968,BENRES30DEL08,26,4.1,Bengaluru,2026-05-30,14:51:00,Cloudy,High,2,Snack,motorcycle,0,No,1.09,272.95,UPI,Delivered,,21.4
ORD103338,MUMRES16DEL06,32,4.2,Mumbai,2026-05-30,15:33:00,Sunny,Medium,1,Snack,electric_scooter,1,No,3.67,499.49,Wallet,Delivered,,30.4
ORD102598,MUMRES44DEL03,30,4.1,Mumbai,2026-05-30,15:51:00,Sunny,Medium,2,Buffet,scooter,3,No,1.61,337.62,Card,Delivered,,37.2
ORD102556,PUNRES33DEL08,38,4.5,Pune,2026-05-30,16:56:00,Sunny,Medium,1,Drinks,electric_scooter,2,No,2.27,101.84,Wallet,Delivered,,39.5
ORD104706,BENRES18DEL02,25,4.2,Bengaluru,2026-05-30,17:12:00,Fog,Jam,0,Buffet,motorcycle,0,No,3.41,549.05,Wallet,Delivered,,44.2
ORD105865,BENRES28DEL04,24,4.1,Bengaluru,2026-05-30,17:13:00,Windy,Medium,1,Meal,motorcycle,1,No,9.02,615.45,UPI,Delivered,,49.7
ORD104843,MUMRES28DEL02,30,4.0,Mumbai,2026-05-30,17:18:00,Cloudy,Medium,0,Meal,motorcycle,0,No,1.48,315.24,UPI,Delivered,,22.4
ORD100252,PUNRES36DEL05,36,4.6,Pune,2026-05-30,17:34:00,Stormy,Low,3,Drinks,motorcycle,0,No,0.92,296.14,UPI,Delivered,,26.5
ORD100755,KOLRES21DEL08,26,4.3,Kolkata,2026-05-30,17:34:00,Sunny,Medium,1,Snack,scooter,1,No,1.82,247.61,UPI,Delivered,,27.0
ORD103358,MUMRES38DEL08,32,4.2,Mumbai,2026-05-30,17:51:00,Sunny,Low,2,Drinks,scooter,0,No,5.88,210.1,Card,Delivered,,23.5
ORD101152,BENRES38DEL04,35,4.6,Bengaluru,2026-05-30,18:01:00,Stormy,Medium,2,Meal,motorcycle,1,No,8.27,360.39,UPI,Delivered,,53.2
ORD100564,KOLRES31DEL08,23,4.6,Kolkata,2026-05-30,18:14:00,Sandstorms,Jam,3,Buffet,motorcycle,0,No,2.48,398.5,Wallet,Delivered,,45.7
ORD102867,DELRES16DEL05,32,4.3,Delhi,2026-05-30,18:31:00,Windy,Low,0,Drinks,motorcycle,0,No,12.03,271.77,UPI,Delivered,,32.3
ORD100828,PUNRES24DEL02,29,4.6,Pune,2026-05-30,18:34:00,Sunny,High,2,Snack,electric_scooter,0,No,2.02,386.28,Wallet,Delivered,,29.8
ORD100696,CHERES07DEL07,21,4.6,Chennai,2026-05-30,18:35:00,Windy,High,0,Buffet,motorcycle,1,No,19.69,297.8,UPI,Delivered,,64.8
ORD100581,BENRES08DEL05,21,4.4,Bengaluru,2026-05-30,18:47:00,Cloudy,Medium,1,Meal,motorcycle,0,No,2.09,226.57,UPI,Delivered,,30.3
ORD103798,MUMRES08DEL08,37,4.3,Mumbai,2026-05-30,19:01:00,Cloudy,High,0,Snack,motorcycle,0,No,25.0,348.71,UPI,Delivered,,67.9
ORD102037,HYDRES16DEL02,30,4.8,Hyderabad,2026-05-30,19:15:00,Cloudy,Low,2,Meal,electric_scooter,1,No,1.94,370.4,UPI,Delivered,,28.7
ORD101059,HYDRES36DEL07,30,4.2,Hyderabad,2026-05-30,19:29:00,Sandstorms,Medium,3,Drinks,scooter,0,No,15.55,210.84,Wallet,Delivered,,59.2
ORD101910,BENRES26DEL05,28,4.0,Bengaluru,2026-05-30,19:44:00,Cloudy,High,1,Snack,electric_scooter,0,No,2.34,289.12,Card,Delivered,,26.1
ORD104963,CHERES30DEL08,29,4.3,Chennai,2026-05-30,20:19:00,Sunny,Jam,1,Meal,electric_scooter,0,No,2.96,446.62,UPI,Delivered,,41.5
ORD105395,BENRES30DEL06,40,4.5,Bengaluru,2026-05-30,20:32:00,Sunny,Low,3,Snack,scooter,1,No,5.82,280.08,UPI,Delivered,,32.0
ORD100037,HYDRES30DEL08,30,4.2,Hyderabad,2026-05-30,21:36:00,Sunny,Low,2,Meal,electric_scooter,0,No,12.5,166.82,UPI,Delivered,,46.9
ORD105899,MUMRES12DEL05,20,4.2,Mumbai,2026-05-30,21:41:00,Fog,Low,1,Meal,motorcycle,0,No,3.45,163.45,UPI,Delivered,,34.6
ORD103661,KOLRES44DEL07,22,4.1,Kolkata,2026-05-30,21:42:00,Sunny,Jam,0,Snack,motorcycle,1,No,3.3,183.99,UPI,Delivered,,39.0
ORD102648,HYDRES32DEL08,28,4.6,Hyderabad,2026-05-30,21:53:00,Sunny,High,2,Snack,motorcycle,0,No,5.04,213.66,UPI,Delivered,,34.0
ORD100859,BENRES22DEL02,30,4.1,Bengaluru,2026-05-30,22:02:00,Sunny,High,0,Buffet,scooter,0,No,1.83,858.48,Cash,Delivered,,26.0
ORD102765,DELRES08DEL06,23,4.1,Delhi,2026-05-30,22:02:00,Sunny,Low,1,Meal,scooter,0,No,4.02,241.15,UPI,Delivered,,19.2
ORD105105,PUNRES43DEL03,32,3.8,Pune,2026-05-30,22:12:00,Stormy,Low,3,Meal,motorcycle,0,No,5.88,80.0,UPI,Delivered,,38.7
ORD102620,PUNRES28DEL06,27,3.7,Pune,2026-05-30,22:36:00,Sunny,Medium,2,Buffet,motorcycle,0,No,6.84,167.25,Cash,Delivered,,33.9
ORD104566,KOLRES14DEL08,31,4.4,Kolkata,2026-05-30,22:53:00,Sandstorms,Medium,1,Drinks,motorcycle,0,No,1.02,191.09,UPI,Delivered,,31.5
ORD103193,CHERES19DEL06,27,4.5,Chennai,2026-05-30,23:45:00,Sunny,High,3,Snack,scooter,0,No,11.64,208.89,UPI,Delivered,,46.3
ORD103398,CHERES10DEL05,35,4.3,Chennai,2026-05-31,06:09:00,Fog,Medium,0,Meal,electric_scooter,0,Yes,2.12,271.69,UPI,Delivered,,42.6
ORD102902,PUNRES03DEL02,28,4.7,Pune,2026-05-31,08:20:00,Sunny,Low,2,Meal,bicycle,0,Yes,2.25,206.98,Cash,Delivered,,27.1
ORD104343,MUMRES42DEL03,35,4.3,Mumbai,2026-05-31,09:08:00,Stormy,High,0,Buffet,motorcycle,2,Yes,1.43,136.42,Wallet,Delivered,,61.5
ORD104277,CHERES22DEL04,33,4.2,Chennai,2026-05-31,09:09:00,Stormy,High,3,Buffet,motorcycle,1,Yes,2.95,269.47,Card,Delivered,,48.4
ORD101667,HYDRES19DEL04,22,5.0,Hyderabad,2026-05-31,09:19:00,Sunny,Medium,2,Buffet,motorcycle,1,Yes,9.26,228.13,Card,Delivered,,45.6
ORD104792,MUMRES10DEL02,34,4.3,Mumbai,2026-05-31,09:33:00,Sunny,Low,0,Snack,motorcycle,0,Yes,2.33,80.0,Cash,Delivered,,20.6
ORD101328,PUNRES12DEL02,25,4.8,Pune,2026-05-31,09:58:00,Windy,Medium,1,Snack,scooter,1,Yes,5.09,260.49,Card,Delivered,,44.1
ORD100536,KOLRES25DEL05,25,4.6,Kolkata,2026-05-31,10:23:00,Windy,Medium,3,Snack,scooter,0,Yes,4.35,516.24,UPI,Delivered,,33.5
ORD102794,DELRES01DEL03,27,4.0,Delhi,2026-05-31,11:52:00,Sunny,Medium,1,Buffet,motorcycle,1,Yes,5.69,217.92,UPI,Delivered,,42.1
ORD105409,PUNRES37DEL04,18,4.6,Pune,2026-05-31,11:52:00,Sunny,Low,3,Snack,motorcycle,0,Yes,2.87,263.02,UPI,Delivered,,26.0
ORD101120,DELRES44DEL06,32,4.5,Delhi,2026-05-31,12:06:00,Sunny,Medium,1,Buffet,scooter,2,Yes,1.91,149.68,UPI,Delivered,,41.5
ORD103210,HYDRES25DEL01,22,3.8,Hyderabad,2026-05-31,12:06:00,Cloudy,Medium,3,Meal,motorcycle,1,Yes,8.65,320.66,UPI,Delivered,,41.6
ORD104480,HYDRES03DEL04,28,3.9,Hyderabad,2026-05-31,12:17:00,Sunny,Jam,1,Snack,bicycle,1,Yes,10.26,371.2,UPI,Cancelled,Weather Disruption,
ORD100887,KOLRES34DEL03,37,4.3,Kolkata,2026-05-31,12:41:00,Sunny,Low,2,Snack,motorcycle,1,Yes,9.4,294.63,UPI,Delivered,,42.6
ORD102514,DELRES32DEL07,28,4.7,Delhi,2026-05-31,13:06:00,Sunny,Medium,3,Meal,motorcycle,0,Yes,2.66,324.42,Cash,Delivered,,31.2
ORD103352,CHERES17DEL08,38,4.5,Chennai,2026-05-31,15:36:00,Fog,High,2,Snack,scooter,0,Yes,0.83,270.42,UPI,Delivered,,41.1
ORD102643,BENRES32DEL02,18,4.9,Bengaluru,2026-05-31,15:38:00,Fog,High,2,Drinks,motorcycle,1,Yes,2.33,120.37,UPI,Delivered,,47.8
ORD105638,PUNRES41DEL01,26,4.5,Pune,2026-05-31,16:15:00,Sandstorms,Low,1,Snack,motorcycle,0,Yes,2.1,80.0,Cash,Delivered,,36.6
ORD104021,HYDRES43DEL04,36,3.9,Hyderabad,2026-05-31,16:18:00,Sunny,Medium,1,Buffet,motorcycle,3,Yes,4.07,320.07,UPI,Delivered,,47.3
ORD100116,MUMRES07DEL04,21,4.3,Mumbai,2026-05-31,17:16:00,Sunny,High,2,Drinks,electric_scooter,0,Yes,8.74,259.21,UPI,Cancelled,Restaurant Delay,
ORD100177,KOLRES28DEL07,38,4.3,Kolkata,2026-05-31,17:27:00,Cloudy,Medium,3,Drinks,motorcycle,1,Yes,4.82,322.8,Card,Delivered,,46.1
ORD105503,BENRES06DEL04,39,4.1,Bengaluru,2026-05-31,17:28:00,Cloudy,Low,2,Buffet,motorcycle,1,Yes,2.29,172.23,UPI,Delivered,,33.3
ORD103833,HYDRES04DEL05,30,4.8,Hyderabad,2026-05-31,18:05:00,Windy,Medium,3,Drinks,scooter,1,Yes,4.19,172.71,UPI,Delivered,,46.2
ORD100330,MUMRES39DEL05,28,4.5,Mumbai,2026-05-31,18:34:00,Sunny,Medium,0,Meal,motorcycle,1,Yes,3.83,380.03,Cash,Delivered,,39.9
ORD105516,BENRES16DEL02,31,4.0,Bengaluru,2026-05-31,18:35:00,Stormy,Medium,2,Buffet,scooter,1,Yes,0.9,334.58,Card,Delivered,,44.0
ORD101397,MUMRES02DEL07,34,4.9,Mumbai,2026-05-31,18:48:00,Cloudy,High,0,Buffet,motorcycle,1,Yes,1.0,810.57,Cash,Delivered,,38.8
ORD103452,CHERES17DEL05,27,4.3,Chennai,2026-05-31,19:03:00,Cloudy,Jam,2,Drinks,electric_scooter,1,Yes,7.17,201.64,Card,Delivered,,58.4
ORD101650,BENRES21DEL07,28,4.6,Bengaluru,2026-05-31,19:11:00,Cloudy,Low,0,Buffet,motorcycle,0,Yes,1.8,395.61,Wallet,Delivered,,32.3
ORD100509,DELRES13DEL04,38,4.3,Delhi,2026-05-31,20:04:00,Stormy,Jam,1,Drinks,motorcycle,0,Yes,3.55,394.11,UPI,Delivered,,56.4
ORD105323,DELRES39DEL04,29,4.1,Delhi,2026-05-31,20:05:00,Sunny,Low,3,Meal,electric_scooter,1,Yes,2.41,177.6,Cash,Cancelled,Customer Cancelled,
ORD100770,MUMRES01DEL08,37,5.0,Mumbai,2026-05-31,20:08:00,Sandstorms,Low,1,Meal,motorcycle,0,Yes,3.31,219.9,UPI,Delivered,,36.9
ORD101400,HYDRES24DEL05,40,4.5,Hyderabad,2026-05-31,20:19:00,Fog,High,2,Buffet,electric_scooter,0,Yes,10.06,199.82,UPI,Delivered,,57.0
ORD100149,DELRES24DEL03,33,4.4,Delhi,2026-05-31,20:22:00,Cloudy,Medium,0,Snack,motorcycle,1,Yes,10.84,109.1,Cash,Delivered,,50.1
ORD105980,KOLRES28DEL05,22,3.9,Kolkata,2026-05-31,20:34:00,Cloudy,Medium,2,Buffet,scooter,1,Yes,2.49,414.0,UPI,Delivered,,35.4
ORD103098,BENRES40DEL01,29,4.1,Bengaluru,2026-05-31,20:44:00,Sunny,Medium,1,Snack,motorcycle,0,Yes,4.97,1065.89,UPI,Cancelled,Traffic Delay,
ORD105842,CHERES21DEL05,22,4.4,Chennai,2026-05-31,20:48:00,Windy,Medium,2,Drinks,electric_scooter,1,Yes,5.49,549.56,UPI,Delivered,,41.1
ORD100994,KOLRES17DEL02,28,4.2,Kolkata,2026-05-31,21:06:00,Sunny,Low,2,Buffet,motorcycle,1,Yes,17.52,249.53,Card,Delivered,,58.9
ORD104393,BENRES39DEL07,26,4.6,Bengaluru,2026-05-31,21:44:00,Stormy,High,2,Drinks,motorcycle,0,Yes,3.11,334.13,Card,Delivered,,43.2
ORD102247,CHERES34DEL08,36,4.6,Chennai,2026-05-31,23:51:00,Cloudy,Medium,1,Snack,motorcycle,0,Yes,11.75,526.62,UPI,Delivered,,53.2
ORD103384,CHERES40DEL06,23,4.8,Chennai,2026-06-01,07:19:00,Cloudy,Medium,1,Buffet,scooter,0,No,2.19,540.34,UPI,Delivered,,26.0
ORD105710,PUNRES22DEL05,28,5.0,Pune,2026-06-01,07:27:00,Cloudy,High,2,Buffet,motorcycle,1,No,7.1,485.15,UPI,Delivered,,40.9
ORD101236,PUNRES01DEL01,40,3.8,Pune,2026-06-01,09:09:00,Fog,Medium,1,Drinks,motorcycle,1,No,5.81,275.18,UPI,Delivered,,42.5
ORD105401,BENRES04DEL08,39,4.4,Bengaluru,2026-06-01,09:12:00,Sunny,Medium,3,Meal,motorcycle,0,No,5.04,185.67,Cash,Delivered,,36.7
ORD105834,KOLRES25DEL05,36,4.4,Kolkata,2026-06-01,10:56:00,Sunny,Medium,2,Snack,electric_scooter,0,No,0.88,191.32,UPI,Delivered,,25.4
ORD104523,MUMRES32DEL01,28,4.0,Mumbai,2026-06-01,10:57:00,Cloudy,Low,2,Snack,scooter,0,No,2.21,257.31,Cash,Delivered,,26.8
ORD100070,PUNRES40DEL07,34,4.1,Pune,2026-06-01,11:35:00,Cloudy,Medium,1,Buffet,scooter,0,No,0.82,347.05,UPI,Delivered,,29.7
ORD104945,CHERES30DEL08,24,4.5,Chennai,2026-06-01,11:49:00,Fog,Medium,3,Drinks,scooter,0,No,4.01,238.74,Cash,Delivered,,41.3
ORD102599,BENRES42DEL02,18,4.4,Bengaluru,2026-06-01,12:04:00,Stormy,Medium,0,Buffet,motorcycle,0,No,3.35,382.14,Card,Delivered,,33.5
ORD101529,MUMRES19DEL02,23,4.5,Mumbai,2026-06-01,12:12:00,Sandstorms,Low,3,Drinks,motorcycle,0,No,4.63,232.95,Card,Delivered,,31.4
ORD100097,BENRES06DEL07,27,3.9,Bengaluru,2026-06-01,12:25:00,Windy,Jam,2,Meal,motorcycle,1,No,9.58,126.19,Card,Delivered,,59.9
ORD101023,BENRES16DEL04,27,4.3,Bengaluru,2026-06-01,12:37:00,Sunny,Low,3,Meal,scooter,2,No,1.59,202.15,UPI,Delivered,,30.4
ORD102332,MUMRES36DEL03,27,4.7,Mumbai,2026-06-01,12:46:00,Sunny,Low,0,Meal,motorcycle,0,No,1.93,259.66,UPI,Delivered,,21.9
ORD100698,BENRES23DEL01,21,4.4,Bengaluru,2026-06-01,12:52:00,Windy,Low,1,Meal,motorcycle,0,No,5.11,651.17,Card,Delivered,,30.4
ORD100687,BENRES42DEL04,24,4.5,Bengaluru,2026-06-01,13:01:00,Sunny,Medium,2,Meal,motorcycle,0,No,6.17,408.73,Cash,Delivered,,30.0
ORD103034,DELRES22DEL06,23,4.0,Delhi,2026-06-01,13:06:00,Windy,High,0,Drinks,electric_scooter,0,No,4.89,616.53,Card,Delivered,,31.6
ORD101348,HYDRES07DEL08,34,4.3,Hyderabad,2026-06-01,13:26:00,Sunny,Medium,0,Drinks,motorcycle,0,No,7.01,367.63,UPI,Delivered,,37.1
ORD101222,BENRES39DEL01,30,4.5,Bengaluru,2026-06-01,13:31:00,Sunny,Jam,3,Snack,bicycle,0,No,7.35,328.93,UPI,Delivered,,41.6
ORD101893,CHERES34DEL03,25,4.3,Chennai,2026-06-01,15:16:00,Sunny,Low,0,Meal,motorcycle,0,No,7.92,271.01,UPI,Delivered,,29.1
ORD101738,BENRES01DEL03,36,4.9,Bengaluru,2026-06-01,15:32:00,Sunny,High,0,Buffet,motorcycle,1,No,4.91,141.77,Cash,Delivered,,37.8
ORD104822,BENRES34DEL08,23,4.3,Bengaluru,2026-06-01,15:54:00,Windy,High,1,Buffet,scooter,1,No,2.21,468.48,UPI,Delivered,,40.4
ORD102134,MUMRES35DEL06,27,4.5,Mumbai,2026-06-01,16:02:00,Cloudy,Medium,1,Buffet,scooter,0,No,9.61,396.26,Wallet,Delivered,,37.7
ORD101664,HYDRES23DEL06,20,3.9,Hyderabad,2026-06-01,17:05:00,Windy,Low,2,Drinks,motorcycle,1,No,1.58,450.3,UPI,Delivered,,29.6
ORD101896,HYDRES30DEL07,32,4.4,Hyderabad,2026-06-01,17:23:00,Windy,Low,1,Drinks,motorcycle,1,No,1.39,126.48,UPI,Delivered,,30.4
ORD102046,PUNRES43DEL01,35,5.0,Pune,2026-06-01,17:37:00,Sunny,Medium,3,Drinks,motorcycle,3,No,2.11,790.56,UPI,Delivered,,29.8
ORD104791,MUMRES10DEL03,33,4.9,Mumbai,2026-06-01,17:49:00,Cloudy,Medium,1,Buffet,motorcycle,0,No,12.94,315.97,UPI,Delivered,,41.5
ORD101732,PUNRES29DEL01,18,4.4,Pune,2026-06-01,17:51:00,Fog,High,3,Meal,scooter,1,No,3.98,141.13,Cash,Delivered,,38.3
ORD103435,DELRES20DEL05,23,4.9,Delhi,2026-06-01,18:12:00,Cloudy,High,2,Drinks,scooter,1,No,7.51,170.66,UPI,Delivered,,40.0
ORD101313,DELRES21DEL01,26,4.7,Delhi,2026-06-01,18:19:00,Windy,High,3,Buffet,motorcycle,0,No,1.19,282.11,Wallet,Delivered,,25.5
ORD101971,CHERES10DEL07,34,4.2,Chennai,2026-06-01,18:24:00,Sunny,Jam,0,Meal,electric_scooter,1,No,1.6,582.14,UPI,Delivered,,45.6
ORD102030,CHERES20DEL03,20,4.9,Chennai,2026-06-01,18:30:00,Sunny,Medium,1,Meal,scooter,1,No,5.96,254.02,UPI,Delivered,,30.0
ORD102535,MUMRES07DEL02,32,4.3,Mumbai,2026-06-01,18:55:00,Stormy,Low,2,Drinks,electric_scooter,2,No,4.67,233.13,UPI,Delivered,,41.9
ORD103105,HYDRES32DEL03,25,4.7,Hyderabad,2026-06-01,18:58:00,Windy,High,3,Drinks,motorcycle,0,No,5.51,198.5,UPI,Delivered,,39.0
ORD100220,KOLRES10DEL01,22,4.0,Kolkata,2026-06-01,19:00:00,Sunny,High,3,Snack,motorcycle,0,No,2.98,372.85,UPI,Delivered,,33.9
ORD103355,BENRES01DEL02,29,4.8,Bengaluru,2026-06-01,19:09:00,Cloudy,High,0,Snack,scooter,1,No,13.5,241.62,UPI,Delivered,,59.6
ORD102212,MUMRES11DEL01,18,5.0,Mumbai,2026-06-01,19:23:00,Sunny,Jam,2,Snack,scooter,0,No,2.5,220.33,UPI,Delivered,,39.7
ORD101434,CHERES06DEL06,38,4.2,Chennai,2026-06-01,19:34:00,Sunny,Jam,1,Snack,motorcycle,0,No,9.35,171.05,UPI,Delivered,,36.6
ORD105249,KOLRES39DEL02,27,4.3,Kolkata,2026-06-01,19:39:00,Stormy,Medium,1,Snack,motorcycle,0,No,1.83,341.62,UPI,Delivered,,33.8
ORD101541,DELRES14DEL07,26,3.6,Delhi,2026-06-01,19:54:00,Windy,High,2,Drinks,motorcycle,1,No,3.3,380.81,Card,Delivered,,38.0
ORD101545,DELRES34DEL05,43,4.2,Delhi,2026-06-01,20:22:00,Sunny,High,0,Drinks,bicycle,0,No,3.44,325.57,UPI,Delivered,,36.5
ORD102615,BENRES08DEL03,32,4.4,Bengaluru,2026-06-01,20:27:00,Stormy,Medium,1,Snack,scooter,2,No,4.03,114.64,Card,Cancelled,Customer Cancelled,
ORD102871,PUNRES25DEL08,26,4.4,Pune,2026-06-01,20:55:00,Windy,Medium,0,Meal,bicycle,1,No,3.08,297.11,UPI,Delivered,,38.5
ORD105141,HYDRES08DEL03,29,4.6,Hyderabad,2026-06-01,21:09:00,Sunny,Medium,2,Drinks,electric_scooter,1,No,2.72,230.88,UPI,Delivered,,34.1
ORD103729,DELRES36DEL04,33,4.0,Delhi,2026-06-01,21:18:00,Windy,High,3,Snack,motorcycle,2,No,1.82,204.2,Card,Cancelled,Traffic Delay,
ORD102957,MUMRES44DEL08,32,5.0,Mumbai,2026-06-01,21:32:00,Windy,Low,0,Buffet,motorcycle,0,No,11.45,515.3,UPI,Delivered,,34.8
ORD105753,PUNRES11DEL06,29,3.9,Pune,2026-06-01,21:56:00,Sunny,Medium,1,Snack,scooter,1,No,5.88,469.51,UPI,Delivered,,37.6
ORD101365,BENRES16DEL03,27,5.0,Bengaluru,2026-06-01,22:42:00,Sunny,Medium,1,Drinks,scooter,2,No,0.84,190.43,UPI,Delivered,,41.1
ORD102747,MUMRES19DEL02,30,4.3,Mumbai,2026-06-02,00:24:00,Cloudy,High,3,Drinks,motorcycle,0,No,1.16,104.96,UPI,Delivered,,34.3
ORD103168,BENRES09DEL05,32,4.5,Bengaluru,2026-06-02,07:45:00,Sunny,Jam,2,Meal,motorcycle,0,No,2.15,205.31,UPI,Delivered,,36.2
ORD100655,MUMRES44DEL08,27,4.0,Mumbai,2026-06-02,08:18:00,Fog,Low,1,Buffet,motorcycle,1,No,2.43,465.01,UPI,Delivered,,36.0
ORD103772,DELRES41DEL04,33,4.5,Delhi,2026-06-02,08:38:00,Stormy,Medium,0,Drinks,motorcycle,0,No,1.44,167.42,Cash,Delivered,,40.0
ORD102035,PUNRES10DEL02,36,4.4,Pune,2026-06-02,08:52:00,Cloudy,Low,2,Drinks,motorcycle,2,No,8.47,477.44,UPI,Delivered,,42.6
ORD102776,BENRES16DEL04,34,4.9,Bengaluru,2026-06-02,09:20:00,Sunny,High,1,Meal,scooter,1,No,1.98,523.63,UPI,Delivered,,30.8
ORD101570,BENRES41DEL02,31,4.8,Bengaluru,2026-06-02,09:58:00,Windy,High,1,Snack,motorcycle,1,No,14.92,648.76,UPI,Delivered,,56.9
ORD104657,DELRES09DEL05,24,4.5,Delhi,2026-06-02,10:18:00,Sunny,Medium,2,Buffet,scooter,0,No,3.18,438.55,Card,Delivered,,30.9
ORD102276,KOLRES25DEL02,48,4.6,Kolkata,2026-06-02,10:20:00,Fog,Medium,2,Buffet,electric_scooter,1,No,1.35,97.74,UPI,Delivered,,38.2
ORD102300,DELRES04DEL08,21,5.0,Delhi,2026-06-02,10:31:00,Cloudy,Low,1,Buffet,electric_scooter,0,No,6.42,682.12,UPI,Delivered,,26.0
ORD104138,PUNRES25DEL01,20,4.3,Pune,2026-06-02,10:36:00,Sunny,Medium,3,Snack,scooter,1,No,1.74,233.48,UPI,Delivered,,26.8
ORD105551,DELRES43DEL06,21,4.6,Delhi,2026-06-02,11:02:00,Fog,Medium,2,Drinks,scooter,2,No,8.36,145.34,UPI,Delivered,,44.6
ORD105778,BENRES07DEL06,33,4.3,Bengaluru,2026-06-02,11:35:00,Stormy,Low,1,Snack,scooter,2,No,2.42,616.62,UPI,Delivered,,52.6
ORD104653,CHERES36DEL04,30,4.5,Chennai,2026-06-02,11:37:00,Cloudy,Medium,0,Snack,motorcycle,0,No,9.59,279.63,UPI,Delivered,,36.4
ORD101327,KOLRES25DEL03,23,4.3,Kolkata,2026-06-02,12:15:00,Cloudy,Medium,2,Buffet,motorcycle,0,No,2.18,394.63,UPI,Delivered,,24.8
ORD103061,DELRES36DEL08,24,4.6,Delhi,2026-06-02,12:30:00,Sunny,High,3,Drinks,motorcycle,0,No,7.52,465.6,Cash,Delivered,,37.2
ORD105864,CHERES09DEL01,24,4.1,Chennai,2026-06-02,12:35:00,Cloudy,High,0,Meal,bicycle,0,No,4.32,202.91,Card,Delivered,,36.7
ORD102637,BENRES03DEL05,26,4.1,Bengaluru,2026-06-02,12:42:00,Fog,Medium,0,Drinks,scooter,0,No,2.1,180.8,Cash,Delivered,,29.5
ORD105252,BENRES32DEL05,28,4.0,Bengaluru,2026-06-02,12:55:00,Windy,High,3,Drinks,motorcycle,0,No,0.89,312.47,UPI,Delivered,,29.2
ORD104757,DELRES01DEL01,31,4.6,Delhi,2026-06-02,13:07:00,Sunny,High,3,Meal,scooter,0,No,5.16,511.92,Card,Delivered,,38.7
ORD103408,BENRES29DEL04,28,4.2,Bengaluru,2026-06-02,13:51:00,Sunny,Low,3,Drinks,motorcycle,0,No,1.75,304.4,Cash,Delivered,,16.1
ORD104931,CHERES26DEL01,32,4.4,Chennai,2026-06-02,14:39:00,Sunny,High,1,Meal,motorcycle,0,No,6.99,223.32,Cash,Delivered,,34.3
ORD101845,BENRES12DEL03,31,4.8,Bengaluru,2026-06-02,14:44:00,Sunny,Medium,0,Snack,motorcycle,1,No,5.4,149.6,UPI,Delivered,,37.7
ORD100125,HYDRES39DEL06,31,4.7,Hyderabad,2026-06-02,15:02:00,Cloudy,High,0,Snack,motorcycle,0,No,4.51,307.3,UPI,Delivered,,37.2
ORD103559,DELRES41DEL08,26,4.3,Delhi,2026-06-02,15:09:00,Sunny,Medium,1,Drinks,scooter,0,No,5.57,320.29,Card,Delivered,,36.3
ORD103114,MUMRES37DEL01,19,4.2,Mumbai,2026-06-02,15:55:00,Sunny,High,2,Buffet,scooter,3,No,25.0,405.86,UPI,Delivered,,83.7
ORD104656,MUMRES16DEL02,36,4.1,Mumbai,2026-06-02,16:47:00,Sunny,Medium,1,Buffet,motorcycle,0,No,1.79,477.23,Cash,Delivered,,25.0
ORD102630,BENRES42DEL08,33,3.9,Bengaluru,2026-06-02,16:58:00,Fog,High,3,Drinks,motorcycle,1,No,2.26,230.51,Card,Delivered,,41.9
ORD104140,DELRES03DEL04,24,4.6,Delhi,2026-06-02,16:59:00,Cloudy,Low,1,Snack,scooter,0,No,3.34,527.79,UPI,Delivered,,28.3
ORD105632,CHERES24DEL08,27,4.2,Chennai,2026-06-02,17:29:00,Windy,Medium,2,Meal,scooter,0,No,3.78,229.49,Card,Delivered,,33.7
ORD102236,BENRES15DEL05,29,4.4,Bengaluru,2026-06-02,18:17:00,Windy,Low,3,Drinks,scooter,2,No,2.66,162.2,UPI,Delivered,,28.7
ORD104927,MUMRES12DEL01,22,4.4,Mumbai,2026-06-02,18:38:00,Windy,High,0,Meal,motorcycle,0,No,1.64,165.39,Wallet,Delivered,,29.2
ORD101673,BENRES21DEL07,21,4.6,Bengaluru,2026-06-02,18:39:00,Stormy,Medium,3,Snack,scooter,0,No,13.81,228.14,Card,Delivered,,46.4
ORD105342,BENRES26DEL08,32,4.8,Bengaluru,2026-06-02,18:54:00,Windy,Low,2,Meal,electric_scooter,0,No,2.88,208.15,Wallet,Delivered,,25.9
ORD104690,DELRES29DEL07,26,4.7,Delhi,2026-06-02,19:08:00,Stormy,Low,0,Buffet,motorcycle,0,No,2.08,130.69,UPI,Delivered,,34.0
ORD101300,PUNRES09DEL06,35,4.5,Pune,2026-06-02,19:32:00,Cloudy,Medium,1,Buffet,motorcycle,2,No,1.88,617.28,Card,Delivered,,40.8
ORD104708,DELRES22DEL07,39,4.0,Delhi,2026-06-02,19:33:00,Windy,Medium,3,Meal,electric_scooter,1,No,4.68,276.03,Cash,Delivered,,44.3
ORD101915,DELRES09DEL05,29,3.9,Delhi,2026-06-02,19:34:00,Fog,Medium,3,Snack,motorcycle,0,No,17.83,80.0,UPI,Delivered,,61.3
ORD100746,BENRES07DEL06,31,4.5,Bengaluru,2026-06-02,19:45:00,Windy,Medium,2,Drinks,scooter,1,No,1.08,112.87,UPI,Delivered,,30.4
ORD104272,MUMRES06DEL07,28,4.2,Mumbai,2026-06-02,20:07:00,Windy,Medium,1,Meal,motorcycle,3,No,3.4,196.39,UPI,Delivered,,43.5
ORD104723,CHERES30DEL08,30,4.5,Chennai,2026-06-02,20:12:00,Cloudy,Jam,2,Buffet,motorcycle,1,No,2.81,194.72,UPI,Delivered,,44.7
ORD103671,KOLRES41DEL05,22,4.7,Kolkata,2026-06-02,20:20:00,Cloudy,Jam,2,Buffet,motorcycle,0,No,3.16,329.24,Wallet,Delivered,,39.9
ORD101771,DELRES17DEL03,27,4.0,Delhi,2026-06-02,20:21:00,Sandstorms,High,3,Drinks,scooter,0,No,2.56,361.12,Cash,Delivered,,41.5
ORD101500,HYDRES44DEL05,37,4.3,Hyderabad,2026-06-02,20:26:00,Fog,Low,3,Drinks,motorcycle,0,No,2.91,93.1,UPI,Delivered,,29.2
ORD102953,BENRES16DEL01,33,4.1,Bengaluru,2026-06-02,20:36:00,Windy,Low,0,Drinks,scooter,1,No,6.3,422.69,UPI,Delivered,,33.2
ORD101044,DELRES34DEL01,28,4.4,Delhi,2026-06-02,21:22:00,Cloudy,Medium,3,Snack,motorcycle,1,No,11.84,618.66,Card,Delivered,,48.7
ORD104585,BENRES18DEL04,31,5.0,Bengaluru,2026-06-02,22:05:00,Sunny,Medium,1,Drinks,motorcycle,1,No,1.57,140.43,Card,Delivered,,28.3
ORD104718,HYDRES18DEL04,40,4.4,Hyderabad,2026-06-02,22:28:00,Fog,Medium,0,Snack,motorcycle,0,No,0.86,93.73,Card,Delivered,,28.3
ORD104580,KOLRES08DEL04,34,4.9,Kolkata,2026-06-02,22:39:00,Windy,High,3,Buffet,motorcycle,0,No,5.54,446.83,Cash,Delivered,,33.2
ORD103133,CHERES26DEL01,32,4.2,Chennai,2026-06-02,22:54:00,Sunny,Medium,3,Drinks,motorcycle,0,No,12.25,400.73,Wallet,Delivered,,45.4
ORD105982,MUMRES42DEL07,26,4.2,Mumbai,2026-06-02,22:58:00,Cloudy,High,3,Buffet,motorcycle,0,No,0.87,344.2,UPI,Delivered,,35.2
ORD100333,DELRES04DEL08,38,4.0,Delhi,2026-06-03,08:18:00,Sandstorms,High,0,Drinks,motorcycle,0,No,2.02,265.7,Card,Delivered,,39.8
ORD100024,BENRES36DEL04,18,3.9,Bengaluru,2026-06-03,08:40:00,Stormy,Medium,0,Buffet,motorcycle,0,No,7.09,252.82,UPI,Delivered,,48.0
ORD103416,HYDRES34DEL02,32,4.0,Hyderabad,2026-06-03,09:02:00,Windy,Medium,0,Drinks,motorcycle,0,No,2.14,354.09,Card,Delivered,,33.4
ORD102600,PUNRES35DEL08,28,3.6,Pune,2026-06-03,09:56:00,Cloudy,High,3,Drinks,motorcycle,1,No,1.99,422.76,UPI,Delivered,,39.2
ORD100439,MUMRES12DEL04,32,4.9,Mumbai,2026-06-03,10:12:00,Sunny,Low,0,Buffet,motorcycle,0,No,25.0,167.44,UPI,Delivered,,53.3
ORD100540,PUNRES32DEL03,49,4.5,Pune,2026-06-03,11:10:00,Sunny,Medium,3,Meal,motorcycle,1,No,9.96,363.7,UPI,Delivered,,49.4
ORD103816,CHERES42DEL03,29,4.7,Chennai,2026-06-03,11:14:00,Windy,Low,2,Drinks,motorcycle,1,No,1.58,80.0,UPI,Delivered,,25.2
ORD105005,BENRES29DEL04,32,4.8,Bengaluru,2026-06-03,11:34:00,Fog,Medium,0,Snack,motorcycle,0,No,10.02,322.71,UPI,Delivered,,43.8
ORD101299,CHERES41DEL01,32,4.9,Chennai,2026-06-03,11:52:00,Stormy,High,1,Meal,motorcycle,0,No,3.53,529.76,UPI,Cancelled,Traffic Delay,
ORD102854,BENRES08DEL05,29,4.6,Bengaluru,2026-06-03,12:01:00,Stormy,Medium,1,Buffet,motorcycle,1,No,6.7,653.88,Cash,Delivered,,45.5
ORD100660,DELRES16DEL04,20,4.2,Delhi,2026-06-03,12:08:00,Sunny,High,0,Drinks,motorcycle,0,No,2.2,310.73,UPI,Delivered,,32.0
ORD101619,CHERES12DEL06,32,4.8,Chennai,2026-06-03,12:34:00,Cloudy,Jam,2,Meal,motorcycle,1,No,3.32,420.21,UPI,Delivered,,46.4
ORD103450,PUNRES38DEL02,20,4.6,Pune,2026-06-03,12:35:00,Windy,Jam,1,Drinks,motorcycle,0,No,11.02,284.36,UPI,Delivered,,51.9
ORD105715,DELRES27DEL05,29,4.1,Delhi,2026-06-03,12:40:00,Cloudy,Low,2,Buffet,motorcycle,1,No,2.12,171.22,UPI,Delivered,,27.9
ORD102811,BENRES14DEL07,39,4.2,Bengaluru,2026-06-03,12:48:00,Windy,Low,2,Drinks,scooter,0,No,3.68,133.92,UPI,Delivered,,32.9
ORD102744,BENRES30DEL01,25,4.5,Bengaluru,2026-06-03,12:50:00,Stormy,Medium,0,Drinks,motorcycle,0,No,6.57,224.31,UPI,Delivered,,39.0
ORD102239,CHERES44DEL08,29,4.6,Chennai,2026-06-03,13:36:00,Sandstorms,Medium,3,Meal,scooter,0,No,1.41,446.43,Card,Delivered,,35.1
ORD101695,DELRES13DEL02,27,4.1,Delhi,2026-06-03,14:08:00,Cloudy,Medium,3,Buffet,motorcycle,1,No,14.2,558.99,UPI,Delivered,,48.1
ORD101287,MUMRES06DEL04,28,4.4,Mumbai,2026-06-03,14:20:00,Sunny,Medium,0,Snack,scooter,0,No,1.1,478.82,UPI,Delivered,,20.9
ORD100067,BENRES33DEL06,23,4.3,Bengaluru,2026-06-03,14:32:00,Fog,High,0,Snack,motorcycle,1,No,1.29,300.57,Card,Delivered,,39.6
ORD104476,HYDRES41DEL01,34,4.2,Hyderabad,2026-06-03,14:32:00,Cloudy,High,1,Buffet,motorcycle,1,No,3.69,209.15,Card,Delivered,,37.0
ORD102245,CHERES20DEL07,24,5.0,Chennai,2026-06-03,15:37:00,Sunny,Jam,2,Snack,motorcycle,0,No,5.18,764.98,UPI,Delivered,,40.9
ORD100021,CHERES17DEL05,28,4.3,Chennai,2026-06-03,15:44:00,Sunny,High,3,Buffet,motorcycle,0,No,14.78,558.69,UPI,Delivered,,51.4
ORD103060,PUNRES01DEL07,30,4.6,Pune,2026-06-03,16:41:00,Sunny,Medium,1,Drinks,electric_scooter,0,No,5.86,80.0,Cash,Delivered,,31.0
ORD101984,HYDRES26DEL01,25,4.8,Hyderabad,2026-06-03,17:52:00,Sunny,Medium,3,Drinks,electric_scooter,0,No,5.17,121.58,Cash,Delivered,,32.6
ORD105779,CHERES26DEL01,31,4.5,Chennai,2026-06-03,18:01:00,Stormy,Low,2,Drinks,electric_scooter,0,No,18.87,351.6,UPI,Delivered,,54.4
ORD101881,DELRES05DEL01,20,4.2,Delhi,2026-06-03,18:27:00,Fog,Low,3,Meal,scooter,0,No,7.69,221.47,UPI,Delivered,,32.7
ORD105214,BENRES42DEL05,31,4.8,Bengaluru,2026-06-03,18:33:00,Sunny,Jam,1,Meal,scooter,0,No,5.86,282.73,Card,Delivered,,44.2
ORD104520,MUMRES37DEL07,19,4.5,Mumbai,2026-06-03,18:47:00,Sunny,Medium,0,Drinks,scooter,0,No,0.85,125.73,UPI,Delivered,,24.6
ORD103082,KOLRES43DEL06,23,3.9,Kolkata,2026-06-03,19:01:00,Cloudy,Low,2,Buffet,scooter,0,No,11.85,612.12,UPI,Delivered,,40.6
ORD105319,CHERES33DEL01,26,3.9,Chennai,2026-06-03,19:03:00,Sunny,High,0,Buffet,motorcycle,2,No,1.22,406.16,UPI,Delivered,,39.3
ORD101909,CHERES07DEL01,28,5.0,Chennai,2026-06-03,19:05:00,Windy,High,3,Meal,motorcycle,1,No,4.73,325.73,UPI,Delivered,,42.4
ORD104858,MUMRES17DEL01,26,4.0,Mumbai,2026-06-03,19:10:00,Sunny,Medium,1,Snack,scooter,0,No,1.71,797.89,Cash,Delivered,,18.1
ORD102434,CHERES01DEL03,30,4.8,Chennai,2026-06-03,19:11:00,Sunny,Jam,2,Buffet,electric_scooter,1,No,1.14,490.1,UPI,Delivered,,38.4
ORD103631,BENRES33DEL07,24,4.8,Bengaluru,2026-06-03,19:12:00,Sunny,Low,2,Buffet,motorcycle,1,No,2.74,279.53,UPI,Delivered,,25.3
ORD101634,BENRES18DEL07,29,4.4,Bengaluru,2026-06-03,19:21:00,Stormy,High,2,Meal,motorcycle,1,No,9.69,541.74,UPI,Delivered,,56.0
ORD103508,PUNRES20DEL07,30,4.9,Pune,2026-06-03,19:38:00,Sunny,Medium,3,Snack,scooter,0,No,17.62,123.96,UPI,Delivered,,52.2
ORD100311,CHERES33DEL05,36,4.7,Chennai,2026-06-03,19:45:00,Fog,High,1,Meal,motorcycle,0,No,1.4,351.35,UPI,Delivered,,35.4
ORD102781,DELRES14DEL04,23,4.9,Delhi,2026-06-03,20:10:00,Cloudy,Low,1,Drinks,motorcycle,0,No,5.21,232.54,Cash,Delivered,,29.1
ORD100678,PUNRES14DEL05,23,4.8,Pune,2026-06-03,20:11:00,Sunny,Medium,0,Snack,motorcycle,0,No,2.06,150.0,UPI,Delivered,,27.1
ORD101662,MUMRES32DEL05,19,3.7,Mumbai,2026-06-03,20:13:00,Sunny,Low,2,Snack,bicycle,2,No,1.08,387.52,UPI,Delivered,,26.5
ORD102318,KOLRES21DEL07,27,4.3,Kolkata,2026-06-03,20:19:00,Sunny,Low,3,Drinks,scooter,3,No,8.6,249.31,UPI,Delivered,,47.7
ORD100914,KOLRES03DEL05,36,4.0,Kolkata,2026-06-03,20:48:00,Cloudy,Jam,2,Meal,motorcycle,0,No,5.59,276.06,Card,Delivered,,45.7
ORD103580,DELRES39DEL08,34,4.6,Delhi,2026-06-03,20:48:00,Stormy,Medium,1,Buffet,electric_scooter,0,No,2.09,338.53,UPI,Delivered,,39.5
ORD103885,KOLRES24DEL05,36,4.6,Kolkata,2026-06-03,21:16:00,Sunny,Low,0,Meal,motorcycle,0,No,10.95,421.62,UPI,Delivered,,36.4
ORD101431,PUNRES25DEL08,41,4.4,Pune,2026-06-03,21:25:00,Sunny,Medium,3,Meal,electric_scooter,0,No,9.84,254.07,Card,Delivered,,34.0
ORD101253,MUMRES41DEL07,33,4.2,Mumbai,2026-06-03,21:31:00,Sunny,Medium,2,Meal,scooter,0,No,7.86,399.96,Cash,Delivered,,40.3
ORD105450,CHERES18DEL04,32,4.2,Chennai,2026-06-03,21:31:00,Fog,Medium,0,Meal,scooter,0,No,6.29,315.21,Card,Delivered,,34.2
ORD103151,DELRES42DEL03,29,3.8,Delhi,2026-06-03,22:06:00,Sunny,Low,2,Meal,scooter,0,No,11.39,316.54,UPI,Delivered,,35.8
ORD105541,BENRES34DEL04,25,4.1,Bengaluru,2026-06-03,22:51:00,Fog,Medium,3,Meal,scooter,1,No,3.24,649.59,UPI,Delivered,,38.1
ORD105054,CHERES16DEL08,34,4.0,Chennai,2026-06-04,00:59:00,Sunny,Medium,0,Buffet,scooter,0,No,11.31,300.18,UPI,Delivered,,41.9
ORD105137,BENRES17DEL08,31,4.2,Bengaluru,2026-06-04,07:49:00,Sunny,High,1,Drinks,scooter,0,No,4.27,286.34,UPI,Delivered,,39.0
ORD103754,CHERES36DEL01,32,5.0,Chennai,2026-06-04,07:50:00,Sunny,Medium,2,Meal,scooter,0,No,3.21,172.42,UPI,Delivered,,29.0
ORD100795,KOLRES34DEL05,33,4.3,Kolkata,2026-06-04,09:27:00,Sunny,Medium,2,Buffet,motorcycle,2,No,2.38,153.93,Card,Delivered,,28.2
ORD100247,PUNRES09DEL05,26,4.9,Pune,2026-06-04,10:09:00,Cloudy,Medium,2,Drinks,motorcycle,1,No,2.94,346.38,Card,Delivered,,33.8
ORD100017,CHERES22DEL06,18,4.3,Chennai,2026-06-04,10:26:00,Windy,Low,2,Buffet,motorcycle,1,No,4.86,341.09,Card,Delivered,,35.3
ORD101153,BENRES38DEL05,31,4.0,Bengaluru,2026-06-04,11:23:00,Sunny,Low,2,Drinks,scooter,0,No,2.47,171.34,UPI,Delivered,,16.2
ORD105754,HYDRES30DEL05,36,4.1,Hyderabad,2026-06-04,11:44:00,Sunny,Low,2,Buffet,motorcycle,0,No,1.6,349.78,UPI,Delivered,,21.7
ORD103087,BENRES02DEL02,28,4.6,Bengaluru,2026-06-04,11:58:00,Sunny,Low,1,Drinks,motorcycle,0,No,3.99,348.0,UPI,Delivered,,25.0
ORD102079,KOLRES02DEL04,34,3.9,Kolkata,2026-06-04,12:00:00,Fog,High,2,Snack,motorcycle,2,No,2.52,114.52,Cash,Delivered,,41.0
ORD101249,HYDRES35DEL03,24,4.7,Hyderabad,2026-06-04,12:01:00,Cloudy,High,2,Buffet,scooter,3,No,5.77,506.72,Card,Cancelled,Traffic Delay,
ORD100550,BENRES34DEL05,20,4.9,Bengaluru,2026-06-04,12:32:00,Cloudy,High,3,Snack,motorcycle,1,No,4.26,322.47,UPI,Delivered,,36.6
ORD104549,HYDRES24DEL06,39,4.5,Hyderabad,2026-06-04,12:47:00,Sunny,Jam,2,Snack,electric_scooter,0,No,1.14,555.78,Cash,Delivered,,37.4
ORD104837,PUNRES19DEL06,20,4.2,Pune,2026-06-04,13:16:00,Sunny,Medium,3,Meal,scooter,0,No,2.06,327.87,UPI,Delivered,,26.2
ORD100329,MUMRES13DEL07,26,4.4,Mumbai,2026-06-04,13:22:00,Fog,Low,2,Buffet,motorcycle,0,No,5.51,393.06,UPI,Delivered,,32.3
ORD101410,MUMRES17DEL08,31,4.8,Mumbai,2026-06-04,14:13:00,Sunny,Low,1,Snack,scooter,0,No,5.13,354.25,UPI,Delivered,,24.9
ORD103184,MUMRES37DEL05,33,4.0,Mumbai,2026-06-04,14:44:00,Windy,Jam,1,Drinks,scooter,0,No,9.69,131.71,UPI,Delivered,,49.8
ORD100538,BENRES03DEL02,32,4.9,Bengaluru,2026-06-04,14:55:00,Sandstorms,Medium,1,Meal,scooter,1,No,16.84,217.12,UPI,Delivered,,69.9
ORD104353,BENRES24DEL06,31,4.2,Bengaluru,2026-06-04,15:32:00,Cloudy,Medium,3,Meal,motorcycle,0,No,1.87,563.69,Cash,Delivered,,24.3
ORD103726,CHERES26DEL08,23,4.1,Chennai,2026-06-04,15:59:00,Sunny,High,3,Snack,scooter,0,No,4.41,436.91,Wallet,Delivered,,33.9
ORD104614,HYDRES35DEL02,40,4.8,Hyderabad,2026-06-04,17:12:00,Sunny,Medium,0,Buffet,scooter,1,No,3.18,527.31,UPI,Delivered,,28.4
ORD103324,DELRES25DEL01,18,4.3,Delhi,2026-06-04,17:54:00,Sunny,Jam,3,Drinks,electric_scooter,0,No,2.9,187.89,Cash,Delivered,,46.3
ORD102306,HYDRES35DEL06,36,4.4,Hyderabad,2026-06-04,18:15:00,Cloudy,Medium,1,Drinks,scooter,1,No,4.12,341.56,Card,Cancelled,Customer Cancelled,
ORD103727,BENRES15DEL05,26,4.6,Bengaluru,2026-06-04,18:24:00,Cloudy,High,2,Buffet,motorcycle,0,No,7.25,234.13,UPI,Delivered,,35.3
ORD102040,BENRES32DEL04,38,4.2,Bengaluru,2026-06-04,18:33:00,Fog,Medium,3,Buffet,bicycle,1,No,1.43,238.93,UPI,Delivered,,37.7
ORD102193,DELRES19DEL07,18,4.0,Delhi,2026-06-04,18:40:00,Stormy,High,3,Meal,motorcycle,1,No,15.92,382.55,UPI,Delivered,,61.3
ORD105216,BENRES40DEL04,30,4.3,Bengaluru,2026-06-04,18:43:00,Stormy,Medium,3,Meal,motorcycle,0,No,2.52,290.88,UPI,Delivered,,33.7
ORD100650,KOLRES06DEL03,33,4.1,Kolkata,2026-06-04,19:30:00,Stormy,Jam,1,Snack,motorcycle,0,No,3.83,205.16,UPI,Delivered,,49.8
ORD102520,BENRES16DEL01,35,4.6,Bengaluru,2026-06-04,19:36:00,Cloudy,Medium,3,Snack,electric_scooter,0,No,7.78,102.99,UPI,Delivered,,28.2
ORD104640,CHERES27DEL03,35,4.0,Chennai,2026-06-04,19:47:00,Sunny,Medium,3,Buffet,electric_scooter,0,No,8.93,318.17,UPI,Delivered,,32.7
ORD101447,KOLRES16DEL07,26,4.0,Kolkata,2026-06-04,19:48:00,Windy,Jam,2,Snack,motorcycle,0,No,5.57,286.44,Cash,Delivered,,36.1
ORD105780,CHERES03DEL01,18,4.6,Chennai,2026-06-04,19:56:00,Windy,High,1,Drinks,scooter,1,No,16.24,286.21,Card,Delivered,,61.1
ORD104533,BENRES32DEL08,20,4.0,Bengaluru,2026-06-04,19:58:00,Cloudy,Jam,3,Snack,motorcycle,1,No,2.08,281.21,UPI,Cancelled,Restaurant Delay,
ORD100089,HYDRES14DEL07,30,4.3,Hyderabad,2026-06-04,20:10:00,Windy,Medium,3,Snack,motorcycle,0,No,3.58,310.99,UPI,Delivered,,32.9
ORD101464,CHERES34DEL05,30,4.4,Chennai,2026-06-04,20:29:00,Windy,Low,3,Drinks,motorcycle,0,No,1.38,797.1,UPI,Delivered,,24.1
ORD103406,MUMRES13DEL06,35,4.4,Mumbai,2026-06-04,20:34:00,Cloudy,Medium,0,Buffet,motorcycle,0,No,8.23,117.37,UPI,Delivered,,40.6
ORD105413,DELRES39DEL05,29,5.0,Delhi,2026-06-04,20:34:00,Windy,Medium,2,Drinks,motorcycle,1,No,2.84,191.47,Wallet,Delivered,,28.6
ORD101353,DELRES11DEL08,36,4.7,Delhi,2026-06-04,20:57:00,Sandstorms,Medium,1,Buffet,motorcycle,0,No,2.57,133.48,UPI,Delivered,,33.3
ORD101739,HYDRES32DEL05,33,4.8,Hyderabad,2026-06-04,22:28:00,Windy,High,0,Snack,motorcycle,1,No,4.65,138.95,UPI,Delivered,,44.0
ORD101205,MUMRES14DEL07,38,4.6,Mumbai,2026-06-04,22:44:00,Sunny,High,1,Buffet,motorcycle,1,No,6.48,299.02,UPI,Cancelled,Traffic Delay,
ORD103563,MUMRES40DEL03,23,4.2,Mumbai,2026-06-04,22:47:00,Sunny,Jam,1,Drinks,scooter,0,No,5.58,560.82,Card,Delivered,,42.5
ORD101212,MUMRES18DEL02,21,4.3,Mumbai,2026-06-04,23:35:00,Windy,High,2,Meal,bicycle,0,No,4.83,197.03,UPI,Delivered,,36.4
ORD102715,MUMRES19DEL02,29,4.6,Mumbai,2026-06-05,05:22:00,Sunny,Medium,2,Buffet,electric_scooter,0,No,7.43,214.98,UPI,Delivered,,35.0
ORD100057,CHERES21DEL02,28,4.4,Chennai,2026-06-05,08:23:00,Windy,High,0,Buffet,electric_scooter,3,No,5.76,296.64,UPI,Delivered,,52.5
ORD102007,DELRES40DEL03,21,4.0,Delhi,2026-06-05,08:28:00,Sunny,Low,3,Drinks,motorcycle,0,No,1.82,318.19,UPI,Delivered,,21.8
ORD105132,PUNRES32DEL08,25,4.5,Pune,2026-06-05,10:45:00,Fog,Medium,1,Drinks,electric_scooter,1,No,1.63,256.16,UPI,Delivered,,32.9
ORD102080,PUNRES32DEL07,32,3.9,Pune,2026-06-05,10:54:00,Sunny,High,0,Meal,motorcycle,1,No,7.19,615.25,UPI,Delivered,,46.3
ORD105338,BENRES27DEL02,26,4.3,Bengaluru,2026-06-05,11:08:00,Cloudy,Medium,2,Snack,scooter,1,No,3.35,229.92,UPI,Delivered,,29.2
ORD101390,CHERES19DEL02,29,4.6,Chennai,2026-06-05,11:14:00,Cloudy,Medium,0,Meal,electric_scooter,0,No,1.4,667.23,Cash,Delivered,,19.7
ORD101649,BENRES12DEL03,23,3.8,Bengaluru,2026-06-05,11:39:00,Stormy,Low,1,Meal,electric_scooter,2,No,10.48,447.55,UPI,Delivered,,52.6
ORD103765,BENRES01DEL05,23,4.1,Bengaluru,2026-06-05,11:39:00,Cloudy,High,3,Snack,motorcycle,0,No,0.95,327.14,Cash,Delivered,,33.4
ORD103403,PUNRES38DEL02,19,4.9,Pune,2026-06-05,12:00:00,Stormy,Low,3,Meal,electric_scooter,0,No,3.7,296.66,Card,Delivered,,33.8
ORD102254,KOLRES06DEL05,29,4.7,Kolkata,2026-06-05,12:21:00,Sunny,Low,3,Meal,motorcycle,0,No,11.56,461.71,UPI,Delivered,,31.7
ORD105007,DELRES43DEL02,40,3.7,Delhi,2026-06-05,12:40:00,Cloudy,Medium,2,Snack,scooter,1,No,8.84,339.75,Card,Delivered,,45.8
ORD100605,DELRES23DEL08,22,3.8,Delhi,2026-06-05,12:56:00,Cloudy,Jam,0,Drinks,motorcycle,1,No,13.66,328.58,UPI,Delivered,,62.0
ORD105326,PUNRES19DEL01,33,4.1,Pune,2026-06-05,12:59:00,Sunny,High,0,Buffet,scooter,0,No,6.78,256.44,Card,Delivered,,38.7
ORD104820,KOLRES33DEL08,33,4.8,Kolkata,2026-06-05,13:13:00,Fog,High,0,Snack,scooter,2,No,8.83,314.99,UPI,Delivered,,56.2
ORD102085,DELRES39DEL08,31,4.2,Delhi,2026-06-05,13:48:00,Cloudy,Jam,1,Meal,motorcycle,0,No,1.15,381.75,Wallet,Delivered,,44.0
ORD101087,HYDRES40DEL03,33,4.6,Hyderabad,2026-06-05,13:49:00,Windy,Medium,3,Buffet,motorcycle,1,No,1.63,276.48,UPI,Delivered,,33.6
ORD103853,BENRES04DEL03,31,4.7,Bengaluru,2026-06-05,13:52:00,Sunny,High,2,Drinks,motorcycle,0,No,2.28,330.82,UPI,Delivered,,35.6
ORD100340,CHERES15DEL06,18,4.3,Chennai,2026-06-05,13:56:00,Sunny,Medium,2,Snack,scooter,0,No,0.99,325.3,UPI,Delivered,,24.2
ORD102687,DELRES38DEL06,27,4.2,Delhi,2026-06-05,13:58:00,Sunny,Low,3,Meal,motorcycle,0,No,4.39,490.13,UPI,Delivered,,23.4
ORD103566,DELRES32DEL02,28,4.6,Delhi,2026-06-05,15:21:00,Windy,Medium,3,Snack,scooter,0,No,8.04,578.05,UPI,Delivered,,35.0
ORD105867,PUNRES37DEL08,18,4.5,Pune,2026-06-05,15:35:00,Sunny,Low,3,Snack,bicycle,0,No,3.17,421.2,Card,Delivered,,17.0
ORD102640,BENRES33DEL08,27,4.3,Bengaluru,2026-06-05,15:37:00,Sunny,High,3,Drinks,scooter,0,No,3.2,214.73,UPI,Delivered,,26.0
ORD103187,BENRES31DEL07,32,4.1,Bengaluru,2026-06-05,15:50:00,Sunny,Low,2,Drinks,scooter,0,No,8.64,334.89,Cash,Delivered,,34.9
ORD103716,PUNRES42DEL04,28,4.3,Pune,2026-06-05,16:03:00,Sunny,Jam,1,Snack,motorcycle,0,No,2.59,127.64,Cash,Cancelled,Weather Disruption,
ORD105946,BENRES31DEL02,32,4.0,Bengaluru,2026-06-05,17:21:00,Sunny,Low,3,Meal,scooter,0,No,1.85,503.88,Cash,Delivered,,25.7
ORD102808,HYDRES14DEL05,29,4.9,Hyderabad,2026-06-05,17:27:00,Cloudy,Jam,2,Snack,motorcycle,1,No,1.75,259.04,UPI,Delivered,,45.4
ORD101244,CHERES22DEL08,33,4.6,Chennai,2026-06-05,17:31:00,Windy,Medium,1,Meal,scooter,2,No,9.33,192.39,UPI,Delivered,,50.8
ORD104861,MUMRES40DEL02,18,4.0,Mumbai,2026-06-05,17:41:00,Cloudy,Medium,0,Drinks,scooter,1,No,1.27,310.37,UPI,Delivered,,29.4
ORD103938,BENRES27DEL03,29,4.6,Bengaluru,2026-06-05,18:19:00,Cloudy,Jam,3,Snack,scooter,1,No,9.87,256.5,UPI,Delivered,,54.0
ORD101220,MUMRES40DEL04,21,4.4,Mumbai,2026-06-05,18:21:00,Sunny,High,0,Drinks,motorcycle,1,No,2.67,182.12,UPI,Delivered,,39.9
ORD101221,PUNRES42DEL02,44,4.8,Pune,2026-06-05,18:23:00,Windy,Jam,1,Drinks,scooter,0,No,13.73,260.97,UPI,Delivered,,57.2
ORD102222,PUNRES17DEL05,35,4.3,Pune,2026-06-05,18:28:00,Sunny,Low,3,Drinks,motorcycle,0,No,2.51,181.2,Cash,Delivered,,23.4
ORD103460,KOLRES12DEL08,18,4.3,Kolkata,2026-06-05,18:30:00,Sunny,High,3,Buffet,motorcycle,0,No,6.36,369.2,Card,Delivered,,37.0
ORD105445,PUNRES13DEL06,24,3.9,Pune,2026-06-05,18:30:00,Windy,High,0,Meal,bicycle,0,No,2.83,305.21,UPI,Delivered,,31.1
ORD103542,BENRES01DEL05,21,4.4,Bengaluru,2026-06-05,18:43:00,Windy,Medium,1,Snack,scooter,0,No,7.47,230.66,UPI,Delivered,,36.1
ORD100916,PUNRES05DEL05,26,4.6,Pune,2026-06-05,18:58:00,Windy,Jam,0,Drinks,scooter,0,No,5.26,489.16,UPI,Delivered,,44.5
ORD102402,MUMRES38DEL03,39,4.1,Mumbai,2026-06-05,19:00:00,Windy,Medium,3,Buffet,electric_scooter,0,No,9.06,433.51,UPI,Delivered,,35.0
ORD103732,BENRES14DEL04,24,3.8,Bengaluru,2026-06-05,19:07:00,Sunny,High,3,Drinks,electric_scooter,2,No,3.91,309.48,Wallet,Delivered,,46.9
ORD100393,MUMRES01DEL07,18,3.8,Mumbai,2026-06-05,19:11:00,Cloudy,Medium,0,Snack,motorcycle,0,No,4.2,355.18,UPI,Delivered,,32.7
ORD105367,HYDRES11DEL03,29,4.5,Hyderabad,2026-06-05,19:18:00,Sunny,Low,0,Snack,scooter,0,No,2.65,354.55,UPI,Delivered,,24.0
ORD102438,HYDRES42DEL05,32,4.2,Hyderabad,2026-06-05,19:27:00,Fog,Medium,1,Snack,electric_scooter,2,No,4.01,331.04,Wallet,Delivered,,37.3
ORD104529,MUMRES29DEL05,30,4.0,Mumbai,2026-06-05,19:31:00,Sunny,Medium,0,Buffet,scooter,0,No,4.74,234.34,UPI,Delivered,,29.3
ORD104313,BENRES37DEL04,34,4.3,Bengaluru,2026-06-05,19:41:00,Sunny,Low,2,Snack,electric_scooter,1,No,5.35,80.0,UPI,Delivered,,34.9
ORD101789,BENRES37DEL07,23,3.8,Bengaluru,2026-06-05,19:44:00,Stormy,Jam,2,Drinks,scooter,1,No,7.17,136.02,UPI,Delivered,,62.4
ORD101102,BENRES18DEL02,24,4.1,Bengaluru,2026-06-05,20:01:00,Stormy,Medium,2,Snack,electric_scooter,0,No,1.7,149.33,Wallet,Delivered,,34.1
ORD105391,DELRES27DEL07,26,4.4,Delhi,2026-06-05,20:07:00,Stormy,Medium,2,Snack,scooter,0,No,1.74,239.84,UPI,Delivered,,39.5
ORD102051,BENRES16DEL06,25,4.6,Bengaluru,2026-06-05,20:20:00,Cloudy,Jam,3,Snack,motorcycle,0,No,1.32,201.35,UPI,Delivered,,36.9
ORD105589,HYDRES22DEL04,23,4.1,Hyderabad,2026-06-05,20:25:00,Cloudy,Medium,3,Snack,motorcycle,0,No,17.24,178.05,Cash,Delivered,,50.8
ORD102870,BENRES24DEL05,23,4.1,Bengaluru,2026-06-05,20:51:00,Fog,Jam,1,Meal,scooter,0,No,5.7,453.42,UPI,Delivered,,51.9
ORD100413,BENRES30DEL07,33,5.0,Bengaluru,2026-06-05,20:54:00,Fog,High,2,Meal,motorcycle,1,No,3.48,246.66,UPI,Delivered,,38.1
ORD100326,CHERES41DEL05,33,4.9,Chennai,2026-06-05,21:27:00,Sunny,Medium,2,Meal,electric_scooter,0,No,1.38,364.72,UPI,Delivered,,20.5
ORD103908,MUMRES37DEL03,26,4.4,Mumbai,2026-06-05,22:15:00,Windy,Medium,3,Drinks,electric_scooter,2,No,4.01,312.71,Card,Delivered,,39.3
ORD101458,MUMRES33DEL07,28,4.7,Mumbai,2026-06-05,22:22:00,Cloudy,Medium,2,Drinks,bicycle,0,No,1.02,309.46,UPI,Delivered,,25.1
ORD105150,DELRES21DEL07,25,4.3,Delhi,2026-06-05,22:24:00,Sunny,Low,0,Snack,bicycle,1,No,10.38,80.0,UPI,Delivered,,42.9
ORD102355,MUMRES29DEL08,36,4.4,Mumbai,2026-06-05,22:31:00,Windy,Low,1,Snack,scooter,0,No,6.03,388.37,UPI,Delivered,,28.1
ORD102219,PUNRES20DEL08,24,4.5,Pune,2026-06-05,23:26:00,Stormy,Medium,3,Snack,scooter,1,No,3.25,530.72,Cash,Delivered,,35.9
ORD101921,BENRES26DEL05,29,5.0,Bengaluru,2026-06-05,23:42:00,Sunny,High,2,Meal,motorcycle,1,No,3.41,170.36,UPI,Delivered,,39.3
ORD104403,BENRES09DEL02,27,4.3,Bengaluru,2026-06-05,23:57:00,Cloudy,Jam,0,Buffet,motorcycle,2,No,5.64,209.14,UPI,Delivered,,53.9
ORD103615,KOLRES15DEL02,23,4.4,Kolkata,2026-06-06,00:03:00,Sunny,Low,2,Snack,electric_scooter,0,No,4.43,362.57,UPI,Delivered,,22.0
ORD101564,DELRES34DEL06,28,3.6,Delhi,2026-06-06,00:41:00,Sunny,Low,3,Drinks,motorcycle,2,No,2.22,400.98,UPI,Delivered,,27.6
ORD100355,DELRES24DEL05,48,3.6,Delhi,2026-06-06,08:03:00,Sunny,Medium,2,Meal,motorcycle,3,No,3.37,263.11,UPI,Delivered,,43.6
ORD101775,MUMRES11DEL05,36,4.6,Mumbai,2026-06-06,08:34:00,Fog,High,0,Drinks,motorcycle,1,No,3.35,284.45,Card,Delivered,,42.4
ORD104139,BENRES17DEL01,31,4.1,Bengaluru,2026-06-06,09:58:00,Cloudy,Medium,1,Snack,motorcycle,1,No,16.79,331.37,Wallet,Delivered,,59.2
ORD102574,DELRES04DEL06,27,4.5,Delhi,2026-06-06,10:03:00,Sunny,Low,0,Snack,motorcycle,0,No,6.31,231.33,Wallet,Delivered,,27.2
ORD104162,MUMRES39DEL06,30,4.4,Mumbai,2026-06-06,10:21:00,Fog,High,0,Buffet,scooter,1,No,4.89,233.12,UPI,Delivered,,45.4
ORD101358,HYDRES08DEL07,39,4.2,Hyderabad,2026-06-06,11:11:00,Cloudy,Low,3,Snack,scooter,0,No,1.1,373.1,Card,Delivered,,17.1
ORD103455,DELRES16DEL08,37,4.5,Delhi,2026-06-06,11:17:00,Fog,Medium,1,Meal,bicycle,0,No,1.67,285.42,UPI,Delivered,,28.3
ORD105300,CHERES17DEL03,24,4.7,Chennai,2026-06-06,11:22:00,Sunny,Medium,0,Drinks,motorcycle,0,No,0.85,281.41,UPI,Delivered,,26.5
ORD102546,BENRES30DEL01,30,3.8,Bengaluru,2026-06-06,11:43:00,Cloudy,Medium,2,Meal,electric_scooter,1,No,0.85,327.44,Cash,Delivered,,25.6
ORD105621,CHERES14DEL02,24,4.4,Chennai,2026-06-06,12:00:00,Sunny,High,1,Drinks,electric_scooter,1,No,17.44,382.61,UPI,Delivered,,59.7
ORD105684,DELRES39DEL05,22,4.9,Delhi,2026-06-06,12:07:00,Windy,Low,3,Snack,motorcycle,1,No,10.84,247.46,UPI,Delivered,,41.4
ORD105052,DELRES39DEL03,28,4.2,Delhi,2026-06-06,12:10:00,Cloudy,Medium,0,Buffet,motorcycle,0,No,4.55,653.55,UPI,Delivered,,28.2
ORD103423,HYDRES01DEL02,22,4.3,Hyderabad,2026-06-06,12:18:00,Sunny,Medium,1,Drinks,motorcycle,0,No,2.11,363.66,UPI,Delivered,,30.2
ORD102885,MUMRES19DEL03,24,4.4,Mumbai,2026-06-06,12:20:00,Stormy,Jam,3,Meal,electric_scooter,0,No,2.76,198.38,Cash,Delivered,,41.6
ORD105712,CHERES11DEL04,27,4.8,Chennai,2026-06-06,12:26:00,Stormy,Medium,1,Snack,motorcycle,0,No,10.44,123.16,UPI,Delivered,,47.8
ORD104903,DELRES05DEL01,18,4.4,Delhi,2026-06-06,13:46:00,Windy,Medium,1,Snack,motorcycle,1,No,1.99,343.26,Wallet,Delivered,,28.3
ORD103037,DELRES34DEL01,38,4.6,Delhi,2026-06-06,14:29:00,Sunny,Medium,2,Snack,motorcycle,1,No,10.05,234.29,Card,Delivered,,41.5
ORD104554,MUMRES07DEL05,18,4.4,Mumbai,2026-06-06,14:33:00,Sunny,Medium,2,Drinks,motorcycle,3,No,4.11,141.66,Cash,Cancelled,Restaurant Delay,
ORD100881,DELRES29DEL07,28,4.3,Delhi,2026-06-06,15:06:00,Sandstorms,High,2,Buffet,electric_scooter,1,No,1.15,155.19,UPI,Delivered,,50.3
ORD100240,PUNRES23DEL07,24,4.5,Pune,2026-06-06,15:08:00,Cloudy,Jam,0,Drinks,motorcycle,1,No,12.32,305.04,UPI,Delivered,,54.2
ORD102473,MUMRES06DEL08,32,4.5,Mumbai,2026-06-06,15:11:00,Sunny,Low,0,Buffet,motorcycle,1,No,0.86,226.94,Cash,Delivered,,22.7
ORD101050,KOLRES03DEL04,38,4.9,Kolkata,2026-06-06,16:04:00,Sunny,High,3,Drinks,electric_scooter,1,No,5.66,219.65,UPI,Delivered,,39.1
ORD103336,MUMRES38DEL05,30,4.4,Mumbai,2026-06-06,16:39:00,Sunny,High,1,Meal,motorcycle,0,No,1.61,455.29,Cash,Cancelled,Restaurant Delay,
ORD101886,DELRES30DEL04,31,4.6,Delhi,2026-06-06,16:42:00,Fog,High,0,Meal,electric_scooter,0,No,3.53,594.44,Cash,Delivered,,41.1
ORD102302,BENRES25DEL07,37,5.0,Bengaluru,2026-06-06,18:03:00,Windy,High,3,Drinks,electric_scooter,1,No,4.9,550.42,UPI,Cancelled,Restaurant Delay,
ORD104966,BENRES22DEL03,24,4.6,Bengaluru,2026-06-06,18:19:00,Cloudy,Medium,3,Snack,scooter,0,No,7.88,122.39,UPI,Delivered,,41.2
ORD104316,DELRES35DEL02,31,4.0,Delhi,2026-06-06,18:23:00,Cloudy,Low,3,Buffet,bicycle,0,No,2.33,211.03,UPI,Delivered,,26.1
ORD100905,KOLRES11DEL01,37,4.9,Kolkata,2026-06-06,18:24:00,Fog,Low,1,Drinks,motorcycle,0,No,11.6,293.34,Cash,Delivered,,40.9
ORD103956,KOLRES40DEL06,28,5.0,Kolkata,2026-06-06,18:32:00,Sunny,Low,2,Snack,motorcycle,1,No,1.25,337.83,UPI,Delivered,,24.7
ORD103715,PUNRES05DEL02,23,4.5,Pune,2026-06-06,19:05:00,Cloudy,Low,0,Meal,motorcycle,1,No,1.35,547.57,UPI,Delivered,,27.6
ORD102486,MUMRES40DEL06,33,4.5,Mumbai,2026-06-06,19:16:00,Fog,High,1,Meal,scooter,0,No,3.94,232.09,Wallet,Delivered,,34.0
ORD102590,BENRES38DEL07,35,4.6,Bengaluru,2026-06-06,19:16:00,Cloudy,Jam,0,Snack,motorcycle,0,No,4.94,371.47,UPI,Delivered,,44.4
ORD101676,MUMRES31DEL08,29,4.3,Mumbai,2026-06-06,19:26:00,Sunny,Medium,1,Snack,motorcycle,0,No,1.37,357.86,Cash,Delivered,,30.1
ORD100968,DELRES15DEL01,18,4.2,Delhi,2026-06-06,19:38:00,Stormy,High,1,Snack,motorcycle,0,No,4.54,515.65,UPI,Cancelled,Weather Disruption,
ORD103789,HYDRES21DEL08,30,4.7,Hyderabad,2026-06-06,20:04:00,Stormy,High,0,Buffet,scooter,2,No,0.83,243.28,UPI,Delivered,,46.4
ORD103989,HYDRES21DEL05,29,4.6,Hyderabad,2026-06-06,20:40:00,Cloudy,Low,1,Buffet,motorcycle,0,No,8.91,729.97,Card,Delivered,,37.7
ORD105354,KOLRES12DEL02,27,4.1,Kolkata,2026-06-06,20:56:00,Sunny,Low,3,Snack,motorcycle,2,No,8.74,460.97,UPI,Delivered,,35.3
ORD103930,BENRES36DEL01,33,3.8,Bengaluru,2026-06-06,20:59:00,Cloudy,Jam,1,Meal,motorcycle,0,No,2.1,145.47,Card,Delivered,,40.4
ORD102722,PUNRES09DEL03,32,4.6,Pune,2026-06-06,21:01:00,Cloudy,Medium,2,Buffet,scooter,0,No,13.12,434.77,UPI,Delivered,,45.7
ORD105238,PUNRES06DEL02,30,4.5,Pune,2026-06-06,22:57:00,Cloudy,Low,0,Drinks,scooter,1,No,4.68,476.19,UPI,Delivered,,33.5
ORD105164,MUMRES22DEL02,33,4.6,Mumbai,2026-06-06,23:20:00,Cloudy,Medium,3,Meal,scooter,0,No,3.28,531.72,Wallet,Delivered,,32.3
ORD105443,KOLRES10DEL05,35,4.1,Kolkata,2026-06-07,03:54:00,Cloudy,High,0,Buffet,electric_scooter,1,No,2.89,214.93,UPI,Delivered,,30.9
ORD101960,BENRES19DEL01,38,4.0,Bengaluru,2026-06-07,08:27:00,Sunny,Low,2,Meal,electric_scooter,0,No,11.83,223.65,Cash,Delivered,,36.8
ORD100703,KOLRES20DEL08,32,4.1,Kolkata,2026-06-07,09:11:00,Sunny,Low,2,Meal,scooter,0,No,1.32,216.95,UPI,Delivered,,22.0
ORD102290,PUNRES42DEL07,18,4.8,Pune,2026-06-07,09:15:00,Sunny,Medium,3,Snack,bicycle,1,No,1.03,197.87,Card,Delivered,,30.8
ORD104144,DELRES38DEL02,30,4.7,Delhi,2026-06-07,09:23:00,Stormy,Jam,3,Buffet,scooter,0,No,8.29,344.67,UPI,Delivered,,63.2
ORD104591,BENRES41DEL08,20,4.7,Bengaluru,2026-06-07,09:33:00,Sunny,Jam,2,Buffet,motorcycle,0,No,10.62,133.72,Cash,Delivered,,43.5
ORD105974,DELRES43DEL04,29,4.0,Delhi,2026-06-07,09:47:00,Sunny,Low,2,Snack,motorcycle,1,No,1.0,315.08,Cash,Delivered,,24.7
ORD100209,MUMRES23DEL02,28,4.5,Mumbai,2026-06-07,10:00:00,Windy,Low,0,Snack,bicycle,0,No,4.74,395.94,Card,Cancelled,Customer Cancelled,
ORD103180,HYDRES43DEL01,28,4.8,Hyderabad,2026-06-07,10:07:00,Cloudy,Medium,1,Snack,bicycle,1,No,3.01,196.93,Card,Delivered,,32.0
ORD101681,DELRES39DEL08,19,3.9,Delhi,2026-06-07,10:27:00,Windy,Medium,0,Meal,motorcycle,0,No,2.25,270.24,UPI,Delivered,,27.7
ORD105190,PUNRES27DEL07,24,4.3,Pune,2026-06-07,10:51:00,Sunny,High,2,Snack,motorcycle,0,No,5.53,302.55,UPI,Delivered,,36.3
ORD103430,BENRES38DEL08,27,4.6,Bengaluru,2026-06-07,10:59:00,Sunny,Medium,2,Meal,scooter,1,No,1.9,186.0,UPI,Delivered,,30.0
ORD104210,BENRES33DEL03,24,4.5,Bengaluru,2026-06-07,11:15:00,Windy,Medium,1,Snack,scooter,0,No,1.18,192.57,Cash,Delivered,,23.6
ORD105947,PUNRES02DEL05,39,4.0,Pune,2026-06-07,11:29:00,Sunny,Low,2,Snack,scooter,1,No,1.71,241.76,Cash,Cancelled,Customer Cancelled,
ORD101691,HYDRES30DEL08,22,4.1,Hyderabad,2026-06-07,12:07:00,Stormy,Low,2,Snack,electric_scooter,1,No,2.22,80.0,UPI,Delivered,,33.0
ORD101461,BENRES29DEL04,40,4.7,Bengaluru,2026-06-07,12:20:00,Fog,Medium,0,Meal,scooter,0,No,0.98,80.0,UPI,Delivered,,23.7
ORD102077,BENRES32DEL01,31,4.4,Bengaluru,2026-06-07,12:43:00,Sunny,Low,2,Buffet,scooter,1,No,7.27,200.75,Card,Delivered,,35.6
ORD102417,PUNRES41DEL01,31,4.1,Pune,2026-06-07,12:45:00,Windy,Jam,0,Drinks,motorcycle,0,No,11.34,232.5,UPI,Delivered,,51.4
ORD100915,BENRES12DEL01,32,4.4,Bengaluru,2026-06-07,12:52:00,Windy,High,2,Snack,motorcycle,0,No,20.59,204.92,UPI,Delivered,,59.4
ORD101509,DELRES41DEL07,28,4.0,Delhi,2026-06-07,13:29:00,Sunny,Medium,0,Buffet,motorcycle,1,No,8.93,235.27,Cash,Delivered,,48.5
ORD103092,PUNRES30DEL06,31,4.6,Pune,2026-06-07,13:41:00,Cloudy,Low,0,Snack,scooter,3,No,1.76,602.84,UPI,Delivered,,33.3
ORD104836,BENRES03DEL08,37,4.6,Bengaluru,2026-06-07,13:55:00,Sunny,High,0,Drinks,motorcycle,0,No,13.0,302.79,UPI,Delivered,,43.2
ORD103170,KOLRES34DEL01,27,3.9,Kolkata,2026-06-07,14:25:00,Cloudy,Low,2,Snack,motorcycle,0,No,2.16,415.75,UPI,Delivered,,24.3
ORD105034,MUMRES27DEL03,24,4.2,Mumbai,2026-06-07,15:29:00,Sunny,Jam,0,Snack,motorcycle,1,No,4.04,80.0,Card,Delivered,,47.6
ORD103707,HYDRES33DEL03,31,4.1,Hyderabad,2026-06-07,15:38:00,Windy,Medium,1,Snack,motorcycle,1,No,6.02,160.83,Cash,Cancelled,Traffic Delay,
ORD102311,CHERES24DEL02,22,4.8,Chennai,2026-06-07,17:05:00,Sunny,Medium,2,Drinks,motorcycle,0,No,3.72,213.78,UPI,Cancelled,Weather Disruption,
ORD102240,CHERES21DEL07,31,4.2,Chennai,2026-06-07,18:04:00,Sunny,High,3,Snack,electric_scooter,0,No,2.76,279.21,Cash,Cancelled,Weather Disruption,
ORD104467,CHERES34DEL03,45,4.2,Chennai,2026-06-07,18:06:00,Windy,High,1,Drinks,motorcycle,0,No,6.57,232.93,Card,Delivered,,40.0
ORD102750,BENRES19DEL05,28,4.3,Bengaluru,2026-06-07,18:44:00,Fog,Jam,0,Meal,scooter,0,No,2.53,144.37,Cash,Delivered,,45.3
ORD101141,BENRES39DEL07,34,4.1,Bengaluru,2026-06-07,18:59:00,Sunny,High,0,Drinks,motorcycle,2,No,8.83,80.0,UPI,Delivered,,51.6
ORD100984,PUNRES21DEL02,22,4.1,Pune,2026-06-07,19:12:00,Sunny,Low,3,Snack,motorcycle,1,No,4.29,429.22,UPI,Delivered,,28.5
ORD105600,MUMRES29DEL03,30,4.7,Mumbai,2026-06-07,19:39:00,Sunny,Jam,3,Snack,scooter,1,No,1.17,285.35,Cash,Cancelled,Traffic Delay,
ORD103647,KOLRES37DEL07,30,4.5,Kolkata,2026-06-07,19:48:00,Cloudy,Medium,2,Snack,motorcycle,1,No,1.29,176.34,UPI,Delivered,,31.0
ORD101396,DELRES30DEL07,18,4.5,Delhi,2026-06-07,19:57:00,Cloudy,Medium,2,Meal,scooter,1,No,6.01,359.0,Wallet,Delivered,,35.7
ORD103706,PUNRES38DEL02,24,4.2,Pune,2026-06-07,20:12:00,Stormy,High,3,Meal,electric_scooter,0,No,1.48,194.09,UPI,Delivered,,45.5
ORD105225,BENRES16DEL03,21,4.1,Bengaluru,2026-06-07,20:17:00,Sunny,High,0,Snack,motorcycle,0,No,9.79,280.97,Wallet,Delivered,,44.1
ORD102253,CHERES40DEL02,18,4.3,Chennai,2026-06-07,20:23:00,Stormy,High,0,Buffet,motorcycle,0,No,1.8,156.05,Cash,Delivered,,43.0
ORD102415,MUMRES22DEL03,32,4.8,Mumbai,2026-06-07,20:26:00,Stormy,Jam,3,Meal,scooter,1,No,2.64,301.27,Cash,Delivered,,56.0
ORD103697,DELRES16DEL03,30,3.9,Delhi,2026-06-07,20:30:00,Cloudy,Medium,3,Buffet,motorcycle,1,No,1.77,123.12,UPI,Delivered,,23.8
ORD102211,DELRES11DEL08,31,4.5,Delhi,2026-06-07,20:31:00,Cloudy,Medium,1,Snack,electric_scooter,0,No,2.66,385.31,Wallet,Delivered,,24.4
ORD102512,MUMRES16DEL06,37,4.2,Mumbai,2026-06-07,20:44:00,Cloudy,Medium,2,Meal,scooter,0,No,17.2,118.62,Card,Delivered,,57.4
ORD105392,DELRES07DEL07,38,4.4,Delhi,2026-06-07,20:58:00,Windy,Medium,0,Meal,motorcycle,0,No,1.36,305.84,UPI,Delivered,,25.6
ORD101139,HYDRES35DEL04,22,4.1,Hyderabad,2026-06-07,21:20:00,Sunny,High,2,Buffet,scooter,1,No,2.56,353.61,UPI,Delivered,,34.4
ORD103538,KOLRES20DEL07,23,4.3,Kolkata,2026-06-07,21:23:00,Sunny,High,0,Drinks,scooter,2,No,2.29,474.17,Cash,Delivered,,35.8
ORD102906,MUMRES08DEL08,30,4.2,Mumbai,2026-06-07,21:54:00,Cloudy,Medium,1,Meal,motorcycle,0,No,2.69,519.81,UPI,Delivered,,27.7
ORD100976,DELRES31DEL06,32,4.5,Delhi,2026-06-07,22:56:00,Stormy,Low,3,Snack,electric_scooter,0,No,1.53,574.31,UPI,Delivered,,34.3
ORD105908,KOLRES39DEL08,27,4.4,Kolkata,2026-06-07,23:26:00,Sunny,High,3,Buffet,scooter,0,No,9.9,116.54,UPI,Delivered,,44.1
ORD105204,BENRES05DEL03,35,4.1,Bengaluru,2026-06-07,23:55:00,Sandstorms,Medium,2,Drinks,scooter,0,No,11.9,242.92,Wallet,Delivered,,50.0
ORD101729,CHERES35DEL05,29,4.2,Chennai,2026-06-08,00:52:00,Sunny,Low,3,Meal,motorcycle,1,No,1.84,505.34,UPI,Delivered,,30.3
ORD104227,DELRES19DEL05,26,4.1,Delhi,2026-06-08,01:27:00,Cloudy,Medium,3,Snack,motorcycle,1,No,5.3,195.12,UPI,Delivered,,42.5
ORD104441,MUMRES26DEL03,24,4.7,Mumbai,2026-06-08,08:26:00,Cloudy,Medium,1,Meal,scooter,0,No,4.23,107.08,Wallet,Delivered,,28.8
ORD103181,DELRES28DEL08,28,4.2,Delhi,2026-06-08,08:42:00,Windy,High,2,Drinks,motorcycle,1,No,1.18,209.31,UPI,Delivered,,35.6
ORD103051,BENRES20DEL04,28,4.7,Bengaluru,2026-06-08,08:47:00,Cloudy,Medium,1,Drinks,scooter,1,No,8.74,144.57,Wallet,Delivered,,46.4
ORD105891,HYDRES29DEL02,24,4.8,Hyderabad,2026-06-08,08:51:00,Cloudy,Medium,2,Drinks,scooter,1,No,4.37,80.0,Card,Delivered,,28.8
ORD100290,PUNRES01DEL03,23,4.4,Pune,2026-06-08,09:27:00,Stormy,Low,1,Drinks,motorcycle,0,No,6.39,152.76,UPI,Delivered,,34.0
ORD104349,DELRES07DEL08,28,4.2,Delhi,2026-06-08,10:04:00,Fog,Jam,3,Snack,electric_scooter,0,No,4.77,367.73,Card,Cancelled,Traffic Delay,
ORD103803,MUMRES20DEL02,22,4.2,Mumbai,2026-06-08,10:43:00,Fog,High,3,Drinks,electric_scooter,2,No,2.54,320.71,UPI,Delivered,,42.6
ORD102858,BENRES08DEL07,34,4.2,Bengaluru,2026-06-08,11:00:00,Sunny,Medium,2,Snack,motorcycle,0,No,7.72,156.02,UPI,Delivered,,35.7
ORD104236,CHERES38DEL08,23,4.2,Chennai,2026-06-08,11:25:00,Windy,Medium,2,Buffet,motorcycle,0,No,0.87,310.7,UPI,Delivered,,20.4
ORD100768,MUMRES14DEL03,33,4.2,Mumbai,2026-06-08,11:31:00,Cloudy,High,0,Drinks,motorcycle,0,No,4.95,81.02,UPI,Delivered,,33.6
ORD104973,HYDRES21DEL04,35,4.1,Hyderabad,2026-06-08,11:48:00,Sunny,High,0,Snack,motorcycle,1,No,25.0,638.23,UPI,Delivered,,73.2
ORD101282,HYDRES02DEL05,31,3.9,Hyderabad,2026-06-08,11:54:00,Sunny,Low,0,Buffet,motorcycle,1,No,1.61,281.39,UPI,Delivered,,30.0
ORD102310,HYDRES04DEL02,26,3.9,Hyderabad,2026-06-08,12:11:00,Fog,High,2,Meal,scooter,0,No,2.38,148.82,UPI,Delivered,,38.6
ORD104881,DELRES20DEL07,46,4.4,Delhi,2026-06-08,12:12:00,Sunny,Jam,3,Meal,motorcycle,0,No,6.68,160.31,UPI,Delivered,,47.3
ORD105158,MUMRES05DEL04,21,4.3,Mumbai,2026-06-08,12:20:00,Cloudy,High,3,Buffet,motorcycle,0,No,13.22,80.63,Card,Delivered,,47.0
ORD104556,BENRES28DEL01,24,4.2,Bengaluru,2026-06-08,13:26:00,Stormy,Medium,2,Drinks,motorcycle,1,No,8.98,155.11,UPI,Delivered,,50.7
ORD105868,KOLRES42DEL07,32,4.0,Kolkata,2026-06-08,13:51:00,Sunny,Medium,3,Buffet,scooter,0,No,8.23,286.08,UPI,Delivered,,41.7
ORD105071,MUMRES32DEL05,35,4.3,Mumbai,2026-06-08,14:47:00,Sunny,Medium,0,Drinks,electric_scooter,0,No,3.86,301.14,UPI,Delivered,,27.5
ORD102840,MUMRES29DEL06,25,4.7,Mumbai,2026-06-08,17:07:00,Cloudy,Medium,0,Drinks,motorcycle,0,No,1.65,402.33,UPI,Delivered,,24.0
ORD102836,HYDRES06DEL04,29,4.2,Hyderabad,2026-06-08,17:10:00,Fog,Low,2,Meal,scooter,1,No,7.47,310.58,UPI,Delivered,,37.6
ORD105123,BENRES03DEL03,31,4.8,Bengaluru,2026-06-08,17:15:00,Fog,Low,3,Buffet,electric_scooter,0,No,1.82,262.72,Cash,Delivered,,27.5
ORD100127,CHERES12DEL03,24,4.1,Chennai,2026-06-08,17:17:00,Sunny,Jam,0,Buffet,scooter,1,No,1.45,409.17,Cash,Delivered,,41.6
ORD105674,CHERES01DEL07,31,4.4,Chennai,2026-06-08,18:06:00,Sunny,High,1,Snack,scooter,1,No,3.95,80.0,UPI,Delivered,,42.4
ORD100630,DELRES03DEL05,22,3.9,Delhi,2026-06-08,18:08:00,Sandstorms,Low,2,Snack,motorcycle,0,No,1.48,332.84,UPI,Delivered,,26.1
ORD104319,DELRES26DEL06,24,4.2,Delhi,2026-06-08,18:46:00,Stormy,Low,1,Buffet,electric_scooter,1,No,1.46,166.78,UPI,Delivered,,30.1
ORD105147,KOLRES16DEL04,23,4.9,Kolkata,2026-06-08,18:51:00,Stormy,Low,0,Drinks,motorcycle,0,No,2.23,210.55,UPI,Delivered,,31.6
ORD103810,PUNRES22DEL02,33,4.0,Pune,2026-06-08,19:13:00,Sunny,Medium,3,Snack,scooter,0,No,1.4,413.11,Card,Delivered,,25.0
ORD100929,BENRES17DEL07,33,4.1,Bengaluru,2026-06-08,19:25:00,Sunny,High,0,Snack,scooter,2,No,7.66,179.53,UPI,Delivered,,42.6
ORD100606,HYDRES20DEL05,24,4.8,Hyderabad,2026-06-08,19:35:00,Sunny,Medium,2,Buffet,motorcycle,1,No,3.58,513.72,UPI,Delivered,,35.4
ORD103786,MUMRES39DEL06,31,4.1,Mumbai,2026-06-08,19:44:00,Cloudy,High,2,Drinks,motorcycle,0,No,7.87,184.67,UPI,Delivered,,40.9
ORD103855,PUNRES15DEL02,33,4.6,Pune,2026-06-08,19:47:00,Stormy,High,3,Buffet,bicycle,2,No,3.96,412.29,UPI,Delivered,,48.3
ORD101580,DELRES15DEL03,33,4.9,Delhi,2026-06-08,19:57:00,Sunny,Medium,3,Drinks,scooter,3,No,4.19,370.89,Card,Delivered,,39.9
ORD103025,KOLRES29DEL01,32,4.1,Kolkata,2026-06-08,20:16:00,Cloudy,High,1,Buffet,scooter,1,No,3.34,248.66,Card,Delivered,,32.1
ORD103984,DELRES12DEL01,23,4.5,Delhi,2026-06-08,20:24:00,Sunny,High,3,Snack,electric_scooter,2,No,3.41,396.68,UPI,Delivered,,42.2
ORD105524,BENRES43DEL02,19,4.2,Bengaluru,2026-06-08,20:34:00,Sunny,Low,1,Snack,motorcycle,0,No,1.87,179.54,Card,Delivered,,18.1
ORD104085,HYDRES22DEL02,35,4.7,Hyderabad,2026-06-08,20:37:00,Cloudy,Medium,0,Drinks,motorcycle,0,No,6.25,233.74,UPI,Delivered,,28.4
ORD100350,DELRES31DEL08,27,4.9,Delhi,2026-06-08,20:58:00,Sunny,Medium,0,Drinks,motorcycle,1,No,2.86,317.77,UPI,Delivered,,35.0
ORD103420,MUMRES42DEL08,29,4.4,Mumbai,2026-06-08,21:05:00,Sunny,Medium,2,Meal,scooter,0,No,13.36,105.23,UPI,Delivered,,40.8
ORD103039,KOLRES05DEL02,26,4.2,Kolkata,2026-06-08,21:08:00,Sunny,Medium,2,Buffet,scooter,0,No,1.66,275.04,Card,Delivered,,20.2
ORD100892,BENRES09DEL04,21,4.9,Bengaluru,2026-06-08,21:40:00,Sunny,Jam,0,Meal,scooter,1,No,2.89,669.82,UPI,Cancelled,Traffic Delay,
ORD102544,MUMRES07DEL04,32,4.6,Mumbai,2026-06-08,21:44:00,Windy,Jam,1,Snack,scooter,1,No,3.47,220.96,Wallet,Delivered,,44.3
ORD100171,BENRES23DEL06,28,4.5,Bengaluru,2026-06-08,21:47:00,Sunny,Medium,1,Meal,scooter,1,No,1.94,189.75,Wallet,Cancelled,Customer Cancelled,
ORD104064,DELRES18DEL07,28,4.7,Delhi,2026-06-08,21:59:00,Sunny,Medium,1,Meal,motorcycle,0,No,2.29,410.58,UPI,Delivered,,22.9
ORD105115,CHERES29DEL01,30,4.5,Chennai,2026-06-09,02:45:00,Cloudy,Medium,2,Buffet,motorcycle,1,No,4.15,568.17,Card,Delivered,,36.7
ORD105759,DELRES38DEL02,28,4.5,Delhi,2026-06-09,06:15:00,Sunny,Low,3,Buffet,motorcycle,0,No,11.63,304.97,Card,Delivered,,41.6
ORD105815,MUMRES43DEL04,18,4.4,Mumbai,2026-06-09,06:35:00,Sunny,Medium,1,Buffet,electric_scooter,1,No,11.43,510.86,UPI,Delivered,,40.4
ORD104597,DELRES17DEL06,33,5.0,Delhi,2026-06-09,06:45:00,Fog,Medium,2,Drinks,motorcycle,0,No,1.73,98.07,Card,Delivered,,35.1
ORD101871,DELRES12DEL03,32,4.4,Delhi,2026-06-09,07:18:00,Sunny,Low,0,Snack,motorcycle,3,No,0.88,124.63,Wallet,Delivered,,36.5
ORD105576,CHERES34DEL01,31,3.9,Chennai,2026-06-09,08:07:00,Fog,High,1,Drinks,motorcycle,1,No,1.13,670.98,UPI,Delivered,,39.4
ORD102588,KOLRES43DEL02,23,4.7,Kolkata,2026-06-09,08:28:00,Sunny,Medium,1,Drinks,electric_scooter,0,No,3.82,181.25,Cash,Delivered,,27.8
ORD105811,BENRES41DEL01,35,4.5,Bengaluru,2026-06-09,08:42:00,Sunny,High,0,Meal,motorcycle,0,No,11.28,279.15,UPI,Cancelled,Traffic Delay,
ORD102407,BENRES02DEL06,28,4.4,Bengaluru,2026-06-09,10:34:00,Cloudy,Medium,3,Buffet,motorcycle,0,No,21.31,199.97,UPI,Delivered,,55.3
ORD104500,DELRES41DEL06,23,4.1,Delhi,2026-06-09,11:31:00,Sunny,Low,0,Drinks,scooter,0,No,5.16,433.68,Card,Delivered,,28.9
ORD103795,BENRES34DEL03,29,4.5,Bengaluru,2026-06-09,11:53:00,Stormy,Low,1,Snack,scooter,0,No,1.86,208.07,UPI,Delivered,,32.5
ORD102577,HYDRES16DEL07,19,4.2,Hyderabad,2026-06-09,12:01:00,Sunny,High,1,Buffet,scooter,0,No,10.08,306.01,Wallet,Delivered,,42.2
ORD100507,DELRES25DEL05,30,5.0,Delhi,2026-06-09,12:13:00,Sunny,Low,0,Drinks,scooter,0,No,0.87,456.19,UPI,Delivered,,22.2
ORD101514,MUMRES20DEL03,29,4.7,Mumbai,2026-06-09,12:13:00,Fog,Medium,1,Snack,motorcycle,1,No,1.59,287.27,Cash,Delivered,,37.6
ORD103432,CHERES23DEL03,36,4.4,Chennai,2026-06-09,12:19:00,Sunny,Medium,1,Snack,motorcycle,0,No,5.58,384.39,Cash,Delivered,,32.2
ORD102829,MUMRES17DEL01,27,4.3,Mumbai,2026-06-09,12:33:00,Sunny,Medium,2,Meal,electric_scooter,3,No,1.89,171.44,Card,Cancelled,Restaurant Delay,
ORD103364,BENRES10DEL03,24,4.9,Bengaluru,2026-06-09,12:49:00,Sunny,Low,1,Meal,electric_scooter,0,No,8.06,164.44,Card,Delivered,,33.2
ORD103157,KOLRES01DEL02,20,4.4,Kolkata,2026-06-09,12:54:00,Fog,Medium,2,Drinks,motorcycle,2,No,8.06,121.52,UPI,Delivered,,51.8
ORD101631,MUMRES37DEL05,18,4.1,Mumbai,2026-06-09,12:59:00,Sunny,Low,0,Meal,electric_scooter,0,No,5.68,696.95,Cash,Delivered,,33.4
ORD104959,BENRES34DEL07,22,4.5,Bengaluru,2026-06-09,13:04:00,Sunny,High,1,Drinks,motorcycle,1,No,5.47,332.66,UPI,Delivered,,47.3
ORD105983,MUMRES05DEL02,32,4.5,Mumbai,2026-06-09,13:11:00,Sunny,Low,0,Buffet,scooter,0,No,10.72,290.06,Wallet,Delivered,,39.1
ORD105421,BENRES32DEL02,31,4.1,Bengaluru,2026-06-09,15:48:00,Stormy,Low,0,Snack,electric_scooter,0,No,1.41,223.57,Wallet,Delivered,,28.3
ORD102796,BENRES12DEL01,24,4.6,Bengaluru,2026-06-09,16:28:00,Sunny,Medium,1,Snack,electric_scooter,1,No,8.87,608.56,UPI,Cancelled,Customer Cancelled,
ORD100954,KOLRES41DEL08,18,4.5,Kolkata,2026-06-09,17:58:00,Sunny,Low,1,Buffet,motorcycle,1,No,1.98,623.37,Card,Delivered,,21.9
ORD102805,MUMRES30DEL03,18,4.8,Mumbai,2026-06-09,18:45:00,Stormy,High,3,Snack,motorcycle,0,No,1.72,229.87,UPI,Delivered,,38.3
ORD102698,HYDRES13DEL03,33,4.4,Hyderabad,2026-06-09,18:54:00,Stormy,Low,0,Buffet,scooter,0,No,2.99,204.55,UPI,Delivered,,40.5
ORD102286,DELRES18DEL07,18,4.8,Delhi,2026-06-09,19:02:00,Windy,Jam,1,Drinks,motorcycle,0,No,1.27,210.56,UPI,Delivered,,41.1
ORD100683,HYDRES28DEL07,32,4.4,Hyderabad,2026-06-09,19:05:00,Cloudy,High,0,Buffet,motorcycle,0,No,1.33,172.59,UPI,Delivered,,33.2
ORD100030,PUNRES32DEL07,25,5.0,Pune,2026-06-09,19:08:00,Sunny,Low,2,Meal,motorcycle,1,No,2.74,251.21,UPI,Cancelled,Customer Cancelled,
ORD103097,MUMRES28DEL06,25,4.2,Mumbai,2026-06-09,19:15:00,Fog,Jam,2,Drinks,motorcycle,0,No,4.44,125.62,UPI,Delivered,,43.6
ORD100576,CHERES16DEL07,32,5.0,Chennai,2026-06-09,19:25:00,Sunny,Low,1,Snack,electric_scooter,0,No,1.72,405.12,Card,Delivered,,19.1
ORD102205,PUNRES38DEL03,18,5.0,Pune,2026-06-09,19:52:00,Windy,High,1,Drinks,electric_scooter,0,No,3.44,314.34,UPI,Delivered,,38.1
ORD100482,KOLRES12DEL07,33,3.9,Kolkata,2026-06-09,19:53:00,Fog,Jam,3,Drinks,motorcycle,0,No,9.86,543.85,Cash,Delivered,,53.2
ORD104600,DELRES11DEL01,24,4.2,Delhi,2026-06-09,19:55:00,Cloudy,Medium,0,Buffet,electric_scooter,0,No,2.01,359.26,Card,Delivered,,23.0
ORD101446,BENRES16DEL08,22,4.9,Bengaluru,2026-06-09,20:00:00,Sunny,Jam,2,Snack,motorcycle,0,No,3.4,350.81,Cash,Delivered,,40.1
ORD105991,KOLRES27DEL03,41,4.0,Kolkata,2026-06-09,20:25:00,Sandstorms,Medium,3,Buffet,motorcycle,0,No,10.72,226.85,Card,Delivered,,50.3
ORD100491,KOLRES11DEL04,25,4.1,Kolkata,2026-06-09,20:33:00,Windy,Medium,0,Meal,motorcycle,0,No,2.1,137.63,Card,Cancelled,Customer Cancelled,
ORD103466,KOLRES10DEL03,26,4.0,Kolkata,2026-06-09,20:39:00,Sunny,High,2,Drinks,motorcycle,2,No,8.56,148.68,UPI,Delivered,,50.6
ORD102386,PUNRES04DEL06,27,4.4,Pune,2026-06-09,21:01:00,Windy,Low,0,Meal,motorcycle,2,No,2.08,171.43,UPI,Delivered,,35.2
ORD105021,HYDRES17DEL07,23,4.6,Hyderabad,2026-06-09,21:02:00,Cloudy,High,0,Buffet,motorcycle,0,No,3.46,284.75,Cash,Delivered,,30.3
ORD100349,MUMRES26DEL03,35,4.6,Mumbai,2026-06-09,21:58:00,Fog,Medium,0,Drinks,motorcycle,1,No,6.85,288.63,Wallet,Delivered,,47.7
ORD100113,KOLRES25DEL04,29,4.5,Kolkata,2026-06-09,22:11:00,Sunny,Jam,0,Drinks,electric_scooter,3,No,13.82,377.84,Wallet,Delivered,,58.9
ORD102232,BENRES28DEL08,36,4.7,Bengaluru,2026-06-09,22:27:00,Cloudy,Low,2,Buffet,motorcycle,0,No,7.27,283.64,UPI,Delivered,,28.7
ORD105275,CHERES17DEL07,28,5.0,Chennai,2026-06-09,22:47:00,Windy,Low,1,Drinks,motorcycle,0,No,1.15,380.76,UPI,Delivered,,28.0
ORD105011,KOLRES25DEL04,18,4.2,Kolkata,2026-06-09,22:58:00,Sunny,Low,3,Snack,motorcycle,0,No,0.87,175.12,UPI,Delivered,,17.8
ORD104322,BENRES19DEL02,24,4.2,Bengaluru,2026-06-10,07:44:00,Fog,Jam,0,Snack,electric_scooter,0,No,1.69,325.24,Card,Delivered,,44.1
ORD104875,CHERES31DEL05,22,4.5,Chennai,2026-06-10,08:05:00,Cloudy,Medium,2,Drinks,motorcycle,0,No,16.34,616.17,UPI,Delivered,,55.3
ORD101567,DELRES11DEL07,24,4.1,Delhi,2026-06-10,08:27:00,Cloudy,Low,3,Meal,motorcycle,0,No,3.92,432.0,UPI,Delivered,,23.1
ORD105510,HYDRES41DEL02,43,4.9,Hyderabad,2026-06-10,09:00:00,Cloudy,Medium,3,Meal,motorcycle,0,No,13.66,99.56,Cash,Delivered,,50.0
ORD102260,BENRES05DEL07,23,4.4,Bengaluru,2026-06-10,09:22:00,Sunny,Low,0,Buffet,motorcycle,2,No,1.84,119.78,UPI,Delivered,,29.5
ORD102628,CHERES35DEL05,34,4.7,Chennai,2026-06-10,11:03:00,Sunny,Low,2,Meal,scooter,0,No,5.77,193.78,UPI,Delivered,,32.6
ORD103189,MUMRES15DEL04,23,4.2,Mumbai,2026-06-10,11:06:00,Cloudy,Low,2,Snack,scooter,2,No,3.92,90.09,UPI,Delivered,,35.1
ORD102358,CHERES13DEL06,22,3.9,Chennai,2026-06-10,11:07:00,Sunny,High,2,Snack,motorcycle,0,No,15.2,192.21,UPI,Cancelled,Weather Disruption,
ORD100066,PUNRES24DEL07,27,4.4,Pune,2026-06-10,11:18:00,Cloudy,Medium,2,Meal,electric_scooter,2,No,1.28,171.98,UPI,Cancelled,Restaurant Delay,
ORD103040,DELRES36DEL07,34,4.7,Delhi,2026-06-10,11:55:00,Cloudy,Medium,0,Buffet,motorcycle,1,No,2.89,346.96,UPI,Delivered,,35.3
ORD101859,BENRES28DEL01,29,4.3,Bengaluru,2026-06-10,12:15:00,Fog,High,1,Drinks,motorcycle,1,No,1.42,191.25,UPI,Delivered,,43.3
ORD105144,BENRES15DEL02,32,4.4,Bengaluru,2026-06-10,12:34:00,Sandstorms,Medium,0,Snack,motorcycle,0,No,1.6,306.97,UPI,Delivered,,38.3
ORD105692,CHERES09DEL06,23,3.9,Chennai,2026-06-10,12:34:00,Sunny,Low,0,Snack,electric_scooter,0,No,3.87,519.72,Card,Delivered,,16.9
ORD101522,MUMRES06DEL03,30,4.8,Mumbai,2026-06-10,12:43:00,Sunny,Medium,1,Drinks,motorcycle,0,No,15.75,515.93,UPI,Delivered,,53.2
ORD102465,HYDRES13DEL04,45,4.9,Hyderabad,2026-06-10,12:46:00,Windy,Medium,3,Snack,electric_scooter,1,No,3.66,308.28,Cash,Delivered,,38.1
ORD101717,DELRES36DEL03,28,4.5,Delhi,2026-06-10,12:55:00,Cloudy,Medium,0,Meal,scooter,1,No,4.82,160.23,Cash,Delivered,,37.9
ORD100449,BENRES30DEL02,33,4.3,Bengaluru,2026-06-10,13:20:00,Cloudy,Low,2,Meal,scooter,0,No,2.62,357.72,Cash,Delivered,,28.4
ORD103935,DELRES37DEL04,31,4.8,Delhi,2026-06-10,16:23:00,Sunny,High,2,Buffet,scooter,0,No,1.49,446.52,Wallet,Delivered,,32.1
ORD100147,CHERES23DEL08,23,4.5,Chennai,2026-06-10,17:18:00,Fog,Medium,2,Drinks,motorcycle,0,No,0.84,430.38,Wallet,Delivered,,30.1
ORD102149,HYDRES36DEL07,32,4.5,Hyderabad,2026-06-10,17:25:00,Stormy,Jam,2,Buffet,electric_scooter,0,No,2.92,293.99,UPI,Delivered,,47.7
ORD100198,DELRES03DEL06,28,3.7,Delhi,2026-06-10,17:32:00,Stormy,High,3,Buffet,motorcycle,1,No,1.83,367.1,UPI,Delivered,,43.2
ORD105472,MUMRES18DEL07,29,4.2,Mumbai,2026-06-10,18:08:00,Sunny,Low,2,Meal,electric_scooter,1,No,3.68,306.98,Wallet,Delivered,,26.9
ORD103594,MUMRES42DEL06,18,4.3,Mumbai,2026-06-10,18:43:00,Cloudy,High,0,Buffet,scooter,0,No,3.72,208.1,UPI,Delivered,,30.5
ORD104885,MUMRES23DEL08,27,4.4,Mumbai,2026-06-10,18:45:00,Sunny,Medium,0,Snack,motorcycle,0,No,2.59,247.96,Wallet,Delivered,,27.0
ORD101854,MUMRES17DEL04,21,4.4,Mumbai,2026-06-10,18:47:00,Cloudy,High,3,Meal,scooter,2,No,6.57,503.29,UPI,Cancelled,Customer Cancelled,
ORD105730,DELRES27DEL06,32,4.1,Delhi,2026-06-10,18:57:00,Sunny,Low,0,Buffet,bicycle,1,No,1.57,352.64,UPI,Delivered,,24.6
ORD105644,BENRES10DEL07,28,4.1,Bengaluru,2026-06-10,19:00:00,Windy,High,1,Snack,scooter,0,No,1.71,129.2,Card,Delivered,,33.6
ORD103332,BENRES30DEL04,29,4.6,Bengaluru,2026-06-10,19:13:00,Stormy,Medium,2,Buffet,electric_scooter,0,No,0.96,419.1,Card,Delivered,,29.5
ORD103091,CHERES14DEL07,27,4.5,Chennai,2026-06-10,19:22:00,Windy,Low,3,Snack,motorcycle,1,No,3.86,229.17,UPI,Delivered,,29.8
ORD105682,PUNRES11DEL08,32,4.5,Pune,2026-06-10,19:29:00,Windy,Medium,2,Drinks,motorcycle,0,No,1.48,290.54,Wallet,Delivered,,22.0
ORD105165,CHERES10DEL04,32,4.7,Chennai,2026-06-10,19:43:00,Windy,Jam,2,Drinks,scooter,0,No,4.16,750.2,UPI,Cancelled,Weather Disruption,
ORD101088,BENRES16DEL01,26,4.2,Bengaluru,2026-06-10,19:45:00,Stormy,Medium,3,Drinks,motorcycle,0,No,6.69,293.0,UPI,Delivered,,46.2
ORD104025,MUMRES40DEL07,31,3.8,Mumbai,2026-06-10,19:45:00,Sandstorms,Medium,0,Buffet,scooter,0,No,7.88,458.04,UPI,Delivered,,38.9
ORD105091,KOLRES27DEL07,19,4.1,Kolkata,2026-06-10,19:49:00,Sunny,Medium,2,Meal,scooter,0,No,2.96,171.31,Card,Delivered,,22.1
ORD101275,PUNRES34DEL07,18,4.5,Pune,2026-06-10,20:29:00,Sunny,Medium,3,Meal,scooter,1,No,1.35,201.46,Card,Delivered,,25.9
ORD100604,MUMRES24DEL08,42,4.5,Mumbai,2026-06-10,20:31:00,Cloudy,Medium,2,Buffet,motorcycle,1,No,3.83,191.44,Cash,Delivered,,28.9
ORD101409,MUMRES14DEL02,24,3.6,Mumbai,2026-06-10,20:36:00,Cloudy,High,1,Drinks,scooter,0,No,4.84,296.74,UPI,Delivered,,29.2
ORD100959,PUNRES09DEL04,28,4.2,Pune,2026-06-10,20:38:00,Sunny,High,1,Meal,electric_scooter,2,No,4.79,255.14,UPI,Cancelled,Customer Cancelled,
ORD103409,KOLRES32DEL05,26,4.9,Kolkata,2026-06-10,20:47:00,Cloudy,Medium,3,Snack,motorcycle,1,No,1.92,141.01,UPI,Delivered,,29.2
ORD105882,KOLRES34DEL04,28,4.4,Kolkata,2026-06-10,21:04:00,Sunny,Low,3,Meal,scooter,1,No,7.59,469.1,Cash,Delivered,,24.4
ORD104472,BENRES39DEL08,28,3.8,Bengaluru,2026-06-10,21:12:00,Stormy,Jam,2,Drinks,motorcycle,0,No,9.58,581.35,UPI,Delivered,,60.4
ORD103784,MUMRES03DEL02,19,4.6,Mumbai,2026-06-10,21:19:00,Sunny,High,0,Drinks,motorcycle,1,No,2.45,231.85,Cash,Cancelled,Traffic Delay,
ORD102695,PUNRES42DEL05,39,4.5,Pune,2026-06-10,21:34:00,Sunny,High,3,Meal,scooter,0,No,2.39,160.04,Wallet,Delivered,,29.5
ORD104397,DELRES11DEL03,25,4.3,Delhi,2026-06-10,21:40:00,Sunny,Medium,0,Snack,scooter,0,No,11.14,369.59,UPI,Delivered,,33.2
ORD103579,BENRES42DEL04,21,4.2,Bengaluru,2026-06-10,21:46:00,Windy,Medium,3,Meal,scooter,0,No,3.45,329.9,Card,Delivered,,27.3
ORD103023,BENRES42DEL03,29,4.0,Bengaluru,2026-06-10,21:53:00,Cloudy,Medium,0,Buffet,motorcycle,3,No,2.7,245.51,UPI,Delivered,,33.9
ORD105163,BENRES16DEL01,28,4.3,Bengaluru,2026-06-11,00:29:00,Windy,Medium,0,Snack,scooter,2,No,1.94,231.23,Cash,Delivered,,37.2
ORD103785,BENRES16DEL04,37,4.3,Bengaluru,2026-06-11,04:57:00,Cloudy,Low,3,Meal,bicycle,1,No,2.75,426.39,UPI,Delivered,,24.8
ORD100445,DELRES41DEL04,18,4.0,Delhi,2026-06-11,06:43:00,Fog,High,2,Drinks,motorcycle,1,No,4.79,556.07,UPI,Delivered,,45.0
ORD104796,DELRES42DEL04,35,4.1,Delhi,2026-06-11,06:56:00,Sunny,Medium,2,Drinks,motorcycle,0,No,21.28,193.64,Cash,Delivered,,54.1
ORD102665,KOLRES33DEL03,31,4.5,Kolkata,2026-06-11,09:13:00,Fog,Medium,2,Meal,scooter,0,No,6.03,158.8,Card,Delivered,,39.7
ORD101288,CHERES09DEL06,27,4.6,Chennai,2026-06-11,09:41:00,Sandstorms,High,2,Meal,motorcycle,0,No,2.44,199.15,Card,Delivered,,45.2
ORD103587,PUNRES30DEL07,30,4.3,Pune,2026-06-11,09:52:00,Cloudy,Low,0,Snack,motorcycle,0,No,10.05,148.79,UPI,Delivered,,38.0
ORD100804,BENRES28DEL03,22,4.9,Bengaluru,2026-06-11,10:17:00,Cloudy,Medium,3,Snack,scooter,1,No,4.19,404.19,UPI,Delivered,,33.6
ORD100719,DELRES10DEL02,18,4.5,Delhi,2026-06-11,10:30:00,Cloudy,High,1,Drinks,motorcycle,0,No,5.32,165.01,UPI,Delivered,,38.2
ORD101416,CHERES19DEL07,34,4.0,Chennai,2026-06-11,10:36:00,Cloudy,Jam,1,Buffet,motorcycle,3,No,1.54,303.38,Cash,Delivered,,44.8
ORD101118,DELRES34DEL04,25,4.3,Delhi,2026-06-11,10:48:00,Windy,Medium,3,Snack,scooter,0,No,2.48,131.08,UPI,Delivered,,30.6
ORD102023,BENRES11DEL06,30,4.2,Bengaluru,2026-06-11,10:58:00,Windy,Jam,3,Snack,motorcycle,2,No,3.65,275.55,UPI,Delivered,,49.1
ORD100495,KOLRES41DEL07,31,4.3,Kolkata,2026-06-11,11:08:00,Sunny,High,2,Meal,motorcycle,1,No,13.08,183.76,Wallet,Cancelled,Traffic Delay,
ORD103315,CHERES31DEL04,33,3.9,Chennai,2026-06-11,11:10:00,Cloudy,Medium,1,Meal,scooter,0,No,3.93,530.57,UPI,Delivered,,29.3
ORD100132,PUNRES05DEL02,31,4.0,Pune,2026-06-11,11:41:00,Sunny,Medium,0,Drinks,electric_scooter,0,No,11.75,286.12,Cash,Delivered,,39.7
ORD100963,BENRES15DEL02,33,4.7,Bengaluru,2026-06-11,11:55:00,Sunny,High,1,Drinks,scooter,0,No,2.25,264.62,UPI,Delivered,,35.0
ORD100160,BENRES04DEL07,29,4.5,Bengaluru,2026-06-11,12:01:00,Stormy,High,3,Buffet,scooter,2,No,1.6,496.1,Cash,Delivered,,50.0
ORD104381,HYDRES06DEL06,33,3.8,Hyderabad,2026-06-11,12:29:00,Cloudy,Jam,3,Buffet,motorcycle,1,No,2.99,350.38,Wallet,Delivered,,44.2
ORD103306,HYDRES18DEL06,31,4.6,Hyderabad,2026-06-11,12:41:00,Sandstorms,Low,3,Drinks,motorcycle,2,No,6.24,87.69,UPI,Delivered,,49.7
ORD100344,DELRES06DEL06,38,4.4,Delhi,2026-06-11,12:46:00,Sunny,High,0,Drinks,motorcycle,1,No,1.62,480.84,Card,Delivered,,34.5
ORD100845,BENRES05DEL07,29,4.1,Bengaluru,2026-06-11,12:47:00,Cloudy,High,2,Drinks,electric_scooter,0,No,15.59,350.58,UPI,Delivered,,53.4
ORD103644,DELRES37DEL07,28,4.2,Delhi,2026-06-11,12:55:00,Sunny,High,3,Buffet,motorcycle,0,No,3.76,544.73,UPI,Delivered,,28.7
ORD103540,DELRES30DEL05,34,4.4,Delhi,2026-06-11,12:56:00,Sunny,Medium,2,Snack,motorcycle,1,No,7.18,168.38,UPI,Delivered,,33.5
ORD102462,MUMRES08DEL06,28,3.8,Mumbai,2026-06-11,13:38:00,Cloudy,High,0,Drinks,scooter,2,No,1.95,468.76,Wallet,Delivered,,42.0
ORD105721,DELRES26DEL06,19,4.1,Delhi,2026-06-11,13:38:00,Sunny,Medium,1,Buffet,motorcycle,0,No,2.04,301.9,UPI,Delivered,,29.3
ORD100855,PUNRES12DEL02,18,4.1,Pune,2026-06-11,13:49:00,Fog,Medium,0,Drinks,motorcycle,3,No,5.24,262.75,Cash,Delivered,,49.2
ORD105399,HYDRES09DEL04,26,4.5,Hyderabad,2026-06-11,13:57:00,Stormy,High,3,Meal,motorcycle,2,No,8.19,122.51,Cash,Cancelled,Weather Disruption,
ORD100473,CHERES32DEL08,28,4.8,Chennai,2026-06-11,14:20:00,Cloudy,Low,1,Drinks,bicycle,1,No,3.23,293.77,Cash,Delivered,,34.7
ORD100469,BENRES34DEL01,41,3.8,Bengaluru,2026-06-11,14:23:00,Cloudy,High,1,Buffet,electric_scooter,0,No,5.29,259.48,UPI,Delivered,,32.8
ORD101686,CHERES28DEL03,32,4.7,Chennai,2026-06-11,14:29:00,Sunny,High,1,Buffet,electric_scooter,0,No,2.52,339.86,UPI,Delivered,,34.2
ORD101708,MUMRES34DEL08,39,4.3,Mumbai,2026-06-11,16:19:00,Fog,Low,3,Meal,electric_scooter,2,No,18.72,146.87,UPI,Delivered,,62.6
ORD102860,BENRES40DEL04,37,4.6,Bengaluru,2026-06-11,17:28:00,Sunny,Medium,1,Buffet,scooter,2,No,10.14,201.79,UPI,Delivered,,47.3
ORD104770,MUMRES32DEL07,27,4.1,Mumbai,2026-06-11,17:40:00,Cloudy,Medium,2,Snack,motorcycle,0,No,0.87,196.08,UPI,Delivered,,29.3
ORD101111,DELRES15DEL02,34,4.3,Delhi,2026-06-11,18:05:00,Sunny,Medium,2,Buffet,motorcycle,0,No,7.35,489.43,UPI,Delivered,,36.4
ORD104473,CHERES18DEL06,33,4.4,Chennai,2026-06-11,18:23:00,Cloudy,High,2,Snack,motorcycle,0,No,12.27,203.84,UPI,Delivered,,43.7
ORD103670,PUNRES24DEL02,28,4.1,Pune,2026-06-11,18:27:00,Sunny,Medium,2,Drinks,motorcycle,1,No,4.04,180.29,Card,Cancelled,Delivery Partner Unavailable,
ORD103366,BENRES16DEL06,20,5.0,Bengaluru,2026-06-11,18:44:00,Sunny,Medium,1,Drinks,motorcycle,1,No,12.92,275.28,Card,Delivered,,42.2
ORD100525,DELRES31DEL01,31,4.5,Delhi,2026-06-11,18:51:00,Sandstorms,Medium,3,Drinks,motorcycle,1,No,0.96,244.56,UPI,Delivered,,36.4
ORD102140,KOLRES18DEL05,23,4.6,Kolkata,2026-06-11,18:55:00,Cloudy,High,1,Meal,scooter,0,No,2.67,430.8,Card,Delivered,,31.6
ORD102862,PUNRES23DEL08,36,4.8,Pune,2026-06-11,19:04:00,Sunny,Low,1,Buffet,scooter,1,No,7.3,199.28,Wallet,Delivered,,32.3
ORD100966,BENRES07DEL05,22,4.6,Bengaluru,2026-06-11,19:05:00,Sunny,Medium,1,Buffet,motorcycle,0,No,7.19,325.39,Card,Delivered,,34.3
ORD100043,MUMRES07DEL08,30,4.7,Mumbai,2026-06-11,19:11:00,Sunny,Low,1,Buffet,scooter,0,No,10.25,377.31,UPI,Delivered,,35.0
ORD102179,BENRES02DEL08,33,4.7,Bengaluru,2026-06-11,19:20:00,Cloudy,Low,2,Meal,scooter,1,No,15.09,306.13,Cash,Delivered,,43.0
ORD103219,CHERES43DEL05,29,4.2,Chennai,2026-06-11,19:32:00,Windy,Jam,1,Buffet,motorcycle,0,No,7.8,399.03,UPI,Delivered,,47.9
ORD103606,MUMRES23DEL08,43,4.4,Mumbai,2026-06-11,19:41:00,Windy,High,1,Meal,electric_scooter,0,No,2.12,176.36,UPI,Cancelled,Customer Cancelled,
ORD100150,BENRES06DEL08,35,4.6,Bengaluru,2026-06-11,19:51:00,Sunny,Low,1,Drinks,motorcycle,1,No,12.15,184.18,UPI,Delivered,,44.1
ORD103439,PUNRES28DEL02,18,4.4,Pune,2026-06-11,19:55:00,Cloudy,High,1,Drinks,motorcycle,1,No,3.25,272.71,Cash,Delivered,,37.3
ORD105828,DELRES25DEL07,33,4.6,Delhi,2026-06-11,19:55:00,Sunny,Medium,3,Buffet,motorcycle,1,No,8.43,367.38,Cash,Delivered,,44.8
ORD104325,DELRES39DEL07,40,4.2,Delhi,2026-06-11,19:59:00,Sunny,Low,1,Snack,electric_scooter,0,No,3.16,80.0,UPI,Delivered,,27.4
ORD101805,MUMRES25DEL05,19,4.4,Mumbai,2026-06-11,20:04:00,Cloudy,Jam,3,Buffet,motorcycle,1,No,2.54,488.62,UPI,Delivered,,46.1
ORD100408,HYDRES03DEL05,20,4.3,Hyderabad,2026-06-11,20:07:00,Cloudy,High,2,Drinks,scooter,2,No,6.98,293.73,Wallet,Cancelled,Traffic Delay,
ORD100820,KOLRES17DEL02,22,5.0,Kolkata,2026-06-11,20:34:00,Windy,Medium,0,Meal,motorcycle,0,No,2.57,125.52,UPI,Delivered,,28.4
ORD100464,CHERES23DEL02,28,4.8,Chennai,2026-06-11,20:40:00,Sunny,Low,0,Snack,bicycle,1,No,3.53,160.19,UPI,Cancelled,Delivery Partner Unavailable,
ORD102257,BENRES13DEL03,27,4.7,Bengaluru,2026-06-11,20:46:00,Sunny,High,1,Drinks,motorcycle,0,No,6.46,145.78,Wallet,Delivered,,35.5
ORD104240,CHERES33DEL01,33,4.0,Chennai,2026-06-11,21:17:00,Sunny,Medium,0,Meal,electric_scooter,0,No,3.6,421.84,UPI,Delivered,,26.5
ORD103026,BENRES18DEL07,24,4.0,Bengaluru,2026-06-11,21:18:00,Windy,Jam,3,Meal,scooter,1,No,8.02,234.47,Wallet,Delivered,,54.6
ORD103425,BENRES43DEL07,19,4.5,Bengaluru,2026-06-11,21:23:00,Sunny,Low,2,Meal,motorcycle,0,No,2.19,217.64,Wallet,Delivered,,19.8
ORD104346,KOLRES18DEL08,23,3.5,Kolkata,2026-06-11,23:06:00,Sandstorms,High,2,Meal,motorcycle,0,No,4.65,342.28,UPI,Delivered,,44.7
ORD104697,DELRES04DEL05,27,4.6,Delhi,2026-06-12,08:20:00,Cloudy,Medium,2,Drinks,motorcycle,1,No,12.73,563.1,UPI,Delivered,,50.8
ORD103894,MUMRES25DEL04,24,4.0,Mumbai,2026-06-12,08:54:00,Sunny,Low,3,Drinks,bicycle,0,No,3.91,438.57,Wallet,Delivered,,23.9
ORD104195,BENRES06DEL02,20,4.5,Bengaluru,2026-06-12,08:54:00,Stormy,Low,2,Meal,scooter,0,No,5.24,412.9,UPI,Delivered,,40.4
ORD101117,MUMRES22DEL01,39,4.3,Mumbai,2026-06-12,10:08:00,Sunny,Medium,3,Meal,motorcycle,1,No,8.79,353.6,Cash,Delivered,,44.6
ORD103650,DELRES34DEL07,43,4.7,Delhi,2026-06-12,10:17:00,Fog,Low,0,Meal,scooter,0,No,0.96,182.07,UPI,Delivered,,27.0
ORD102237,HYDRES20DEL07,19,4.4,Hyderabad,2026-06-12,10:27:00,Sunny,Low,1,Buffet,motorcycle,1,No,14.39,243.73,UPI,Delivered,,47.2
ORD102360,CHERES13DEL02,23,4.3,Chennai,2026-06-12,10:28:00,Cloudy,Low,0,Snack,scooter,0,No,12.43,309.3,Card,Delivered,,35.7
ORD100769,DELRES27DEL06,30,4.0,Delhi,2026-06-12,11:06:00,Sunny,Low,2,Meal,motorcycle,2,No,1.49,320.56,UPI,Delivered,,26.0
ORD100830,KOLRES09DEL08,18,4.7,Kolkata,2026-06-12,11:17:00,Cloudy,Jam,0,Buffet,motorcycle,0,No,3.1,204.27,Card,Delivered,,39.8
ORD105565,MUMRES14DEL06,31,3.8,Mumbai,2026-06-12,11:20:00,Cloudy,Jam,1,Meal,motorcycle,0,No,9.69,559.79,Wallet,Delivered,,53.4
ORD100267,KOLRES10DEL01,29,4.2,Kolkata,2026-06-12,11:24:00,Fog,High,2,Meal,electric_scooter,0,No,5.42,622.24,Cash,Delivered,,38.3
ORD105861,MUMRES22DEL05,23,4.6,Mumbai,2026-06-12,11:31:00,Stormy,Low,1,Meal,motorcycle,0,No,5.3,303.54,Card,Delivered,,39.0
ORD105805,HYDRES27DEL03,21,4.9,Hyderabad,2026-06-12,11:48:00,Sunny,Jam,2,Snack,motorcycle,1,No,2.75,223.76,UPI,Delivered,,45.6
ORD104788,BENRES09DEL06,36,4.6,Bengaluru,2026-06-12,12:17:00,Cloudy,High,2,Meal,motorcycle,0,No,9.5,463.34,UPI,Cancelled,Delivery Partner Unavailable,
ORD100602,MUMRES09DEL06,25,3.8,Mumbai,2026-06-12,12:23:00,Cloudy,Jam,1,Meal,electric_scooter,0,No,0.81,144.56,UPI,Delivered,,34.5
ORD104224,MUMRES35DEL03,41,4.6,Mumbai,2026-06-12,12:26:00,Sunny,Low,2,Drinks,electric_scooter,1,No,2.36,220.68,UPI,Delivered,,23.2
ORD102996,DELRES33DEL04,47,4.2,Delhi,2026-06-12,12:32:00,Stormy,Medium,1,Snack,motorcycle,0,No,8.19,306.59,Cash,Delivered,,51.0
ORD105369,DELRES01DEL03,29,5.0,Delhi,2026-06-12,12:32:00,Fog,Low,2,Buffet,motorcycle,1,No,2.88,560.97,Card,Delivered,,27.2
ORD104158,PUNRES33DEL05,37,4.6,Pune,2026-06-12,12:33:00,Sunny,Low,1,Buffet,scooter,0,No,1.81,298.17,Cash,Delivered,,17.4
ORD103664,MUMRES35DEL05,29,4.2,Mumbai,2026-06-12,12:50:00,Windy,Jam,0,Meal,motorcycle,0,No,1.07,706.96,UPI,Delivered,,34.9
ORD104427,HYDRES13DEL03,34,4.3,Hyderabad,2026-06-12,13:09:00,Sandstorms,High,3,Drinks,motorcycle,1,No,2.58,385.83,UPI,Delivered,,43.9
ORD104948,CHERES11DEL07,29,4.5,Chennai,2026-06-12,13:18:00,Cloudy,Medium,1,Meal,motorcycle,0,No,3.07,224.54,UPI,Delivered,,28.0
ORD102067,HYDRES41DEL02,24,3.9,Hyderabad,2026-06-12,13:38:00,Stormy,Medium,3,Snack,motorcycle,0,No,1.76,469.68,UPI,Delivered,,33.0
ORD102136,MUMRES21DEL04,40,4.4,Mumbai,2026-06-12,14:02:00,Windy,Low,1,Drinks,motorcycle,0,No,6.75,747.8,UPI,Delivered,,35.0
ORD103981,BENRES36DEL03,35,4.3,Bengaluru,2026-06-12,14:08:00,Sunny,Medium,1,Snack,motorcycle,2,No,3.35,305.56,Cash,Delivered,,35.4
ORD100396,MUMRES30DEL07,27,4.2,Mumbai,2026-06-12,14:19:00,Sunny,High,2,Drinks,scooter,1,No,1.56,139.38,Cash,Delivered,,32.9
ORD105936,DELRES25DEL01,37,4.0,Delhi,2026-06-12,15:24:00,Sunny,High,1,Meal,electric_scooter,1,No,3.37,220.29,Cash,Delivered,,45.6
ORD104307,MUMRES32DEL05,22,4.6,Mumbai,2026-06-12,15:39:00,Cloudy,High,1,Buffet,scooter,1,No,2.54,723.72,Card,Delivered,,38.9
ORD105847,BENRES39DEL08,24,3.8,Bengaluru,2026-06-12,16:23:00,Windy,Medium,1,Meal,motorcycle,2,No,3.87,557.12,Cash,Delivered,,37.5
ORD101132,PUNRES14DEL07,37,4.4,Pune,2026-06-12,16:56:00,Sunny,Medium,3,Drinks,electric_scooter,0,No,9.43,99.43,UPI,Delivered,,40.0
ORD103702,BENRES05DEL04,35,4.1,Bengaluru,2026-06-12,17:41:00,Windy,Medium,3,Drinks,scooter,1,No,3.09,252.89,Card,Delivered,,30.4
ORD103690,KOLRES39DEL02,26,4.7,Kolkata,2026-06-12,18:03:00,Sunny,Medium,3,Drinks,motorcycle,1,No,6.91,400.45,UPI,Delivered,,34.8
ORD104077,PUNRES38DEL02,25,4.6,Pune,2026-06-12,18:12:00,Stormy,High,0,Buffet,motorcycle,3,No,9.77,226.65,UPI,Delivered,,61.2
ORD102178,BENRES27DEL01,35,4.4,Bengaluru,2026-06-12,18:16:00,Stormy,High,3,Drinks,bicycle,1,No,14.76,281.12,Card,Delivered,,61.6
ORD103608,PUNRES16DEL06,27,5.0,Pune,2026-06-12,18:31:00,Sunny,High,2,Meal,scooter,0,No,2.0,337.57,UPI,Delivered,,29.1
ORD102988,PUNRES31DEL01,39,4.7,Pune,2026-06-12,18:42:00,Cloudy,Jam,3,Buffet,electric_scooter,0,No,7.19,435.92,Card,Delivered,,47.3
ORD104006,BENRES19DEL08,28,4.4,Bengaluru,2026-06-12,19:01:00,Fog,Low,2,Snack,motorcycle,2,No,0.9,399.21,Cash,Delivered,,37.0
ORD104635,DELRES23DEL05,21,4.4,Delhi,2026-06-12,19:31:00,Sunny,Jam,2,Snack,scooter,1,No,4.68,257.03,Card,Delivered,,46.8
ORD105927,BENRES27DEL01,20,5.0,Bengaluru,2026-06-12,20:04:00,Windy,Medium,2,Drinks,motorcycle,2,No,3.04,492.15,Cash,Delivered,,39.6
ORD101478,CHERES04DEL06,31,4.0,Chennai,2026-06-12,20:06:00,Sunny,Medium,0,Buffet,scooter,0,No,6.91,387.35,Wallet,Delivered,,31.5
ORD101354,CHERES14DEL08,18,4.3,Chennai,2026-06-12,20:13:00,Cloudy,High,3,Meal,electric_scooter,0,No,4.48,266.0,UPI,Delivered,,24.8
ORD105029,DELRES15DEL07,26,4.7,Delhi,2026-06-12,20:29:00,Sunny,Jam,1,Buffet,bicycle,0,No,2.19,365.46,UPI,Delivered,,35.3
ORD101226,MUMRES33DEL08,31,4.5,Mumbai,2026-06-12,20:41:00,Sunny,High,3,Meal,motorcycle,1,No,9.61,172.33,Cash,Cancelled,Traffic Delay,
ORD105809,CHERES32DEL04,30,4.4,Chennai,2026-06-12,20:56:00,Cloudy,Medium,3,Meal,motorcycle,1,No,4.17,494.24,UPI,Delivered,,38.9
ORD100869,DELRES18DEL06,40,4.1,Delhi,2026-06-12,20:58:00,Sandstorms,Medium,0,Drinks,electric_scooter,0,No,6.69,365.68,UPI,Delivered,,42.4
ORD101668,CHERES19DEL08,32,4.0,Chennai,2026-06-12,21:15:00,Sunny,Medium,3,Buffet,motorcycle,0,No,2.49,593.96,Cash,Delivered,,22.1
ORD100271,HYDRES21DEL08,24,4.7,Hyderabad,2026-06-12,21:24:00,Sunny,Low,1,Drinks,electric_scooter,0,No,3.1,590.6,Card,Delivered,,25.7
ORD100016,BENRES05DEL05,24,4.0,Bengaluru,2026-06-12,21:41:00,Sunny,Low,0,Meal,scooter,1,No,1.03,445.27,UPI,Delivered,,22.5
ORD101158,BENRES22DEL03,23,4.4,Bengaluru,2026-06-12,21:48:00,Sunny,High,3,Drinks,electric_scooter,2,No,9.64,80.0,UPI,Delivered,,56.6
ORD105479,MUMRES23DEL02,30,4.1,Mumbai,2026-06-12,22:02:00,Cloudy,High,0,Meal,motorcycle,1,No,5.27,245.95,Card,Delivered,,38.4
ORD100356,PUNRES19DEL04,36,4.1,Pune,2026-06-12,22:33:00,Cloudy,Jam,3,Meal,motorcycle,0,No,2.95,317.59,UPI,Cancelled,Traffic Delay,
ORD105514,MUMRES26DEL03,19,4.3,Mumbai,2026-06-12,22:41:00,Stormy,Jam,1,Buffet,scooter,0,No,3.22,158.16,UPI,Delivered,,48.1
ORD105229,MUMRES21DEL06,24,4.0,Mumbai,2026-06-12,23:12:00,Cloudy,Jam,2,Meal,motorcycle,1,No,6.2,242.52,UPI,Delivered,,49.3
ORD104558,BENRES20DEL03,34,4.7,Bengaluru,2026-06-13,05:57:00,Sandstorms,Jam,3,Meal,motorcycle,0,Yes,14.96,85.74,Card,Cancelled,Customer Cancelled,
ORD103712,PUNRES11DEL01,36,4.2,Pune,2026-06-13,07:25:00,Sunny,Low,1,Snack,motorcycle,1,Yes,0.95,322.16,UPI,Cancelled,Customer Cancelled,
ORD103252,MUMRES24DEL05,31,4.7,Mumbai,2026-06-13,08:38:00,Cloudy,Jam,1,Drinks,motorcycle,0,Yes,9.21,372.67,Card,Delivered,,56.7
ORD105463,DELRES19DEL04,31,4.7,Delhi,2026-06-13,09:12:00,Sunny,High,1,Buffet,electric_scooter,1,Yes,6.04,217.71,Card,Delivered,,43.9
ORD104571,DELRES31DEL06,29,4.3,Delhi,2026-06-13,09:35:00,Windy,High,3,Buffet,motorcycle,1,Yes,5.35,399.87,Wallet,Delivered,,51.4
ORD100424,PUNRES07DEL08,31,4.8,Pune,2026-06-13,09:43:00,Sunny,Low,2,Buffet,scooter,1,Yes,3.98,272.46,UPI,Delivered,,36.9
ORD105349,PUNRES38DEL05,28,3.5,Pune,2026-06-13,09:55:00,Cloudy,High,3,Buffet,motorcycle,0,Yes,2.09,294.09,UPI,Delivered,,35.1
ORD103106,DELRES04DEL04,30,4.1,Delhi,2026-06-13,09:58:00,Sunny,Medium,2,Snack,electric_scooter,0,Yes,1.36,132.76,Cash,Delivered,,30.9
ORD101877,MUMRES43DEL05,35,4.7,Mumbai,2026-06-13,10:13:00,Cloudy,High,2,Meal,scooter,1,Yes,1.1,164.96,Cash,Delivered,,39.2
ORD104828,MUMRES32DEL07,37,4.1,Mumbai,2026-06-13,10:28:00,Sunny,Jam,3,Buffet,scooter,0,Yes,10.57,142.31,UPI,Delivered,,53.4
ORD100867,CHERES20DEL05,23,4.7,Chennai,2026-06-13,10:34:00,Cloudy,Low,0,Buffet,motorcycle,0,Yes,1.84,282.9,UPI,Delivered,,25.8
ORD105718,PUNRES17DEL08,38,4.1,Pune,2026-06-13,10:54:00,Windy,Medium,3,Snack,scooter,0,Yes,2.29,245.78,UPI,Delivered,,29.0
ORD100513,MUMRES10DEL03,29,4.3,Mumbai,2026-06-13,10:58:00,Windy,Medium,2,Snack,motorcycle,0,Yes,5.45,313.53,Cash,Cancelled,Weather Disruption,
ORD100176,CHERES28DEL04,37,4.2,Chennai,2026-06-13,11:34:00,Sunny,High,0,Snack,motorcycle,1,Yes,0.85,287.3,UPI,Delivered,,40.0
ORD104677,HYDRES40DEL06,32,4.3,Hyderabad,2026-06-13,11:34:00,Windy,Jam,0,Drinks,scooter,1,Yes,2.6,343.28,UPI,Delivered,,50.6
ORD102177,MUMRES24DEL04,29,4.2,Mumbai,2026-06-13,12:20:00,Sunny,Medium,0,Meal,electric_scooter,1,Yes,5.31,182.61,UPI,Delivered,,43.9
ORD104167,PUNRES30DEL03,33,3.9,Pune,2026-06-13,12:32:00,Sunny,Low,0,Drinks,electric_scooter,1,Yes,2.42,249.7,UPI,Delivered,,28.9
ORD105433,PUNRES41DEL03,34,3.9,Pune,2026-06-13,12:35:00,Sunny,Jam,1,Snack,bicycle,0,Yes,2.23,100.04,Card,Delivered,,44.6
ORD101523,PUNRES20DEL04,37,4.1,Pune,2026-06-13,12:44:00,Sunny,High,2,Meal,electric_scooter,0,Yes,2.95,144.61,UPI,Delivered,,39.2
ORD104131,BENRES06DEL04,27,4.4,Bengaluru,2026-06-13,12:48:00,Sunny,Medium,3,Snack,electric_scooter,1,Yes,3.14,237.29,Cash,Delivered,,34.3
ORD105464,PUNRES21DEL05,24,4.9,Pune,2026-06-13,13:04:00,Sunny,High,2,Buffet,scooter,0,Yes,2.86,253.12,UPI,Delivered,,38.8
ORD104327,BENRES20DEL02,18,4.4,Bengaluru,2026-06-13,13:17:00,Sunny,Medium,0,Snack,motorcycle,0,Yes,7.15,213.17,Wallet,Delivered,,40.9
ORD102919,BENRES32DEL06,29,4.1,Bengaluru,2026-06-13,13:32:00,Cloudy,High,0,Drinks,scooter,0,Yes,17.42,337.51,UPI,Delivered,,68.2
ORD101709,KOLRES16DEL02,35,4.6,Kolkata,2026-06-13,13:55:00,Sunny,Jam,0,Snack,motorcycle,0,Yes,1.04,408.42,UPI,Delivered,,39.5
ORD101810,CHERES04DEL08,28,4.5,Chennai,2026-06-13,14:36:00,Stormy,Medium,2,Snack,scooter,0,Yes,13.89,363.4,Card,Cancelled,Customer Cancelled,
ORD100936,BENRES15DEL06,34,4.3,Bengaluru,2026-06-13,16:14:00,Sunny,Medium,0,Meal,bicycle,1,Yes,2.14,336.92,UPI,Delivered,,33.4
ORD102616,BENRES44DEL07,26,4.3,Bengaluru,2026-06-13,16:14:00,Sunny,Low,2,Meal,scooter,0,Yes,1.7,479.14,UPI,Delivered,,31.2
ORD100686,BENRES04DEL01,22,4.5,Bengaluru,2026-06-13,16:28:00,Fog,Medium,2,Snack,scooter,1,Yes,1.33,317.01,Wallet,Cancelled,Delivery Partner Unavailable,
ORD100332,HYDRES19DEL05,32,4.9,Hyderabad,2026-06-13,17:05:00,Sunny,Low,3,Drinks,electric_scooter,0,Yes,6.0,245.27,UPI,Cancelled,Delivery Partner Unavailable,
ORD101693,DELRES36DEL08,31,4.5,Delhi,2026-06-13,17:33:00,Windy,High,3,Snack,motorcycle,2,Yes,4.65,94.44,UPI,Delivered,,48.7
ORD100648,BENRES05DEL08,36,4.8,Bengaluru,2026-06-13,17:40:00,Fog,Medium,3,Buffet,motorcycle,0,Yes,1.91,402.95,Card,Delivered,,37.9
ORD102241,PUNRES06DEL07,18,4.7,Pune,2026-06-13,17:48:00,Sunny,Medium,0,Snack,scooter,1,Yes,6.93,567.35,Cash,Delivered,,43.8
ORD104502,HYDRES29DEL04,25,4.1,Hyderabad,2026-06-13,18:24:00,Sunny,Medium,2,Buffet,motorcycle,0,Yes,4.45,456.11,UPI,Delivered,,38.0
ORD101905,CHERES12DEL06,25,4.4,Chennai,2026-06-13,18:43:00,Windy,High,3,Meal,scooter,0,Yes,14.73,340.34,UPI,Delivered,,59.2
ORD102910,KOLRES03DEL08,33,3.9,Kolkata,2026-06-13,18:43:00,Sunny,Medium,1,Drinks,motorcycle,0,Yes,2.82,291.21,Cash,Delivered,,31.2
ORD104451,BENRES27DEL08,27,4.3,Bengaluru,2026-06-13,19:10:00,Cloudy,Medium,2,Drinks,motorcycle,0,Yes,3.0,173.51,UPI,Delivered,,37.9
ORD105087,CHERES06DEL04,27,4.6,Chennai,2026-06-13,19:14:00,Stormy,High,2,Drinks,scooter,0,Yes,3.94,239.56,Cash,Delivered,,49.6
ORD105581,CHERES06DEL07,22,4.8,Chennai,2026-06-13,19:19:00,Sandstorms,Low,0,Meal,motorcycle,0,Yes,14.58,219.71,Card,Cancelled,Weather Disruption,
ORD104971,MUMRES25DEL06,28,4.1,Mumbai,2026-06-13,19:38:00,Sunny,Medium,3,Buffet,scooter,1,Yes,1.62,717.76,Cash,Delivered,,40.0
ORD100062,MUMRES34DEL05,25,4.6,Mumbai,2026-06-13,19:59:00,Cloudy,Medium,2,Snack,motorcycle,1,Yes,5.03,307.62,UPI,Delivered,,46.7
ORD101334,BENRES15DEL04,29,4.7,Bengaluru,2026-06-13,20:01:00,Sunny,Medium,2,Snack,scooter,1,Yes,11.32,457.37,Cash,Delivered,,45.0
ORD104016,MUMRES26DEL04,32,5.0,Mumbai,2026-06-13,20:07:00,Stormy,Medium,2,Snack,scooter,0,Yes,2.65,216.25,Wallet,Cancelled,Weather Disruption,
ORD105662,CHERES42DEL02,33,4.7,Chennai,2026-06-13,20:09:00,Sunny,Low,3,Buffet,motorcycle,2,Yes,5.84,366.4,Cash,Delivered,,43.7
ORD104907,BENRES06DEL03,24,4.9,Bengaluru,2026-06-13,20:11:00,Cloudy,Medium,3,Drinks,motorcycle,0,Yes,12.71,222.9,UPI,Delivered,,52.2
ORD104979,CHERES22DEL04,35,4.3,Chennai,2026-06-13,20:11:00,Cloudy,High,1,Buffet,motorcycle,2,Yes,6.14,288.39,UPI,Delivered,,47.8
ORD100377,MUMRES19DEL08,20,4.6,Mumbai,2026-06-13,20:15:00,Windy,Jam,3,Buffet,motorcycle,0,Yes,2.58,622.56,Cash,Delivered,,44.3
ORD104392,PUNRES43DEL06,36,4.8,Pune,2026-06-13,20:22:00,Sandstorms,Low,2,Buffet,motorcycle,0,Yes,5.81,374.5,UPI,Delivered,,38.8
ORD104960,MUMRES13DEL05,27,4.2,Mumbai,2026-06-13,20:29:00,Stormy,Low,1,Drinks,scooter,0,Yes,0.84,186.06,UPI,Delivered,,31.1
ORD103059,BENRES19DEL04,38,4.6,Bengaluru,2026-06-13,20:32:00,Fog,Low,1,Drinks,motorcycle,0,Yes,2.34,232.72,UPI,Delivered,,37.5
ORD104541,MUMRES31DEL05,29,4.9,Mumbai,2026-06-13,20:32:00,Sunny,Medium,2,Snack,bicycle,0,Yes,1.04,285.28,UPI,Delivered,,28.1
ORD102701,KOLRES08DEL04,34,4.6,Kolkata,2026-06-13,20:41:00,Cloudy,Medium,3,Meal,motorcycle,0,Yes,3.12,361.34,UPI,Cancelled,Traffic Delay,
ORD103392,HYDRES41DEL05,18,4.3,Hyderabad,2026-06-13,20:49:00,Cloudy,Jam,2,Drinks,electric_scooter,0,Yes,8.68,165.95,Cash,Delivered,,59.3
ORD105558,BENRES02DEL04,31,4.9,Bengaluru,2026-06-13,20:58:00,Cloudy,Jam,0,Meal,motorcycle,2,Yes,0.97,168.04,UPI,Delivered,,52.1
ORD104804,PUNRES32DEL07,30,4.9,Pune,2026-06-13,21:20:00,Windy,Low,1,Buffet,motorcycle,1,Yes,1.04,307.49,Wallet,Delivered,,29.6
ORD102101,HYDRES26DEL02,22,4.6,Hyderabad,2026-06-13,21:28:00,Sunny,Low,1,Buffet,electric_scooter,1,Yes,4.97,420.23,UPI,Delivered,,39.0
ORD102934,DELRES19DEL06,27,4.2,Delhi,2026-06-13,21:46:00,Sunny,Medium,1,Drinks,electric_scooter,1,Yes,5.06,391.0,Card,Delivered,,37.5
ORD101026,BENRES07DEL02,32,4.3,Bengaluru,2026-06-13,22:05:00,Cloudy,Low,2,Drinks,motorcycle,0,Yes,1.05,179.74,UPI,Delivered,,24.6
ORD101897,BENRES39DEL06,20,4.0,Bengaluru,2026-06-13,22:09:00,Windy,Low,1,Snack,scooter,2,Yes,2.88,271.69,Card,Delivered,,36.1
ORD101189,DELRES44DEL05,25,4.5,Delhi,2026-06-13,22:36:00,Stormy,Jam,0,Drinks,motorcycle,0,Yes,10.69,323.09,UPI,Cancelled,Delivery Partner Unavailable,
ORD105278,DELRES04DEL08,28,4.2,Delhi,2026-06-13,23:54:00,Stormy,Medium,1,Drinks,motorcycle,1,Yes,2.17,323.97,Cash,Delivered,,47.0
ORD100713,DELRES10DEL02,34,4.5,Delhi,2026-06-14,08:30:00,Sunny,Medium,1,Snack,bicycle,1,No,4.06,278.0,Cash,Delivered,,38.4
ORD102746,CHERES33DEL05,30,4.8,Chennai,2026-06-14,09:04:00,Sunny,Low,1,Snack,motorcycle,0,No,3.99,411.49,UPI,Delivered,,25.5
ORD102835,DELRES26DEL06,27,3.9,Delhi,2026-06-14,09:57:00,Sunny,Medium,3,Drinks,scooter,2,No,4.96,80.0,Card,Delivered,,36.9
ORD100378,HYDRES38DEL02,44,4.4,Hyderabad,2026-06-14,11:19:00,Sandstorms,High,1,Buffet,scooter,1,No,4.88,315.84,UPI,Delivered,,42.6
ORD101467,DELRES21DEL05,26,4.5,Delhi,2026-06-14,11:29:00,Windy,High,3,Buffet,electric_scooter,1,No,1.93,115.08,UPI,Delivered,,37.2
ORD105233,CHERES29DEL06,32,4.1,Chennai,2026-06-14,11:49:00,Sunny,Medium,2,Snack,electric_scooter,0,No,4.89,234.67,UPI,Delivered,,26.9
ORD105578,HYDRES44DEL07,30,4.1,Hyderabad,2026-06-14,12:09:00,Sunny,Low,2,Snack,motorcycle,0,No,4.93,235.51,UPI,Delivered,,25.2
ORD103216,DELRES29DEL02,18,4.7,Delhi,2026-06-14,12:35:00,Cloudy,Medium,3,Snack,motorcycle,0,No,5.8,243.83,UPI,Delivered,,35.1
ORD103627,MUMRES12DEL02,25,4.3,Mumbai,2026-06-14,12:38:00,Stormy,Low,3,Drinks,electric_scooter,0,No,2.21,478.75,Card,Delivered,,28.9
ORD105287,KOLRES20DEL05,18,4.6,Kolkata,2026-06-14,12:46:00,Cloudy,Jam,3,Meal,motorcycle,1,No,13.19,220.29,UPI,Cancelled,Restaurant Delay,
ORD100035,BENRES06DEL07,21,4.5,Bengaluru,2026-06-14,13:00:00,Windy,Medium,2,Drinks,scooter,1,No,4.8,144.24,Wallet,Delivered,,39.0
ORD100382,MUMRES06DEL07,31,4.4,Mumbai,2026-06-14,13:06:00,Windy,Low,0,Buffet,motorcycle,0,No,8.15,168.06,Card,Delivered,,29.7
ORD105976,CHERES33DEL01,19,4.7,Chennai,2026-06-14,14:38:00,Sunny,Medium,3,Buffet,motorcycle,1,No,21.36,590.44,UPI,Delivered,,67.2
ORD104146,CHERES05DEL03,33,5.0,Chennai,2026-06-14,14:46:00,Sandstorms,High,3,Snack,scooter,0,No,7.27,125.62,Wallet,Delivered,,54.2
ORD102833,PUNRES33DEL07,25,4.7,Pune,2026-06-14,15:58:00,Windy,Medium,3,Snack,motorcycle,0,No,8.63,277.8,Wallet,Delivered,,40.2
ORD103046,HYDRES20DEL08,27,4.1,Hyderabad,2026-06-14,16:08:00,Stormy,Medium,3,Meal,scooter,0,No,7.52,293.71,Wallet,Delivered,,50.0
ORD101544,DELRES23DEL02,34,4.2,Delhi,2026-06-14,17:16:00,Stormy,Low,0,Meal,motorcycle,0,No,15.22,393.57,UPI,Delivered,,61.1
ORD100216,HYDRES38DEL05,33,4.8,Hyderabad,2026-06-14,17:40:00,Sandstorms,High,3,Buffet,electric_scooter,0,No,4.81,255.6,Cash,Delivered,,39.0
ORD101107,BENRES06DEL08,33,5.0,Bengaluru,2026-06-14,17:52:00,Fog,Medium,2,Snack,motorcycle,0,No,7.3,223.57,UPI,Delivered,,41.6
ORD104432,HYDRES21DEL06,33,4.2,Hyderabad,2026-06-14,18:03:00,Cloudy,Low,2,Meal,bicycle,0,No,1.41,442.77,Wallet,Delivered,,24.7
ORD103325,KOLRES06DEL04,25,4.2,Kolkata,2026-06-14,18:13:00,Cloudy,Medium,1,Buffet,electric_scooter,2,No,6.78,141.45,UPI,Delivered,,42.8
ORD105825,MUMRES39DEL03,38,4.2,Mumbai,2026-06-14,18:23:00,Windy,Low,2,Buffet,motorcycle,2,No,2.26,222.39,Wallet,Delivered,,28.6
ORD104702,DELRES13DEL03,25,4.9,Delhi,2026-06-14,18:31:00,Cloudy,High,1,Meal,scooter,0,No,1.46,267.02,Wallet,Delivered,,28.8
ORD103311,BENRES44DEL04,40,3.8,Bengaluru,2026-06-14,18:45:00,Fog,Medium,0,Buffet,electric_scooter,1,No,4.82,185.64,UPI,Delivered,,35.2
ORD102005,PUNRES35DEL03,24,3.9,Pune,2026-06-14,18:50:00,Sunny,Medium,0,Meal,motorcycle,0,No,1.95,150.82,UPI,Delivered,,27.8
ORD102271,DELRES42DEL01,25,4.5,Delhi,2026-06-14,18:51:00,Sunny,Medium,3,Meal,motorcycle,0,No,5.23,140.98,UPI,Delivered,,29.3
ORD105088,PUNRES21DEL04,25,4.4,Pune,2026-06-14,19:10:00,Sunny,Medium,3,Snack,electric_scooter,1,No,6.83,162.11,Wallet,Delivered,,38.1
ORD101251,BENRES44DEL02,42,3.8,Bengaluru,2026-06-14,19:14:00,Cloudy,High,2,Drinks,motorcycle,2,No,5.45,391.42,UPI,Cancelled,Traffic Delay,
ORD102448,DELRES34DEL01,30,4.4,Delhi,2026-06-14,19:15:00,Sunny,Medium,3,Buffet,scooter,0,No,3.66,203.56,Card,Delivered,,22.8
ORD102075,HYDRES35DEL02,37,4.8,Hyderabad,2026-06-14,19:24:00,Sandstorms,Medium,3,Meal,scooter,0,No,8.82,151.2,UPI,Delivered,,36.6
ORD103944,BENRES23DEL02,34,4.5,Bengaluru,2026-06-14,19:38:00,Windy,High,0,Meal,motorcycle,1,No,4.4,213.56,UPI,Delivered,,39.9
ORD101081,MUMRES29DEL02,18,4.9,Mumbai,2026-06-14,20:00:00,Sunny,Medium,3,Buffet,scooter,1,No,8.5,292.57,UPI,Delivered,,42.6
ORD100691,DELRES23DEL02,28,4.6,Delhi,2026-06-14,20:20:00,Stormy,Medium,0,Buffet,electric_scooter,0,No,5.35,380.33,Card,Cancelled,Customer Cancelled,
ORD105944,HYDRES37DEL06,25,4.4,Hyderabad,2026-06-14,20:34:00,Sandstorms,Medium,3,Meal,bicycle,1,No,2.09,170.5,UPI,Delivered,,40.0
ORD105037,BENRES30DEL06,37,4.0,Bengaluru,2026-06-14,20:47:00,Stormy,High,1,Buffet,scooter,1,No,0.9,243.85,UPI,Delivered,,41.1
ORD102971,HYDRES31DEL05,39,4.4,Hyderabad,2026-06-14,20:54:00,Windy,High,2,Snack,scooter,0,No,2.72,343.8,UPI,Delivered,,38.5
ORD100014,CHERES05DEL03,20,5.0,Chennai,2026-06-14,20:57:00,Cloudy,Medium,1,Buffet,scooter,0,No,3.11,154.25,Card,Delivered,,34.0
ORD102764,MUMRES07DEL01,34,4.7,Mumbai,2026-06-14,20:57:00,Stormy,Low,3,Meal,motorcycle,0,No,3.88,296.51,UPI,Delivered,,36.4
ORD105560,CHERES23DEL08,26,4.3,Chennai,2026-06-14,21:01:00,Cloudy,Medium,0,Drinks,motorcycle,1,No,0.93,313.62,Wallet,Delivered,,28.2
ORD101378,HYDRES01DEL04,30,4.2,Hyderabad,2026-06-14,21:16:00,Sunny,High,2,Buffet,scooter,0,No,4.45,450.94,UPI,Delivered,,34.5
ORD103262,BENRES28DEL04,21,4.3,Bengaluru,2026-06-14,21:17:00,Cloudy,High,1,Drinks,electric_scooter,1,No,5.62,380.23,UPI,Delivered,,46.4
ORD104369,HYDRES19DEL03,27,4.8,Hyderabad,2026-06-14,22:54:00,Fog,High,1,Meal,motorcycle,0,No,2.87,365.32,UPI,Cancelled,Restaurant Delay,
ORD101010,KOLRES01DEL07,27,4.7,Kolkata,2026-06-14,22:57:00,Fog,Low,0,Drinks,electric_scooter,0,No,4.56,134.38,UPI,Delivered,,29.8
ORD103694,KOLRES07DEL06,24,4.4,Kolkata,2026-06-14,23:00:00,Cloudy,Low,2,Meal,motorcycle,3,No,7.55,287.37,Cash,Delivered,,39.1
ORD105206,BENRES13DEL08,34,4.7,Bengaluru,2026-06-14,23:02:00,Sunny,High,1,Snack,motorcycle,0,No,2.19,168.01,UPI,Delivered,,32.0
ORD103468,CHERES14DEL03,22,4.3,Chennai,2026-06-14,23:11:00,Cloudy,Low,1,Meal,motorcycle,0,No,1.57,92.28,Cash,Delivered,,21.8
ORD101438,MUMRES44DEL03,36,4.2,Mumbai,2026-06-14,23:43:00,Sunny,High,1,Snack,scooter,1,No,2.83,443.96,UPI,Delivered,,30.9
ORD105171,CHERES24DEL01,25,4.2,Chennai,2026-06-14,23:52:00,Sunny,High,0,Snack,scooter,0,No,2.32,363.45,UPI,Delivered,,19.9
ORD102454,MUMRES15DEL08,34,4.6,Mumbai,2026-06-15,01:32:00,Sunny,Medium,3,Drinks,motorcycle,1,No,1.73,216.53,UPI,Delivered,,32.8
ORD103967,BENRES12DEL01,42,5.0,Bengaluru,2026-06-15,02:46:00,Cloudy,Medium,0,Meal,motorcycle,3,No,1.14,110.96,Card,Delivered,,37.6
ORD103876,MUMRES02DEL05,27,4.3,Mumbai,2026-06-15,04:50:00,Sunny,Low,2,Buffet,motorcycle,1,No,3.68,510.77,Wallet,Delivered,,31.2
ORD104832,PUNRES12DEL01,24,4.6,Pune,2026-06-15,05:57:00,Sunny,Low,0,Snack,motorcycle,0,No,2.41,184.05,UPI,Delivered,,21.0
ORD102053,DELRES33DEL03,22,4.6,Delhi,2026-06-15,08:14:00,Sunny,High,1,Snack,motorcycle,2,No,2.79,519.5,Cash,Delivered,,40.7
ORD104715,HYDRES10DEL08,23,4.7,Hyderabad,2026-06-15,08:32:00,Fog,Medium,0,Drinks,motorcycle,1,No,1.81,222.13,Cash,Delivered,,36.1
ORD101162,PUNRES06DEL01,28,4.6,Pune,2026-06-15,09:07:00,Cloudy,Low,2,Meal,scooter,3,No,11.48,510.31,Cash,Delivered,,53.8
ORD103182,BENRES40DEL02,30,5.0,Bengaluru,2026-06-15,09:51:00,Sunny,Medium,0,Drinks,electric_scooter,0,No,2.31,102.35,Wallet,Delivered,,32.7
ORD105138,DELRES25DEL06,27,4.1,Delhi,2026-06-15,10:07:00,Stormy,Jam,2,Meal,motorcycle,1,No,1.14,330.66,Card,Delivered,,50.7
ORD104243,CHERES25DEL07,23,4.2,Chennai,2026-06-15,10:36:00,Fog,High,1,Meal,motorcycle,0,No,6.05,344.35,Cash,Delivered,,42.0
ORD105313,MUMRES34DEL02,32,3.6,Mumbai,2026-06-15,11:03:00,Sunny,High,3,Snack,scooter,0,No,2.63,246.46,UPI,Delivered,,25.1
ORD103683,BENRES16DEL04,27,4.2,Bengaluru,2026-06-15,11:23:00,Windy,Medium,1,Snack,motorcycle,0,No,7.64,317.39,Cash,Delivered,,33.9
ORD100307,PUNRES33DEL08,28,4.4,Pune,2026-06-15,11:34:00,Cloudy,Jam,3,Drinks,electric_scooter,1,No,6.37,368.26,Card,Delivered,,49.5
ORD101850,HYDRES09DEL07,21,4.4,Hyderabad,2026-06-15,12:01:00,Windy,Low,3,Snack,scooter,0,No,7.06,264.39,UPI,Delivered,,33.8
ORD102959,KOLRES05DEL05,23,3.7,Kolkata,2026-06-15,12:18:00,Sunny,Medium,3,Meal,electric_scooter,1,No,4.33,373.08,UPI,Delivered,,37.1
ORD104449,KOLRES35DEL07,31,4.1,Kolkata,2026-06-15,12:19:00,Sunny,Low,1,Snack,scooter,1,No,1.03,323.47,Cash,Cancelled,Restaurant Delay,
ORD105964,BENRES13DEL03,33,4.5,Bengaluru,2026-06-15,12:19:00,Sunny,Low,3,Buffet,bicycle,1,No,14.29,148.27,Wallet,Delivered,,46.2
ORD103583,MUMRES07DEL08,33,4.3,Mumbai,2026-06-15,12:25:00,Cloudy,Medium,0,Drinks,motorcycle,0,No,6.48,218.26,Card,Delivered,,21.2
ORD101803,BENRES01DEL07,29,4.6,Bengaluru,2026-06-15,12:45:00,Sunny,High,2,Snack,electric_scooter,1,No,3.05,262.72,UPI,Delivered,,34.8
ORD104849,BENRES28DEL05,27,3.8,Bengaluru,2026-06-15,12:56:00,Cloudy,High,1,Snack,motorcycle,0,No,8.31,447.55,Cash,Delivered,,42.0
ORD100792,MUMRES13DEL04,33,4.1,Mumbai,2026-06-15,13:20:00,Sunny,Jam,2,Meal,scooter,2,No,2.34,220.35,Card,Delivered,,42.7
ORD102432,DELRES32DEL05,23,4.2,Delhi,2026-06-15,13:34:00,Sunny,Medium,1,Drinks,scooter,0,No,3.91,190.38,Card,Delivered,,25.1
ORD104720,MUMRES13DEL01,35,4.4,Mumbai,2026-06-15,13:53:00,Sandstorms,High,3,Buffet,motorcycle,3,No,10.44,182.19,UPI,Cancelled,Restaurant Delay,
ORD105416,PUNRES06DEL02,25,4.5,Pune,2026-06-15,13:54:00,Sunny,Medium,1,Drinks,scooter,0,No,2.42,296.61,Card,Delivered,,22.5
ORD101804,MUMRES23DEL03,28,4.5,Mumbai,2026-06-15,13:56:00,Cloudy,High,3,Snack,scooter,0,No,5.09,211.73,UPI,Cancelled,Traffic Delay,
ORD101039,DELRES38DEL01,31,3.9,Delhi,2026-06-15,14:27:00,Cloudy,High,2,Buffet,scooter,1,No,1.31,187.4,UPI,Delivered,,31.3
ORD105360,DELRES36DEL05,28,4.7,Delhi,2026-06-15,15:29:00,Sunny,Low,3,Snack,bicycle,2,No,8.3,341.26,UPI,Delivered,,37.2
ORD103526,MUMRES18DEL04,32,4.9,Mumbai,2026-06-15,16:56:00,Sunny,Low,2,Snack,motorcycle,0,No,0.8,281.24,Card,Delivered,,12.8
ORD100684,MUMRES31DEL03,23,4.8,Mumbai,2026-06-15,16:59:00,Fog,Medium,3,Drinks,motorcycle,0,No,1.83,179.04,UPI,Delivered,,31.0
ORD104574,CHERES23DEL02,25,3.9,Chennai,2026-06-15,18:15:00,Windy,High,3,Meal,motorcycle,2,No,4.57,588.24,Cash,Delivered,,47.9
ORD102207,BENRES27DEL04,25,4.2,Bengaluru,2026-06-15,18:16:00,Fog,Medium,3,Snack,scooter,0,No,1.53,395.66,Card,Delivered,,32.9
ORD102107,HYDRES10DEL03,33,4.5,Hyderabad,2026-06-15,18:26:00,Sunny,Medium,3,Drinks,motorcycle,0,No,3.56,552.01,UPI,Cancelled,Restaurant Delay,
ORD101406,CHERES18DEL08,29,4.6,Chennai,2026-06-15,18:59:00,Cloudy,Medium,3,Buffet,electric_scooter,0,No,2.75,317.13,UPI,Delivered,,36.8
ORD101301,BENRES31DEL04,27,4.2,Bengaluru,2026-06-15,19:13:00,Sunny,High,0,Buffet,motorcycle,0,No,25.0,387.9,UPI,Delivered,,73.3
ORD100515,HYDRES33DEL03,25,4.0,Hyderabad,2026-06-15,19:16:00,Sandstorms,Low,3,Drinks,motorcycle,0,No,2.03,197.23,Cash,Delivered,,31.0
ORD101829,HYDRES30DEL02,32,4.2,Hyderabad,2026-06-15,19:16:00,Stormy,High,1,Meal,motorcycle,0,No,1.08,220.66,Card,Delivered,,41.4
ORD103386,BENRES06DEL05,25,4.0,Bengaluru,2026-06-15,20:27:00,Sunny,High,1,Drinks,motorcycle,0,No,8.98,406.15,UPI,Delivered,,42.6
ORD105634,BENRES25DEL05,24,4.4,Bengaluru,2026-06-15,20:27:00,Fog,Low,1,Snack,electric_scooter,0,No,1.38,252.51,Cash,Delivered,,23.6
ORD105220,HYDRES22DEL02,27,4.7,Hyderabad,2026-06-15,20:32:00,Sunny,High,1,Buffet,scooter,1,No,20.85,247.28,UPI,Delivered,,65.3
ORD101798,KOLRES43DEL01,37,3.9,Kolkata,2026-06-15,20:42:00,Cloudy,High,3,Buffet,scooter,1,No,2.46,250.77,UPI,Delivered,,36.4
ORD100143,CHERES32DEL04,37,4.1,Chennai,2026-06-15,21:02:00,Sunny,Medium,0,Meal,scooter,0,No,6.52,253.36,Card,Delivered,,32.8
ORD104479,MUMRES02DEL03,26,4.3,Mumbai,2026-06-15,21:05:00,Stormy,Medium,1,Meal,scooter,0,No,3.03,156.88,UPI,Delivered,,35.6
ORD100747,BENRES42DEL07,27,4.5,Bengaluru,2026-06-15,21:32:00,Cloudy,Medium,3,Snack,scooter,0,No,8.31,263.14,UPI,Delivered,,38.2
ORD105019,MUMRES34DEL07,33,4.4,Mumbai,2026-06-15,21:37:00,Sunny,Low,2,Meal,scooter,2,No,4.18,256.72,UPI,Delivered,,35.4
ORD104917,BENRES01DEL05,34,4.5,Bengaluru,2026-06-15,21:46:00,Sunny,High,3,Buffet,motorcycle,2,No,16.71,155.11,UPI,Cancelled,Weather Disruption,
ORD105397,MUMRES02DEL08,20,4.5,Mumbai,2026-06-15,21:50:00,Cloudy,Low,0,Snack,scooter,0,No,8.6,595.75,Wallet,Delivered,,34.2
ORD104071,CHERES21DEL03,23,4.3,Chennai,2026-06-15,21:56:00,Sandstorms,High,2,Meal,motorcycle,1,No,4.5,176.25,Cash,Delivered,,48.1
ORD103964,CHERES33DEL02,31,4.2,Chennai,2026-06-15,22:01:00,Windy,Low,0,Meal,motorcycle,2,No,1.75,159.05,UPI,Delivered,,40.0
ORD102296,BENRES25DEL07,36,4.4,Bengaluru,2026-06-15,22:54:00,Cloudy,Medium,2,Meal,motorcycle,0,No,2.64,328.34,Cash,Delivered,,25.1
ORD104081,MUMRES12DEL04,37,4.2,Mumbai,2026-06-15,23:04:00,Windy,Medium,2,Drinks,scooter,3,No,3.77,246.76,UPI,Delivered,,46.2
ORD105813,DELRES30DEL06,36,4.3,Delhi,2026-06-16,00:09:00,Sunny,High,2,Snack,motorcycle,0,No,6.02,166.46,Card,Delivered,,34.9
ORD103396,HYDRES34DEL06,19,4.2,Hyderabad,2026-06-16,00:18:00,Cloudy,High,1,Snack,scooter,3,No,1.7,323.01,UPI,Cancelled,Customer Cancelled,
ORD103780,HYDRES06DEL08,23,3.8,Hyderabad,2026-06-16,02:35:00,Cloudy,High,0,Snack,scooter,1,No,0.9,537.83,Card,Cancelled,Restaurant Delay,
ORD100189,DELRES04DEL01,23,3.9,Delhi,2026-06-16,07:00:00,Sandstorms,Medium,1,Snack,motorcycle,0,No,5.28,172.74,UPI,Delivered,,34.7
ORD100145,DELRES42DEL06,26,4.7,Delhi,2026-06-16,07:35:00,Cloudy,Low,3,Drinks,motorcycle,1,No,2.82,188.68,UPI,Delivered,,31.5
ORD103196,DELRES42DEL04,36,4.4,Delhi,2026-06-16,09:39:00,Stormy,Medium,1,Snack,motorcycle,3,No,1.91,535.15,Cash,Delivered,,52.4
ORD101277,BENRES09DEL04,38,4.3,Bengaluru,2026-06-16,10:49:00,Windy,Medium,0,Drinks,bicycle,2,No,19.97,293.22,Card,Delivered,,71.2
ORD102027,PUNRES30DEL06,31,4.7,Pune,2026-06-16,11:02:00,Stormy,Medium,3,Drinks,motorcycle,1,No,1.2,184.47,UPI,Delivered,,39.7
ORD104744,HYDRES08DEL08,30,4.8,Hyderabad,2026-06-16,11:19:00,Sunny,Medium,2,Buffet,electric_scooter,0,No,3.12,357.89,UPI,Delivered,,21.3
ORD100729,BENRES33DEL03,36,4.3,Bengaluru,2026-06-16,11:54:00,Sunny,Low,1,Drinks,electric_scooter,0,No,3.1,210.68,Cash,Delivered,,20.2
ORD103343,MUMRES03DEL07,33,4.5,Mumbai,2026-06-16,12:03:00,Sunny,Medium,3,Snack,scooter,1,No,1.61,513.9,UPI,Delivered,,28.7
ORD104200,BENRES32DEL02,34,4.7,Bengaluru,2026-06-16,12:37:00,Cloudy,High,2,Drinks,scooter,0,No,3.8,421.86,Card,Delivered,,36.2
ORD101351,HYDRES13DEL02,28,4.3,Hyderabad,2026-06-16,12:42:00,Stormy,Low,1,Drinks,motorcycle,0,No,1.82,123.45,UPI,Cancelled,Weather Disruption,
ORD103260,DELRES07DEL01,20,4.2,Delhi,2026-06-16,13:50:00,Fog,Medium,2,Meal,scooter,0,No,1.26,339.09,Wallet,Delivered,,33.9
ORD100492,CHERES39DEL05,31,4.5,Chennai,2026-06-16,14:55:00,Windy,High,1,Snack,scooter,0,No,2.99,313.99,Wallet,Delivered,,29.8
ORD102188,BENRES03DEL06,28,4.7,Bengaluru,2026-06-16,15:33:00,Cloudy,Low,2,Meal,motorcycle,0,No,4.83,356.62,UPI,Delivered,,26.5
ORD101768,BENRES43DEL07,30,4.2,Bengaluru,2026-06-16,15:46:00,Sunny,Low,0,Drinks,scooter,0,No,10.03,127.61,UPI,Delivered,,37.6
ORD101013,KOLRES20DEL07,31,4.3,Kolkata,2026-06-16,16:12:00,Sunny,Low,0,Buffet,scooter,1,No,1.71,143.55,UPI,Delivered,,27.8
ORD100785,BENRES03DEL01,31,4.4,Bengaluru,2026-06-16,16:16:00,Cloudy,Medium,1,Meal,scooter,1,No,3.01,252.42,UPI,Delivered,,28.5
ORD102338,CHERES05DEL07,25,4.6,Chennai,2026-06-16,16:52:00,Sunny,Medium,1,Meal,motorcycle,0,No,1.62,505.44,Wallet,Delivered,,29.4
ORD103407,HYDRES01DEL08,27,4.6,Hyderabad,2026-06-16,17:18:00,Sunny,Medium,1,Snack,motorcycle,0,No,3.05,149.13,Card,Delivered,,29.8
ORD102933,BENRES10DEL04,29,4.7,Bengaluru,2026-06-16,17:28:00,Cloudy,High,1,Snack,motorcycle,1,No,2.51,462.31,UPI,Delivered,,37.3
ORD105212,BENRES07DEL07,40,3.6,Bengaluru,2026-06-16,17:47:00,Cloudy,Medium,3,Snack,electric_scooter,2,No,2.08,645.17,UPI,Delivered,,32.3
ORD104994,DELRES41DEL01,28,4.6,Delhi,2026-06-16,17:51:00,Sunny,Medium,3,Meal,motorcycle,1,No,2.55,185.63,Cash,Delivered,,32.2
ORD102323,KOLRES15DEL02,28,4.7,Kolkata,2026-06-16,17:59:00,Sunny,Medium,3,Meal,scooter,1,No,5.36,485.47,Card,Delivered,,34.5
ORD104099,BENRES15DEL01,37,3.9,Bengaluru,2026-06-16,18:02:00,Cloudy,High,1,Buffet,bicycle,1,No,7.29,187.21,Cash,Delivered,,46.7
ORD101245,DELRES02DEL02,19,5.0,Delhi,2026-06-16,18:10:00,Windy,Medium,2,Buffet,electric_scooter,1,No,5.64,247.85,UPI,Delivered,,34.1
ORD102098,BENRES41DEL03,26,4.5,Bengaluru,2026-06-16,18:23:00,Cloudy,Jam,0,Drinks,motorcycle,2,No,12.03,280.6,UPI,Delivered,,60.4
ORD101966,BENRES09DEL06,37,4.2,Bengaluru,2026-06-16,18:25:00,Stormy,Low,1,Meal,electric_scooter,2,No,1.8,264.84,UPI,Delivered,,45.8
ORD105831,DELRES19DEL04,31,4.0,Delhi,2026-06-16,18:32:00,Sunny,Low,0,Drinks,motorcycle,0,No,12.67,540.02,UPI,Delivered,,38.0
ORD103988,CHERES11DEL06,24,4.5,Chennai,2026-06-16,18:36:00,Fog,High,1,Drinks,motorcycle,2,No,8.27,281.21,UPI,Delivered,,53.2
ORD104250,BENRES25DEL04,42,4.2,Bengaluru,2026-06-16,18:39:00,Windy,Medium,2,Drinks,motorcycle,0,No,1.62,319.97,Card,Cancelled,Restaurant Delay,
ORD100434,HYDRES43DEL03,32,5.0,Hyderabad,2026-06-16,18:44:00,Fog,Low,0,Drinks,scooter,0,No,2.93,362.49,Cash,Delivered,,36.3
ORD102068,CHERES17DEL01,32,4.6,Chennai,2026-06-16,19:07:00,Sunny,High,2,Snack,motorcycle,3,No,7.66,326.51,UPI,Delivered,,54.4
ORD101169,BENRES37DEL05,30,4.5,Bengaluru,2026-06-16,19:13:00,Sandstorms,Low,1,Buffet,scooter,1,No,3.98,156.74,Card,Cancelled,Traffic Delay,
ORD100834,MUMRES28DEL02,36,5.0,Mumbai,2026-06-16,19:20:00,Cloudy,High,1,Snack,electric_scooter,1,No,6.72,258.68,UPI,Delivered,,42.6
ORD103088,MUMRES27DEL06,32,4.7,Mumbai,2026-06-16,19:23:00,Fog,Medium,3,Drinks,motorcycle,0,No,6.52,584.1,Cash,Delivered,,37.1
ORD105307,HYDRES42DEL03,21,4.7,Hyderabad,2026-06-16,19:31:00,Cloudy,Medium,0,Buffet,scooter,0,No,4.93,310.28,Cash,Delivered,,35.4
ORD104962,BENRES40DEL04,18,4.2,Bengaluru,2026-06-16,19:46:00,Cloudy,High,0,Snack,motorcycle,0,No,4.18,146.45,UPI,Delivered,,33.2
ORD105226,MUMRES33DEL04,32,4.5,Mumbai,2026-06-16,20:06:00,Sunny,Low,0,Buffet,motorcycle,0,No,2.49,367.07,UPI,Delivered,,21.5
ORD100751,MUMRES08DEL03,27,4.5,Mumbai,2026-06-16,20:12:00,Fog,Low,0,Snack,electric_scooter,0,No,3.44,264.46,UPI,Delivered,,34.3
ORD100518,CHERES02DEL02,27,3.4,Chennai,2026-06-16,20:31:00,Sunny,Medium,2,Meal,electric_scooter,0,No,7.35,402.82,Cash,Delivered,,41.7
ORD101630,DELRES14DEL06,27,4.6,Delhi,2026-06-16,20:49:00,Sunny,Low,0,Meal,motorcycle,0,No,3.44,216.93,UPI,Delivered,,28.7
ORD101506,PUNRES21DEL02,31,4.5,Pune,2026-06-16,20:57:00,Cloudy,Low,3,Snack,motorcycle,0,No,4.36,224.96,Cash,Delivered,,19.3
ORD101586,BENRES07DEL07,30,4.4,Bengaluru,2026-06-16,21:07:00,Sunny,Medium,0,Drinks,motorcycle,1,No,7.62,95.96,Cash,Delivered,,39.2
ORD101493,CHERES24DEL07,28,4.4,Chennai,2026-06-16,21:23:00,Sunny,Medium,0,Drinks,scooter,0,No,1.34,158.78,Wallet,Delivered,,20.2
ORD103592,HYDRES43DEL04,23,4.2,Hyderabad,2026-06-16,22:09:00,Cloudy,Medium,3,Buffet,electric_scooter,0,No,1.63,474.22,Wallet,Delivered,,23.4
ORD100026,HYDRES14DEL02,31,4.3,Hyderabad,2026-06-16,22:32:00,Sunny,Low,0,Buffet,bicycle,1,No,1.6,127.44,UPI,Delivered,,29.0
ORD102375,HYDRES14DEL03,30,4.2,Hyderabad,2026-06-16,22:36:00,Sunny,High,1,Meal,scooter,2,No,3.64,261.41,Card,Delivered,,39.0
ORD105262,DELRES05DEL02,33,4.3,Delhi,2026-06-16,23:22:00,Cloudy,Low,2,Meal,motorcycle,0,No,1.12,456.46,UPI,Delivered,,12.9
ORD105624,CHERES32DEL07,33,4.3,Chennai,2026-06-16,23:38:00,Cloudy,High,0,Snack,motorcycle,2,No,7.04,138.21,UPI,Delivered,,50.7
ORD104819,BENRES32DEL04,31,4.1,Bengaluru,2026-06-17,02:25:00,Sandstorms,High,1,Snack,scooter,0,No,3.33,250.72,Wallet,Cancelled,Customer Cancelled,
ORD101998,BENRES25DEL04,25,4.0,Bengaluru,2026-06-17,04:30:00,Stormy,Low,3,Meal,motorcycle,0,No,2.91,657.76,UPI,Delivered,,32.3
ORD101629,MUMRES27DEL07,34,4.4,Mumbai,2026-06-17,08:21:00,Cloudy,Low,1,Meal,scooter,1,No,8.98,329.04,Card,Delivered,,34.8
ORD103471,CHERES39DEL05,24,4.4,Chennai,2026-06-17,09:02:00,Stormy,Medium,1,Buffet,motorcycle,0,No,12.37,363.35,UPI,Delivered,,58.1
ORD105536,KOLRES02DEL01,25,4.1,Kolkata,2026-06-17,10:14:00,Sandstorms,High,0,Drinks,scooter,1,No,4.77,264.58,UPI,Delivered,,48.7
ORD103078,HYDRES24DEL03,23,4.1,Hyderabad,2026-06-17,11:06:00,Windy,High,0,Snack,scooter,0,No,5.29,500.86,Cash,Delivered,,40.6
ORD104760,MUMRES28DEL07,26,3.9,Mumbai,2026-06-17,11:16:00,Windy,Jam,3,Meal,scooter,1,No,4.56,354.04,UPI,Delivered,,49.1
ORD102564,MUMRES32DEL01,29,4.3,Mumbai,2026-06-17,11:22:00,Sunny,Medium,2,Snack,scooter,0,No,1.33,140.22,UPI,Delivered,,20.0
ORD103354,DELRES43DEL07,21,4.5,Delhi,2026-06-17,11:23:00,Cloudy,Low,1,Drinks,motorcycle,0,No,0.81,352.13,Card,Delivered,,20.0
ORD103511,BENRES37DEL07,30,4.6,Bengaluru,2026-06-17,11:49:00,Sunny,High,1,Snack,motorcycle,2,No,1.12,251.26,UPI,Delivered,,38.1
ORD105597,DELRES23DEL01,20,4.9,Delhi,2026-06-17,12:05:00,Sunny,Low,3,Buffet,bicycle,1,No,3.09,193.12,Cash,Delivered,,24.4
ORD102123,HYDRES33DEL03,26,4.7,Hyderabad,2026-06-17,13:11:00,Fog,Medium,2,Snack,scooter,0,No,8.35,177.1,UPI,Delivered,,39.7
ORD102736,HYDRES29DEL07,28,4.9,Hyderabad,2026-06-17,13:19:00,Cloudy,Medium,0,Buffet,motorcycle,1,No,16.24,217.35,Card,Delivered,,50.6
ORD105101,BENRES07DEL07,31,4.6,Bengaluru,2026-06-17,13:51:00,Sunny,High,3,Drinks,motorcycle,1,No,6.42,431.33,UPI,Delivered,,45.1
ORD103684,BENRES09DEL02,30,5.0,Bengaluru,2026-06-17,13:52:00,Windy,High,1,Drinks,motorcycle,0,No,9.14,220.5,UPI,Delivered,,43.1
ORD105819,PUNRES42DEL03,34,4.5,Pune,2026-06-17,13:58:00,Windy,Medium,3,Drinks,bicycle,0,No,8.36,90.28,UPI,Delivered,,37.8
ORD103191,MUMRES14DEL01,32,4.3,Mumbai,2026-06-17,14:04:00,Sunny,Low,2,Meal,motorcycle,1,No,1.04,496.57,UPI,Delivered,,23.7
ORD104969,KOLRES34DEL07,25,4.5,Kolkata,2026-06-17,14:12:00,Cloudy,Jam,2,Drinks,motorcycle,0,No,4.6,401.16,UPI,Delivered,,43.8
ORD101557,CHERES14DEL06,23,5.0,Chennai,2026-06-17,15:32:00,Windy,Medium,0,Meal,scooter,0,No,2.59,381.24,UPI,Delivered,,32.0
ORD102629,MUMRES22DEL07,20,4.6,Mumbai,2026-06-17,15:46:00,Stormy,Medium,0,Snack,bicycle,0,No,1.74,187.59,Wallet,Delivered,,40.1
ORD105301,MUMRES12DEL07,21,4.6,Mumbai,2026-06-17,16:16:00,Sunny,Low,3,Meal,motorcycle,0,No,13.39,403.41,Wallet,Delivered,,40.4
ORD102347,BENRES07DEL04,32,4.3,Bengaluru,2026-06-17,16:44:00,Cloudy,High,2,Buffet,scooter,0,No,1.71,195.54,UPI,Delivered,,35.3
ORD102735,MUMRES16DEL02,32,5.0,Mumbai,2026-06-17,16:47:00,Stormy,Low,2,Meal,scooter,0,No,3.18,273.25,Card,Cancelled,Customer Cancelled,
ORD103350,PUNRES41DEL04,18,4.3,Pune,2026-06-17,17:13:00,Cloudy,High,0,Snack,motorcycle,0,No,5.66,248.32,Cash,Delivered,,40.2
ORD105146,MUMRES09DEL04,18,4.6,Mumbai,2026-06-17,17:22:00,Sunny,Medium,0,Meal,motorcycle,1,No,2.45,172.91,UPI,Delivered,,33.8
ORD104898,CHERES15DEL01,27,4.3,Chennai,2026-06-17,17:46:00,Fog,Medium,0,Snack,motorcycle,0,No,4.36,140.32,UPI,Delivered,,29.2
ORD102103,DELRES22DEL06,20,4.5,Delhi,2026-06-17,18:15:00,Sunny,High,2,Snack,motorcycle,0,No,1.73,413.54,UPI,Delivered,,25.1
ORD100949,KOLRES13DEL02,32,5.0,Kolkata,2026-06-17,19:10:00,Sunny,Jam,1,Buffet,scooter,3,No,3.41,291.16,UPI,Delivered,,50.1
ORD101148,DELRES23DEL05,29,4.3,Delhi,2026-06-17,19:18:00,Sunny,Medium,0,Buffet,motorcycle,1,No,6.68,323.66,UPI,Delivered,,37.6
ORD101229,BENRES13DEL07,26,4.3,Bengaluru,2026-06-17,19:27:00,Windy,High,0,Meal,motorcycle,0,No,1.43,508.07,UPI,Delivered,,30.2
ORD102947,MUMRES35DEL05,21,4.6,Mumbai,2026-06-17,19:28:00,Sunny,Low,2,Drinks,electric_scooter,1,No,6.53,138.97,UPI,Delivered,,37.8
ORD100390,DELRES25DEL03,34,4.5,Delhi,2026-06-17,19:34:00,Cloudy,Medium,0,Buffet,electric_scooter,0,No,4.06,489.32,Card,Delivered,,34.4
ORD105821,CHERES35DEL05,32,5.0,Chennai,2026-06-17,20:03:00,Sunny,Medium,0,Drinks,bicycle,0,No,4.41,364.76,UPI,Delivered,,30.3
ORD100443,MUMRES03DEL01,27,4.1,Mumbai,2026-06-17,20:08:00,Fog,Medium,2,Snack,bicycle,2,No,7.25,377.39,Wallet,Delivered,,43.5
ORD103737,PUNRES15DEL02,24,4.6,Pune,2026-06-17,20:13:00,Sunny,Low,3,Snack,motorcycle,0,No,1.55,336.63,Wallet,Delivered,,18.7
ORD103518,BENRES11DEL07,33,4.8,Bengaluru,2026-06-17,20:32:00,Cloudy,Low,3,Snack,scooter,0,No,2.01,304.45,Card,Delivered,,23.5
ORD104782,HYDRES14DEL01,35,3.5,Hyderabad,2026-06-17,20:35:00,Cloudy,Low,0,Snack,motorcycle,1,No,3.18,219.5,Wallet,Delivered,,34.1
ORD104528,MUMRES32DEL03,19,4.8,Mumbai,2026-06-17,20:36:00,Windy,Low,0,Buffet,motorcycle,0,No,4.7,295.02,UPI,Delivered,,25.3
ORD101698,BENRES08DEL04,30,4.3,Bengaluru,2026-06-17,20:55:00,Windy,High,0,Snack,scooter,0,No,3.24,145.18,Wallet,Delivered,,36.4
ORD101421,BENRES06DEL04,36,4.5,Bengaluru,2026-06-17,21:35:00,Sunny,High,1,Meal,scooter,2,No,2.99,332.36,Cash,Delivered,,40.5
ORD105986,PUNRES11DEL08,18,4.6,Pune,2026-06-17,21:57:00,Stormy,High,2,Snack,bicycle,0,No,18.39,108.66,UPI,Delivered,,62.3
ORD104434,PUNRES36DEL06,27,4.6,Pune,2026-06-17,22:14:00,Cloudy,Jam,2,Snack,motorcycle,0,No,9.65,361.16,Cash,Delivered,,53.3
ORD103440,HYDRES02DEL03,19,4.1,Hyderabad,2026-06-17,22:35:00,Fog,Low,2,Meal,scooter,0,No,6.7,240.23,UPI,Cancelled,Weather Disruption,
ORD105380,KOLRES36DEL07,28,4.7,Kolkata,2026-06-17,22:35:00,Cloudy,Medium,3,Meal,motorcycle,1,No,8.14,299.84,Cash,Delivered,,42.5
ORD104762,DELRES36DEL02,24,4.9,Delhi,2026-06-17,22:54:00,Sunny,Medium,1,Meal,scooter,0,No,9.28,259.27,UPI,Delivered,,44.2
ORD104379,MUMRES14DEL08,35,3.7,Mumbai,2026-06-17,23:02:00,Fog,Jam,0,Buffet,scooter,0,No,4.48,394.61,UPI,Delivered,,44.1
ORD101748,MUMRES24DEL05,26,4.7,Mumbai,2026-06-17,23:09:00,Sunny,Low,3,Meal,motorcycle,0,No,0.82,433.37,Cash,Delivered,,20.2
ORD100610,HYDRES32DEL03,26,4.4,Hyderabad,2026-06-18,03:32:00,Sunny,Medium,3,Drinks,scooter,3,No,9.97,292.74,UPI,Delivered,,50.3
ORD101412,MUMRES42DEL05,34,4.7,Mumbai,2026-06-18,05:00:00,Fog,High,3,Snack,motorcycle,0,No,1.28,488.84,UPI,Delivered,,32.8
ORD103535,DELRES10DEL05,34,4.2,Delhi,2026-06-18,07:18:00,Sunny,High,1,Buffet,motorcycle,1,No,2.86,217.16,Cash,Delivered,,37.5
ORD105126,BENRES22DEL03,30,5.0,Bengaluru,2026-06-18,08:03:00,Windy,High,1,Drinks,motorcycle,2,No,1.58,211.92,Cash,Cancelled,Restaurant Delay,
ORD101756,BENRES28DEL02,31,4.1,Bengaluru,2026-06-18,11:25:00,Stormy,High,0,Snack,motorcycle,0,No,0.88,420.19,UPI,Delivered,,40.4
ORD102524,HYDRES13DEL04,20,4.6,Hyderabad,2026-06-18,11:59:00,Fog,Medium,2,Meal,motorcycle,1,No,6.7,501.25,Card,Cancelled,Customer Cancelled,
ORD105449,PUNRES21DEL01,29,4.0,Pune,2026-06-18,12:04:00,Cloudy,High,3,Meal,motorcycle,0,No,3.61,422.56,UPI,Delivered,,39.6
ORD103331,DELRES16DEL01,20,4.7,Delhi,2026-06-18,12:26:00,Stormy,Jam,2,Snack,scooter,0,No,1.14,218.49,UPI,Delivered,,44.6
ORD101384,MUMRES04DEL08,31,4.6,Mumbai,2026-06-18,12:54:00,Cloudy,Medium,3,Meal,motorcycle,1,No,1.41,167.58,UPI,Delivered,,32.3
ORD100300,MUMRES44DEL03,28,4.8,Mumbai,2026-06-18,12:58:00,Fog,Low,1,Buffet,motorcycle,1,No,6.68,158.72,UPI,Delivered,,40.5
ORD100979,CHERES02DEL01,28,4.2,Chennai,2026-06-18,13:00:00,Cloudy,Medium,0,Buffet,scooter,0,No,3.52,395.2,Card,Delivered,,31.1
ORD105062,HYDRES12DEL02,26,3.9,Hyderabad,2026-06-18,13:32:00,Cloudy,Low,3,Buffet,motorcycle,1,No,3.37,338.28,Wallet,Delivered,,36.0
ORD102018,BENRES12DEL06,30,4.6,Bengaluru,2026-06-18,13:49:00,Sunny,Jam,3,Drinks,scooter,1,No,6.07,169.69,Cash,Delivered,,47.7
ORD100646,DELRES11DEL06,23,4.0,Delhi,2026-06-18,17:01:00,Cloudy,Medium,3,Buffet,motorcycle,0,No,1.29,290.17,Card,Delivered,,23.0
ORD101832,BENRES23DEL03,31,4.6,Bengaluru,2026-06-18,17:18:00,Fog,Low,2,Snack,scooter,1,No,7.65,209.76,Cash,Delivered,,42.3
ORD102301,KOLRES29DEL04,18,4.1,Kolkata,2026-06-18,17:50:00,Sunny,High,3,Meal,motorcycle,0,No,1.15,296.86,Cash,Cancelled,Traffic Delay,
ORD101706,BENRES29DEL04,22,5.0,Bengaluru,2026-06-18,18:25:00,Sandstorms,Low,3,Drinks,scooter,1,No,8.23,461.98,Wallet,Cancelled,Customer Cancelled,
ORD100255,BENRES09DEL05,33,4.2,Bengaluru,2026-06-18,18:32:00,Cloudy,Medium,0,Snack,motorcycle,0,No,4.78,273.43,Card,Delivered,,25.1
ORD100988,BENRES10DEL03,32,4.9,Bengaluru,2026-06-18,18:32:00,Sunny,Medium,2,Meal,scooter,0,No,18.12,128.31,Card,Delivered,,49.9
ORD105844,HYDRES20DEL06,25,4.9,Hyderabad,2026-06-18,18:48:00,Windy,High,3,Buffet,scooter,2,No,6.34,543.67,UPI,Cancelled,Customer Cancelled,
ORD101718,BENRES44DEL01,23,4.4,Bengaluru,2026-06-18,18:54:00,Windy,High,3,Buffet,motorcycle,3,No,6.02,236.87,UPI,Delivered,,50.6
ORD102145,BENRES06DEL04,35,3.9,Bengaluru,2026-06-18,18:55:00,Fog,High,0,Drinks,scooter,0,No,3.46,103.81,UPI,Delivered,,34.8
ORD103230,BENRES17DEL03,20,4.2,Bengaluru,2026-06-18,18:57:00,Windy,High,2,Meal,bicycle,0,No,10.59,290.13,UPI,Delivered,,47.5
ORD105666,CHERES23DEL08,26,5.0,Chennai,2026-06-18,18:59:00,Cloudy,Medium,3,Snack,motorcycle,2,No,11.64,166.86,UPI,Delivered,,45.4
ORD100410,BENRES09DEL03,21,4.9,Bengaluru,2026-06-18,19:01:00,Sunny,Low,0,Snack,motorcycle,2,No,3.38,313.16,Cash,Delivered,,32.0
ORD102470,MUMRES11DEL04,28,4.4,Mumbai,2026-06-18,19:02:00,Sandstorms,Low,3,Drinks,scooter,2,No,7.03,245.43,UPI,Delivered,,49.6
ORD105591,DELRES25DEL04,23,4.3,Delhi,2026-06-18,19:32:00,Sunny,Medium,0,Snack,motorcycle,1,No,16.76,390.19,Wallet,Delivered,,51.5
ORD102467,DELRES24DEL07,25,4.1,Delhi,2026-06-18,19:44:00,Sunny,High,3,Meal,scooter,0,No,2.25,190.8,UPI,Delivered,,35.5
ORD103509,DELRES26DEL08,30,4.6,Delhi,2026-06-18,19:49:00,Sunny,High,3,Meal,electric_scooter,0,No,4.96,122.87,UPI,Delivered,,32.8
ORD101356,CHERES14DEL08,33,4.3,Chennai,2026-06-18,20:24:00,Stormy,Medium,2,Snack,scooter,2,No,5.08,519.2,UPI,Delivered,,46.4
ORD105382,DELRES32DEL03,32,4.3,Delhi,2026-06-18,20:53:00,Sunny,High,0,Snack,scooter,1,No,10.11,128.31,UPI,Delivered,,45.7
ORD101004,BENRES04DEL04,34,4.0,Bengaluru,2026-06-18,20:56:00,Stormy,High,3,Snack,scooter,0,No,5.75,589.59,UPI,Delivered,,49.8
ORD100896,HYDRES31DEL05,25,4.9,Hyderabad,2026-06-18,21:01:00,Sunny,Medium,0,Buffet,motorcycle,0,No,5.5,280.64,Cash,Delivered,,28.8
ORD104605,DELRES08DEL07,26,4.0,Delhi,2026-06-18,21:54:00,Cloudy,Low,1,Snack,motorcycle,1,No,16.04,107.91,UPI,Delivered,,49.6
ORD103188,DELRES10DEL04,24,4.1,Delhi,2026-06-18,22:51:00,Cloudy,High,3,Buffet,motorcycle,2,No,3.4,437.58,UPI,Delivered,,44.3
ORD103910,BENRES38DEL08,24,4.5,Bengaluru,2026-06-19,01:31:00,Stormy,Medium,2,Buffet,motorcycle,0,No,1.36,407.97,Cash,Cancelled,Traffic Delay,
ORD102472,DELRES05DEL02,22,5.0,Delhi,2026-06-19,04:10:00,Cloudy,Low,0,Drinks,motorcycle,1,No,1.27,465.3,Cash,Delivered,,25.9
ORD104350,CHERES25DEL03,43,4.2,Chennai,2026-06-19,07:47:00,Cloudy,Jam,1,Meal,scooter,0,No,6.96,256.56,Card,Delivered,,50.3
ORD101072,BENRES11DEL03,24,4.1,Bengaluru,2026-06-19,09:24:00,Sunny,Medium,2,Meal,scooter,1,No,10.48,403.59,UPI,Delivered,,45.4
ORD101366,PUNRES01DEL06,26,4.3,Pune,2026-06-19,09:36:00,Cloudy,High,1,Meal,scooter,0,No,11.68,365.75,UPI,Delivered,,43.2
ORD101924,BENRES19DEL08,27,4.2,Bengaluru,2026-06-19,09:52:00,Cloudy,Medium,3,Snack,scooter,0,No,9.21,146.6,UPI,Delivered,,35.4
ORD100823,KOLRES18DEL03,40,4.8,Kolkata,2026-06-19,12:06:00,Stormy,Medium,3,Snack,motorcycle,0,No,5.38,203.06,UPI,Cancelled,Weather Disruption,
ORD100736,MUMRES44DEL03,32,4.1,Mumbai,2026-06-19,12:30:00,Windy,High,0,Buffet,motorcycle,1,No,8.14,402.36,Cash,Delivered,,48.4
ORD105266,KOLRES41DEL01,32,4.8,Kolkata,2026-06-19,12:39:00,Sunny,Low,2,Meal,motorcycle,0,No,0.89,171.09,Cash,Cancelled,Restaurant Delay,
ORD104890,PUNRES38DEL02,22,4.3,Pune,2026-06-19,12:43:00,Stormy,High,1,Buffet,motorcycle,0,No,1.32,457.65,UPI,Delivered,,40.9
ORD100239,BENRES26DEL05,34,4.3,Bengaluru,2026-06-19,12:52:00,Fog,High,3,Drinks,motorcycle,0,No,4.53,122.12,UPI,Delivered,,38.0
ORD103448,BENRES10DEL03,35,4.7,Bengaluru,2026-06-19,13:01:00,Stormy,Medium,0,Drinks,electric_scooter,0,No,6.39,346.3,Wallet,Delivered,,41.4
ORD101606,CHERES44DEL01,18,4.4,Chennai,2026-06-19,13:39:00,Cloudy,Low,1,Snack,scooter,0,No,1.05,746.41,Wallet,Delivered,,18.8
ORD100478,DELRES18DEL02,18,4.4,Delhi,2026-06-19,13:43:00,Fog,Low,1,Snack,motorcycle,1,No,1.6,110.21,UPI,Delivered,,28.1
ORD101295,CHERES31DEL01,25,4.4,Chennai,2026-06-19,14:13:00,Sunny,Low,3,Snack,electric_scooter,0,No,10.74,219.81,Wallet,Delivered,,29.9
ORD104334,PUNRES03DEL05,31,4.7,Pune,2026-06-19,14:17:00,Sunny,Medium,0,Drinks,motorcycle,0,No,12.58,179.86,UPI,Delivered,,39.0
ORD101736,BENRES22DEL08,27,4.8,Bengaluru,2026-06-19,14:27:00,Sunny,Jam,0,Snack,motorcycle,1,No,3.11,161.26,UPI,Delivered,,48.4
ORD102741,BENRES13DEL02,35,4.2,Bengaluru,2026-06-19,14:28:00,Sunny,Low,3,Drinks,scooter,1,No,3.22,454.41,UPI,Delivered,,27.4
ORD102999,CHERES08DEL04,24,5.0,Chennai,2026-06-19,14:47:00,Sunny,Jam,1,Buffet,motorcycle,0,No,4.43,513.48,Card,Delivered,,41.0
ORD103770,MUMRES25DEL04,34,4.2,Mumbai,2026-06-19,15:11:00,Windy,High,0,Meal,motorcycle,0,No,12.25,132.15,UPI,Delivered,,44.7
ORD102723,MUMRES09DEL01,29,4.4,Mumbai,2026-06-19,15:19:00,Windy,High,0,Meal,motorcycle,0,No,5.02,370.67,Card,Delivered,,43.9
ORD100131,HYDRES32DEL05,39,4.1,Hyderabad,2026-06-19,17:04:00,Sunny,Medium,2,Buffet,bicycle,0,No,1.44,126.73,UPI,Delivered,,24.6
ORD101165,HYDRES29DEL05,34,4.1,Hyderabad,2026-06-19,17:34:00,Sunny,Medium,2,Meal,motorcycle,0,No,8.19,379.29,Cash,Delivered,,31.3
ORD104567,MUMRES09DEL04,34,4.4,Mumbai,2026-06-19,18:05:00,Cloudy,Low,3,Snack,motorcycle,1,No,3.15,469.84,Card,Delivered,,31.2
ORD105232,BENRES40DEL08,34,4.2,Bengaluru,2026-06-19,18:23:00,Stormy,Jam,1,Buffet,electric_scooter,0,No,2.79,374.48,UPI,Cancelled,Customer Cancelled,
ORD102420,DELRES15DEL03,24,4.4,Delhi,2026-06-19,18:27:00,Windy,High,0,Meal,electric_scooter,1,No,7.31,185.15,UPI,Delivered,,45.4
ORD101191,MUMRES02DEL06,25,4.5,Mumbai,2026-06-19,18:30:00,Stormy,Medium,2,Buffet,scooter,1,No,8.87,372.43,UPI,Delivered,,49.5
ORD105059,CHERES02DEL04,27,4.5,Chennai,2026-06-19,18:45:00,Sunny,Low,0,Meal,motorcycle,0,No,3.43,108.61,Cash,Delivered,,20.0
ORD103571,MUMRES16DEL06,32,4.5,Mumbai,2026-06-19,18:49:00,Windy,Medium,0,Snack,scooter,1,No,7.91,185.6,Cash,Delivered,,39.5
ORD105178,HYDRES18DEL03,30,4.4,Hyderabad,2026-06-19,18:51:00,Sunny,Low,1,Meal,scooter,1,No,1.33,509.95,Card,Delivered,,25.8
ORD100701,HYDRES10DEL06,28,4.9,Hyderabad,2026-06-19,18:56:00,Cloudy,Jam,0,Snack,electric_scooter,3,No,14.88,328.69,UPI,Delivered,,72.8
ORD101549,CHERES16DEL05,31,4.4,Chennai,2026-06-19,19:02:00,Cloudy,Low,3,Snack,electric_scooter,0,No,2.52,431.78,UPI,Delivered,,29.0
ORD101214,BENRES27DEL05,35,4.4,Bengaluru,2026-06-19,19:04:00,Sunny,Medium,3,Drinks,scooter,0,No,2.23,483.55,Wallet,Delivered,,19.7
ORD103903,CHERES07DEL04,27,4.1,Chennai,2026-06-19,19:14:00,Cloudy,Jam,3,Meal,scooter,0,No,5.62,435.55,UPI,Cancelled,Weather Disruption,
ORD100032,BENRES30DEL08,24,3.8,Bengaluru,2026-06-19,19:24:00,Sunny,Low,1,Meal,scooter,1,No,4.39,269.51,UPI,Delivered,,32.0
ORD103080,CHERES09DEL05,22,4.3,Chennai,2026-06-19,19:33:00,Sunny,Low,3,Snack,motorcycle,1,No,1.9,257.92,UPI,Delivered,,28.1
ORD105542,CHERES27DEL05,21,4.4,Chennai,2026-06-19,19:37:00,Sunny,Low,3,Meal,motorcycle,1,No,2.27,423.55,UPI,Delivered,,24.7
ORD104863,CHERES44DEL04,36,4.4,Chennai,2026-06-19,19:57:00,Cloudy,High,2,Meal,scooter,1,No,2.41,368.19,Wallet,Delivered,,37.6
ORD102093,MUMRES16DEL08,28,4.4,Mumbai,2026-06-19,20:06:00,Windy,Medium,3,Meal,motorcycle,0,No,1.0,124.22,Cash,Delivered,,26.1
ORD105501,BENRES16DEL04,31,4.8,Bengaluru,2026-06-19,20:12:00,Sunny,High,3,Drinks,motorcycle,2,No,8.67,236.99,UPI,Delivered,,45.2
ORD104463,PUNRES21DEL04,28,3.9,Pune,2026-06-19,20:40:00,Sunny,Medium,0,Snack,motorcycle,0,No,4.03,257.84,UPI,Cancelled,Restaurant Delay,
ORD105990,BENRES39DEL07,19,4.6,Bengaluru,2026-06-19,20:42:00,Sunny,Low,0,Meal,scooter,0,No,5.45,128.6,Card,Delivered,,21.2
ORD104756,BENRES09DEL07,39,4.2,Bengaluru,2026-06-19,20:43:00,Cloudy,High,3,Meal,electric_scooter,0,No,5.61,173.11,Cash,Delivered,,35.7
ORD100514,PUNRES17DEL05,23,5.0,Pune,2026-06-19,21:03:00,Windy,Jam,2,Snack,bicycle,1,No,3.97,247.21,Wallet,Delivered,,47.1
ORD102690,HYDRES19DEL03,32,4.7,Hyderabad,2026-06-19,21:18:00,Sunny,Low,1,Meal,motorcycle,1,No,15.6,478.0,Cash,Delivered,,47.2
ORD104161,CHERES22DEL06,29,4.7,Chennai,2026-06-19,21:18:00,Fog,Medium,0,Meal,motorcycle,1,No,13.55,221.87,UPI,Delivered,,53.2
ORD103050,HYDRES38DEL06,28,4.3,Hyderabad,2026-06-19,21:55:00,Sunny,Low,0,Snack,motorcycle,0,No,2.32,133.75,Cash,Delivered,,20.1
ORD104987,BENRES18DEL07,30,4.7,Bengaluru,2026-06-19,22:48:00,Cloudy,Medium,0,Drinks,motorcycle,0,No,11.44,255.37,Cash,Delivered,,39.6
ORD104883,DELRES34DEL04,34,4.8,Delhi,2026-06-19,23:02:00,Sunny,Medium,3,Buffet,scooter,0,No,3.4,603.88,UPI,Delivered,,31.0
ORD101319,DELRES27DEL08,30,4.8,Delhi,2026-06-20,01:00:00,Sunny,Medium,0,Meal,motorcycle,0,No,4.66,430.15,Card,Delivered,,29.0
ORD101150,KOLRES33DEL06,18,5.0,Kolkata,2026-06-20,05:17:00,Sunny,Medium,3,Drinks,motorcycle,1,No,1.35,546.51,UPI,Delivered,,30.2
ORD104134,PUNRES27DEL07,27,3.8,Pune,2026-06-20,07:21:00,Cloudy,Medium,1,Snack,scooter,0,No,3.58,317.01,UPI,Delivered,,24.8
ORD101133,KOLRES38DEL03,36,5.0,Kolkata,2026-06-20,07:48:00,Cloudy,Low,3,Buffet,scooter,2,No,5.53,328.43,UPI,Delivered,,42.2
ORD104050,BENRES19DEL06,25,3.9,Bengaluru,2026-06-20,08:10:00,Cloudy,High,3,Meal,electric_scooter,0,No,9.53,229.19,Wallet,Delivered,,43.4
ORD101042,CHERES04DEL05,27,4.6,Chennai,2026-06-20,09:06:00,Sunny,Low,2,Meal,scooter,1,No,1.72,260.14,Wallet,Delivered,,23.7
ORD102389,PUNRES04DEL07,18,4.2,Pune,2026-06-20,11:40:00,Stormy,Medium,1,Snack,electric_scooter,0,No,5.05,81.51,UPI,Delivered,,40.5
ORD101292,MUMRES01DEL03,33,4.1,Mumbai,2026-06-20,12:15:00,Windy,Low,2,Snack,scooter,2,No,1.04,123.33,Card,Delivered,,31.3
ORD103890,BENRES25DEL03,37,4.0,Bengaluru,2026-06-20,12:31:00,Fog,Medium,1,Snack,bicycle,3,No,12.3,519.93,UPI,Delivered,,51.9
ORD105125,PUNRES02DEL07,22,4.5,Pune,2026-06-20,12:32:00,Sunny,Low,1,Drinks,motorcycle,1,No,1.06,272.84,UPI,Delivered,,27.7
ORD101562,HYDRES40DEL01,33,4.1,Hyderabad,2026-06-20,12:39:00,Sunny,Medium,3,Buffet,electric_scooter,1,No,9.96,296.38,Cash,Delivered,,40.6
ORD100336,HYDRES24DEL03,38,3.4,Hyderabad,2026-06-20,12:58:00,Stormy,Medium,1,Drinks,motorcycle,1,No,3.64,488.95,Cash,Delivered,,40.9
ORD105993,HYDRES11DEL06,34,4.5,Hyderabad,2026-06-20,13:28:00,Windy,Jam,1,Snack,scooter,0,No,4.15,197.09,UPI,Delivered,,43.9
ORD105833,BENRES23DEL05,28,4.1,Bengaluru,2026-06-20,13:34:00,Cloudy,High,3,Drinks,motorcycle,1,No,5.09,138.35,UPI,Cancelled,Restaurant Delay,
ORD101992,BENRES33DEL01,34,4.8,Bengaluru,2026-06-20,14:57:00,Sunny,Low,0,Drinks,motorcycle,0,No,1.45,189.17,UPI,Delivered,,20.2
ORD104495,BENRES38DEL05,27,4.1,Bengaluru,2026-06-20,15:46:00,Sunny,Medium,2,Meal,bicycle,0,No,23.31,450.89,UPI,Delivered,,57.6
ORD100172,HYDRES29DEL02,33,4.2,Hyderabad,2026-06-20,16:11:00,Sandstorms,Low,2,Drinks,motorcycle,1,No,2.47,297.59,UPI,Delivered,,31.3
ORD104747,BENRES37DEL07,43,4.2,Bengaluru,2026-06-20,16:26:00,Sunny,Low,0,Buffet,scooter,0,No,3.24,182.84,UPI,Delivered,,20.9
ORD101337,HYDRES17DEL06,30,4.7,Hyderabad,2026-06-20,17:14:00,Sunny,Jam,0,Meal,motorcycle,1,No,10.4,198.88,UPI,Delivered,,56.7
ORD103950,MUMRES41DEL03,41,4.6,Mumbai,2026-06-20,17:38:00,Sunny,Medium,3,Meal,scooter,0,No,4.25,126.91,UPI,Delivered,,26.6
ORD105454,DELRES24DEL04,30,4.3,Delhi,2026-06-20,18:16:00,Sunny,Medium,3,Buffet,scooter,0,No,1.36,89.61,UPI,Cancelled,Delivery Partner Unavailable,
ORD105747,MUMRES27DEL04,32,3.9,Mumbai,2026-06-20,18:24:00,Sunny,Medium,0,Snack,scooter,0,No,2.65,204.02,UPI,Cancelled,Weather Disruption,
ORD105473,PUNRES44DEL07,30,4.6,Pune,2026-06-20,18:52:00,Windy,Medium,1,Meal,motorcycle,0,No,0.94,362.58,Cash,Delivered,,25.7
ORD105535,KOLRES39DEL01,18,3.9,Kolkata,2026-06-20,18:55:00,Fog,High,0,Buffet,motorcycle,0,No,3.71,321.95,UPI,Delivered,,38.2
ORD101542,DELRES16DEL03,30,4.3,Delhi,2026-06-20,19:03:00,Sunny,High,0,Drinks,motorcycle,0,No,2.94,266.79,Wallet,Delivered,,30.6
ORD104356,MUMRES32DEL07,24,4.0,Mumbai,2026-06-20,19:24:00,Stormy,Jam,1,Snack,electric_scooter,2,No,9.73,733.44,Cash,Delivered,,66.1
ORD101060,MUMRES07DEL08,26,4.5,Mumbai,2026-06-20,19:27:00,Sunny,Low,1,Buffet,electric_scooter,0,No,11.12,569.18,Card,Delivered,,38.2
ORD101535,MUMRES17DEL01,36,4.2,Mumbai,2026-06-20,19:33:00,Sunny,Low,1,Snack,motorcycle,1,No,3.14,253.39,UPI,Delivered,,23.9
ORD104996,BENRES30DEL02,23,4.5,Bengaluru,2026-06-20,19:50:00,Cloudy,Low,1,Drinks,motorcycle,0,No,4.5,781.95,Wallet,Delivered,,29.0
ORD105719,CHERES08DEL03,35,4.1,Chennai,2026-06-20,19:51:00,Cloudy,High,3,Buffet,motorcycle,1,No,1.25,236.98,Cash,Delivered,,37.4
ORD103259,BENRES36DEL08,35,4.4,Bengaluru,2026-06-20,20:27:00,Cloudy,High,3,Buffet,motorcycle,0,No,8.92,356.07,UPI,Delivered,,44.7
ORD101428,DELRES14DEL01,30,4.2,Delhi,2026-06-20,20:31:00,Fog,Low,3,Snack,motorcycle,1,No,4.41,215.14,Cash,Delivered,,32.7
ORD105728,KOLRES40DEL08,28,4.2,Kolkata,2026-06-20,20:41:00,Stormy,Medium,0,Drinks,motorcycle,3,No,15.46,289.46,UPI,Cancelled,Weather Disruption,
ORD101179,HYDRES37DEL07,31,4.3,Hyderabad,2026-06-20,21:40:00,Cloudy,Jam,2,Drinks,electric_scooter,0,No,2.25,254.8,Wallet,Delivered,,36.9
ORD103847,MUMRES13DEL03,18,4.2,Mumbai,2026-06-20,21:52:00,Windy,Medium,3,Drinks,scooter,0,No,1.43,308.63,UPI,Delivered,,26.3
ORD104748,DELRES06DEL06,23,4.2,Delhi,2026-06-20,22:20:00,Cloudy,Medium,0,Meal,motorcycle,0,No,6.53,288.63,UPI,Delivered,,36.8
ORD102180,PUNRES14DEL01,27,4.8,Pune,2026-06-20,22:34:00,Sunny,Medium,2,Meal,electric_scooter,0,No,4.5,327.77,UPI,Delivered,,20.6
ORD102081,KOLRES41DEL08,30,4.8,Kolkata,2026-06-20,22:54:00,Sunny,High,3,Snack,scooter,0,No,6.87,295.77,UPI,Delivered,,42.1
ORD101979,CHERES30DEL07,30,4.3,Chennai,2026-06-21,06:27:00,Fog,Low,3,Meal,motorcycle,1,No,2.36,195.43,Wallet,Delivered,,36.7
ORD104617,PUNRES15DEL01,30,4.0,Pune,2026-06-21,07:27:00,Sunny,Medium,1,Drinks,motorcycle,0,No,4.53,413.48,UPI,Delivered,,33.2
ORD105686,BENRES02DEL02,25,4.3,Bengaluru,2026-06-21,07:34:00,Fog,High,0,Meal,motorcycle,0,No,2.68,296.54,UPI,Delivered,,38.7
ORD104626,HYDRES44DEL03,29,4.2,Hyderabad,2026-06-21,09:16:00,Sunny,Jam,1,Drinks,electric_scooter,0,No,6.71,469.61,Card,Delivered,,42.7
ORD101774,KOLRES11DEL03,27,4.4,Kolkata,2026-06-21,09:37:00,Stormy,Medium,1,Drinks,motorcycle,2,No,1.36,178.94,UPI,Delivered,,41.4
ORD104724,HYDRES28DEL01,24,4.4,Hyderabad,2026-06-21,10:36:00,Windy,Medium,1,Meal,motorcycle,0,No,3.2,322.21,UPI,Delivered,,31.7
ORD104190,CHERES12DEL06,31,4.3,Chennai,2026-06-21,10:48:00,Sunny,Medium,1,Meal,electric_scooter,0,No,4.75,252.93,Card,Delivered,,25.4
ORD101279,DELRES36DEL08,30,4.3,Delhi,2026-06-21,11:08:00,Sunny,Medium,0,Meal,motorcycle,1,No,1.18,392.75,Cash,Cancelled,Delivery Partner Unavailable,
ORD103253,PUNRES05DEL06,29,4.1,Pune,2026-06-21,11:18:00,Windy,High,0,Snack,motorcycle,0,No,4.24,196.6,UPI,Delivered,,40.0
ORD103373,DELRES34DEL03,28,4.3,Delhi,2026-06-21,11:21:00,Sunny,Medium,1,Buffet,motorcycle,1,No,2.67,374.02,Wallet,Delivered,,28.9
ORD101021,HYDRES35DEL06,35,4.7,Hyderabad,2026-06-21,12:12:00,Sunny,Low,1,Buffet,bicycle,1,No,8.12,496.1,UPI,Delivered,,39.8
ORD100029,DELRES15DEL04,32,4.6,Delhi,2026-06-21,12:33:00,Cloudy,High,1,Meal,electric_scooter,1,No,1.23,249.75,UPI,Delivered,,33.3
ORD103701,BENRES01DEL01,20,3.9,Bengaluru,2026-06-21,12:41:00,Sunny,High,3,Snack,motorcycle,0,No,5.67,415.82,UPI,Delivered,,34.9
ORD100700,MUMRES04DEL04,25,5.0,Mumbai,2026-06-21,13:53:00,Windy,Medium,0,Meal,electric_scooter,1,No,8.39,209.66,UPI,Delivered,,32.9
ORD101969,BENRES13DEL02,31,4.5,Bengaluru,2026-06-21,14:19:00,Cloudy,Low,3,Drinks,motorcycle,1,No,1.6,109.34,Card,Delivered,,28.2
ORD103339,HYDRES28DEL06,29,4.5,Hyderabad,2026-06-21,14:25:00,Cloudy,Jam,2,Snack,motorcycle,1,No,1.9,150.78,UPI,Cancelled,Traffic Delay,
ORD104133,CHERES18DEL06,35,4.4,Chennai,2026-06-21,14:31:00,Sunny,Low,1,Meal,motorcycle,0,No,3.38,485.49,Wallet,Cancelled,Traffic Delay,
ORD102952,MUMRES17DEL04,23,4.4,Mumbai,2026-06-21,14:52:00,Cloudy,Medium,2,Snack,scooter,0,No,6.64,147.86,UPI,Delivered,,30.9
ORD105283,MUMRES36DEL06,40,4.5,Mumbai,2026-06-21,15:03:00,Cloudy,Jam,2,Drinks,motorcycle,2,No,2.22,224.99,UPI,Delivered,,44.5
ORD101297,HYDRES28DEL03,29,4.5,Hyderabad,2026-06-21,15:08:00,Cloudy,High,2,Meal,scooter,0,No,1.93,244.04,UPI,Delivered,,31.4
ORD101126,KOLRES07DEL06,38,4.7,Kolkata,2026-06-21,15:22:00,Sunny,Low,0,Drinks,scooter,1,No,7.42,280.74,Cash,Delivered,,30.6
ORD102733,DELRES14DEL04,25,4.1,Delhi,2026-06-21,15:53:00,Sunny,Medium,3,Meal,bicycle,0,No,7.0,91.9,Wallet,Delivered,,34.9
ORD104328,DELRES02DEL06,22,3.9,Delhi,2026-06-21,16:56:00,Windy,Medium,1,Buffet,bicycle,3,No,1.85,261.41,Wallet,Delivered,,39.8
ORD105200,BENRES20DEL02,20,4.2,Bengaluru,2026-06-21,17:00:00,Sunny,High,3,Snack,motorcycle,1,No,1.62,185.88,Card,Delivered,,36.3
ORD103507,MUMRES11DEL08,33,4.2,Mumbai,2026-06-21,17:04:00,Windy,High,3,Snack,electric_scooter,0,No,5.09,531.17,UPI,Delivered,,44.9
ORD100595,BENRES10DEL07,26,4.8,Bengaluru,2026-06-21,17:25:00,Fog,Medium,3,Meal,scooter,1,No,5.86,271.0,Card,Cancelled,Restaurant Delay,
ORD101568,PUNRES23DEL05,41,4.0,Pune,2026-06-21,18:31:00,Fog,Medium,2,Meal,scooter,1,No,4.45,338.6,Cash,Delivered,,40.0
ORD103235,MUMRES28DEL07,27,4.6,Mumbai,2026-06-21,18:38:00,Sunny,Low,0,Meal,scooter,1,No,8.01,208.33,Cash,Delivered,,36.6
ORD102635,PUNRES07DEL04,38,4.0,Pune,2026-06-21,18:45:00,Sunny,Medium,1,Buffet,scooter,1,No,3.87,192.46,Card,Delivered,,36.9
ORD105457,PUNRES40DEL01,29,4.5,Pune,2026-06-21,19:01:00,Fog,Jam,0,Drinks,motorcycle,0,No,11.52,202.51,UPI,Cancelled,Weather Disruption,
ORD101014,HYDRES27DEL07,24,4.3,Hyderabad,2026-06-21,19:05:00,Windy,Medium,3,Buffet,motorcycle,0,No,5.69,518.24,Wallet,Delivered,,35.4
ORD100638,PUNRES41DEL06,26,5.0,Pune,2026-06-21,19:15:00,Sunny,Low,3,Drinks,scooter,0,No,5.79,129.2,UPI,Delivered,,25.1
ORD102459,HYDRES07DEL04,24,4.5,Hyderabad,2026-06-21,19:15:00,Sunny,Medium,1,Drinks,electric_scooter,0,No,7.91,277.9,Card,Delivered,,39.1
ORD104197,HYDRES38DEL02,19,4.1,Hyderabad,2026-06-21,19:15:00,Sunny,High,0,Meal,motorcycle,0,No,4.3,351.47,Card,Delivered,,32.2
ORD104420,CHERES11DEL07,29,4.9,Chennai,2026-06-21,19:16:00,Sunny,High,1,Snack,motorcycle,1,No,14.81,204.4,UPI,Delivered,,55.2
ORD101761,BENRES15DEL05,35,4.3,Bengaluru,2026-06-21,19:17:00,Cloudy,Low,1,Drinks,motorcycle,0,No,3.73,276.69,UPI,Delivered,,21.0
ORD105133,BENRES29DEL06,33,4.7,Bengaluru,2026-06-21,19:23:00,Sunny,Medium,2,Drinks,electric_scooter,0,No,2.58,406.29,Cash,Delivered,,18.8
ORD102557,HYDRES27DEL07,27,4.0,Hyderabad,2026-06-21,19:24:00,Cloudy,Low,0,Drinks,motorcycle,0,No,0.92,305.74,UPI,Delivered,,18.4
ORD103451,DELRES44DEL06,34,5.0,Delhi,2026-06-21,19:35:00,Cloudy,Low,1,Buffet,motorcycle,2,No,4.38,530.34,Cash,Cancelled,Restaurant Delay,
ORD102381,BENRES35DEL08,30,4.4,Bengaluru,2026-06-21,19:46:00,Sunny,Low,1,Snack,motorcycle,2,No,11.88,431.42,UPI,Delivered,,44.1
ORD101062,BENRES35DEL08,29,4.6,Bengaluru,2026-06-21,19:50:00,Sunny,Low,3,Drinks,motorcycle,0,No,4.29,311.09,UPI,Delivered,,27.0
ORD105073,HYDRES26DEL08,18,4.6,Hyderabad,2026-06-21,19:51:00,Cloudy,High,3,Meal,motorcycle,1,No,15.7,197.61,Wallet,Delivered,,56.3
ORD105800,PUNRES42DEL05,27,3.9,Pune,2026-06-21,19:53:00,Fog,Low,0,Buffet,motorcycle,1,No,1.13,430.73,Cash,Delivered,,24.2
ORD102585,HYDRES18DEL01,34,4.9,Hyderabad,2026-06-21,20:24:00,Sunny,Medium,2,Meal,scooter,1,No,7.59,292.94,UPI,Delivered,,41.9
ORD100058,MUMRES02DEL04,31,3.9,Mumbai,2026-06-21,20:35:00,Windy,Medium,2,Snack,scooter,0,No,2.11,133.51,UPI,Delivered,,29.5
ORD104918,MUMRES38DEL07,28,4.5,Mumbai,2026-06-21,21:03:00,Fog,Medium,2,Snack,scooter,0,No,2.69,312.33,UPI,Delivered,,35.4
ORD105336,CHERES16DEL07,35,5.0,Chennai,2026-06-21,21:27:00,Cloudy,Low,2,Drinks,scooter,1,No,1.55,184.78,UPI,Delivered,,24.6
ORD104458,HYDRES20DEL05,29,4.3,Hyderabad,2026-06-21,21:42:00,Windy,Medium,2,Buffet,motorcycle,0,No,6.58,281.87,Wallet,Delivered,,31.5
ORD104560,KOLRES40DEL03,28,4.5,Kolkata,2026-06-21,22:01:00,Sunny,Medium,0,Drinks,motorcycle,0,No,7.36,337.16,UPI,Delivered,,25.3
ORD102009,HYDRES34DEL05,29,4.1,Hyderabad,2026-06-21,22:35:00,Fog,High,2,Snack,electric_scooter,1,No,5.51,227.22,UPI,Delivered,,47.1
ORD101395,BENRES13DEL05,35,5.0,Bengaluru,2026-06-21,23:35:00,Windy,High,1,Buffet,electric_scooter,0,No,3.12,156.08,Wallet,Delivered,,38.2
ORD104474,BENRES10DEL03,35,3.9,Bengaluru,2026-06-21,23:49:00,Fog,High,0,Drinks,motorcycle,2,No,8.42,236.65,UPI,Cancelled,Delivery Partner Unavailable,
ORD100607,BENRES06DEL06,23,4.2,Bengaluru,2026-06-22,05:09:00,Cloudy,Medium,0,Meal,motorcycle,0,No,1.04,283.23,Card,Delivered,,28.4
ORD103321,MUMRES39DEL05,27,3.9,Mumbai,2026-06-22,05:20:00,Cloudy,Medium,2,Drinks,bicycle,2,No,10.62,241.74,UPI,Delivered,,49.0
ORD101427,PUNRES21DEL07,30,3.9,Pune,2026-06-22,07:09:00,Sunny,Low,2,Buffet,electric_scooter,1,No,8.92,210.24,Card,Delivered,,34.0
ORD103698,MUMRES21DEL07,23,4.2,Mumbai,2026-06-22,08:28:00,Cloudy,Low,1,Snack,scooter,1,No,1.22,550.73,Cash,Delivered,,28.2
ORD105657,PUNRES26DEL04,26,4.1,Pune,2026-06-22,08:51:00,Cloudy,Medium,3,Drinks,scooter,0,No,1.25,441.62,UPI,Delivered,,32.0
ORD100140,CHERES09DEL01,35,4.3,Chennai,2026-06-22,10:05:00,Sandstorms,Medium,2,Meal,motorcycle,0,No,5.63,275.57,UPI,Delivered,,31.5
ORD101914,CHERES01DEL03,22,4.4,Chennai,2026-06-22,10:30:00,Sunny,High,3,Drinks,scooter,1,No,2.55,723.08,Cash,Delivered,,35.5
ORD103666,KOLRES36DEL08,22,4.6,Kolkata,2026-06-22,11:42:00,Sunny,Low,3,Snack,bicycle,0,No,5.2,379.91,UPI,Delivered,,27.0
ORD102950,BENRES16DEL05,28,3.9,Bengaluru,2026-06-22,11:49:00,Cloudy,Low,1,Meal,motorcycle,0,No,3.37,224.92,UPI,Delivered,,26.6
ORD101683,DELRES33DEL08,29,4.7,Delhi,2026-06-22,11:50:00,Sunny,Jam,3,Snack,motorcycle,1,No,1.1,192.89,UPI,Cancelled,Customer Cancelled,
ORD100124,DELRES41DEL06,29,4.7,Delhi,2026-06-22,12:04:00,Cloudy,Medium,3,Meal,scooter,1,No,7.77,329.9,Card,Delivered,,42.6
ORD101653,BENRES43DEL03,25,4.3,Bengaluru,2026-06-22,12:08:00,Cloudy,Medium,1,Drinks,motorcycle,1,No,6.61,331.79,Cash,Delivered,,42.1
ORD101061,BENRES14DEL08,24,4.8,Bengaluru,2026-06-22,12:49:00,Sunny,Medium,1,Snack,motorcycle,0,No,2.34,374.58,UPI,Delivered,,21.9
ORD101615,CHERES08DEL05,31,4.4,Chennai,2026-06-22,13:03:00,Sunny,Medium,3,Snack,motorcycle,1,No,3.47,358.01,Cash,Delivered,,37.7
ORD101991,BENRES07DEL07,18,4.1,Bengaluru,2026-06-22,13:23:00,Sunny,Low,0,Meal,electric_scooter,0,No,1.99,361.05,UPI,Delivered,,20.3
ORD102589,CHERES18DEL06,32,4.3,Chennai,2026-06-22,13:42:00,Sunny,High,0,Meal,motorcycle,0,No,1.27,486.84,Cash,Delivered,,35.6
ORD103205,MUMRES43DEL06,31,4.7,Mumbai,2026-06-22,14:59:00,Cloudy,High,0,Snack,motorcycle,0,No,6.34,360.62,UPI,Delivered,,36.5
ORD103218,BENRES23DEL02,26,4.5,Bengaluru,2026-06-22,15:30:00,Sunny,High,0,Snack,motorcycle,0,No,1.29,213.53,UPI,Cancelled,Restaurant Delay,
ORD103121,BENRES32DEL07,18,4.9,Bengaluru,2026-06-22,15:50:00,Sunny,Low,0,Meal,scooter,1,No,1.19,495.0,UPI,Delivered,,29.3
ORD105699,BENRES06DEL06,23,3.9,Bengaluru,2026-06-22,15:57:00,Sunny,Low,0,Drinks,scooter,1,No,25.0,169.13,UPI,Delivered,,62.9
ORD102166,KOLRES02DEL01,26,4.8,Kolkata,2026-06-22,15:59:00,Cloudy,Medium,1,Drinks,scooter,0,No,8.91,255.03,UPI,Delivered,,36.7
ORD102275,DELRES29DEL04,23,4.1,Delhi,2026-06-22,17:01:00,Cloudy,Medium,3,Drinks,scooter,1,No,3.2,232.04,UPI,Delivered,,28.0
ORD103951,HYDRES05DEL02,30,4.4,Hyderabad,2026-06-22,17:46:00,Stormy,Low,1,Drinks,scooter,0,No,1.62,238.67,UPI,Delivered,,35.0
ORD105553,MUMRES40DEL02,27,4.2,Mumbai,2026-06-22,17:46:00,Sunny,Jam,1,Drinks,motorcycle,0,No,3.48,138.6,UPI,Delivered,,40.6
ORD105569,HYDRES40DEL07,29,4.9,Hyderabad,2026-06-22,17:59:00,Sunny,Low,1,Meal,motorcycle,1,No,3.94,126.91,UPI,Delivered,,32.2
ORD102383,DELRES21DEL04,19,4.0,Delhi,2026-06-22,18:18:00,Cloudy,Low,1,Drinks,scooter,0,No,5.95,349.31,Card,Delivered,,26.8
ORD104070,CHERES30DEL08,37,4.7,Chennai,2026-06-22,18:27:00,Sunny,Medium,0,Meal,electric_scooter,1,No,5.68,307.77,Cash,Delivered,,37.0
ORD101671,MUMRES13DEL07,24,4.4,Mumbai,2026-06-22,18:51:00,Cloudy,Low,2,Snack,motorcycle,1,No,1.54,563.32,UPI,Delivered,,24.2
ORD101763,HYDRES20DEL07,21,4.4,Hyderabad,2026-06-22,18:53:00,Windy,Medium,0,Meal,scooter,0,No,3.04,177.66,UPI,Delivered,,25.8
ORD105466,HYDRES42DEL01,34,4.2,Hyderabad,2026-06-22,18:53:00,Cloudy,Low,2,Drinks,motorcycle,0,No,9.71,456.42,Cash,Delivered,,32.5
ORD103642,CHERES26DEL05,31,4.3,Chennai,2026-06-22,19:01:00,Sunny,Low,0,Meal,motorcycle,0,No,1.91,383.14,UPI,Delivered,,22.0
ORD100659,DELRES29DEL02,44,4.1,Delhi,2026-06-22,19:17:00,Sunny,High,1,Snack,motorcycle,1,No,8.54,292.02,Cash,Delivered,,48.5
ORD101157,DELRES32DEL05,25,4.0,Delhi,2026-06-22,19:17:00,Cloudy,Medium,1,Meal,bicycle,0,No,7.24,142.36,Wallet,Delivered,,34.1
ORD100741,MUMRES17DEL02,24,4.3,Mumbai,2026-06-22,19:25:00,Cloudy,High,2,Meal,scooter,1,No,3.03,158.11,Card,Delivered,,42.4
ORD101433,BENRES29DEL04,28,4.3,Bengaluru,2026-06-22,20:01:00,Sandstorms,High,0,Meal,motorcycle,0,No,3.14,235.37,Wallet,Delivered,,42.3
ORD100318,DELRES36DEL06,22,4.7,Delhi,2026-06-22,20:08:00,Sunny,Medium,0,Snack,motorcycle,1,No,1.22,321.26,Cash,Delivered,,28.2
ORD103572,CHERES41DEL08,25,4.4,Chennai,2026-06-22,20:16:00,Windy,High,1,Snack,motorcycle,0,No,4.26,314.62,Wallet,Delivered,,39.0
ORD105590,DELRES12DEL01,32,4.3,Delhi,2026-06-22,20:44:00,Cloudy,Medium,0,Buffet,electric_scooter,0,No,3.01,567.79,UPI,Delivered,,22.1
ORD105340,HYDRES34DEL03,27,3.8,Hyderabad,2026-06-22,20:49:00,Stormy,Medium,0,Meal,scooter,1,No,5.25,584.43,Wallet,Delivered,,47.1
ORD101104,CHERES12DEL04,28,4.5,Chennai,2026-06-22,21:08:00,Windy,Medium,3,Meal,scooter,1,No,1.62,80.0,Cash,Delivered,,35.4
ORD105816,CHERES32DEL04,19,4.6,Chennai,2026-06-22,22:01:00,Stormy,Low,2,Buffet,electric_scooter,3,No,1.47,287.58,Wallet,Delivered,,41.6
ORD100120,DELRES09DEL06,32,3.5,Delhi,2026-06-22,22:13:00,Sandstorms,Low,2,Buffet,electric_scooter,0,No,12.87,396.41,UPI,Delivered,,50.2
ORD102984,HYDRES36DEL08,35,3.5,Hyderabad,2026-06-23,05:34:00,Sunny,Medium,2,Drinks,electric_scooter,0,No,1.36,451.68,UPI,Delivered,,27.2
ORD100185,MUMRES25DEL05,33,4.5,Mumbai,2026-06-23,06:14:00,Cloudy,Low,0,Meal,motorcycle,0,No,2.03,147.15,Cash,Delivered,,24.7
ORD104622,CHERES40DEL01,24,5.0,Chennai,2026-06-23,07:30:00,Cloudy,High,1,Snack,electric_scooter,3,No,5.05,381.89,UPI,Delivered,,49.1
ORD103974,CHERES37DEL06,18,4.9,Chennai,2026-06-23,07:37:00,Stormy,Low,2,Drinks,scooter,0,No,1.49,196.02,UPI,Delivered,,31.0
ORD105898,MUMRES44DEL03,25,3.7,Mumbai,2026-06-23,07:47:00,Fog,Medium,1,Meal,motorcycle,1,No,4.13,394.69,Cash,Delivered,,40.7
ORD103759,HYDRES11DEL05,33,4.1,Hyderabad,2026-06-23,08:05:00,Sunny,High,3,Buffet,scooter,0,No,0.94,412.47,UPI,Delivered,,30.7
ORD100868,PUNRES05DEL04,22,4.3,Pune,2026-06-23,09:06:00,Cloudy,Medium,2,Meal,electric_scooter,0,No,8.34,361.54,UPI,Delivered,,39.5
ORD102912,HYDRES43DEL04,36,3.5,Hyderabad,2026-06-23,09:34:00,Cloudy,Low,2,Meal,motorcycle,3,No,4.73,234.75,UPI,Delivered,,36.1
ORD102329,HYDRES26DEL08,29,4.3,Hyderabad,2026-06-23,10:00:00,Cloudy,Low,2,Snack,scooter,0,No,11.41,363.38,Cash,Delivered,,36.8
ORD105906,CHERES44DEL05,43,4.5,Chennai,2026-06-23,10:59:00,Sunny,High,0,Buffet,motorcycle,1,No,11.2,296.06,Cash,Delivered,,48.7
ORD103019,MUMRES03DEL01,26,4.5,Mumbai,2026-06-23,11:43:00,Windy,Medium,2,Drinks,motorcycle,1,No,1.17,339.98,UPI,Delivered,,30.1
ORD102196,KOLRES30DEL04,27,4.8,Kolkata,2026-06-23,12:28:00,Fog,Medium,1,Snack,motorcycle,1,No,1.35,248.27,UPI,Cancelled,Customer Cancelled,
ORD101779,DELRES30DEL07,26,4.6,Delhi,2026-06-23,12:38:00,Sunny,High,2,Drinks,motorcycle,0,No,1.62,178.69,UPI,Delivered,,23.0
ORD105727,BENRES37DEL08,35,3.8,Bengaluru,2026-06-23,12:45:00,Stormy,Jam,0,Meal,motorcycle,0,No,3.15,478.32,Cash,Cancelled,Weather Disruption,
ORD104163,DELRES09DEL04,31,4.4,Delhi,2026-06-23,12:46:00,Stormy,High,3,Drinks,scooter,2,No,3.05,265.12,UPI,Delivered,,44.0
ORD100627,HYDRES30DEL06,18,4.6,Hyderabad,2026-06-23,12:59:00,Sunny,High,3,Buffet,motorcycle,0,No,4.02,407.92,UPI,Delivered,,37.9
ORD101518,BENRES21DEL02,23,4.9,Bengaluru,2026-06-23,13:06:00,Cloudy,High,3,Drinks,motorcycle,1,No,1.7,212.82,Card,Delivered,,35.6
ORD100151,KOLRES40DEL02,27,5.0,Kolkata,2026-06-23,13:18:00,Cloudy,High,1,Drinks,scooter,0,No,6.39,233.99,UPI,Delivered,,36.9
ORD100166,CHERES25DEL01,32,4.2,Chennai,2026-06-23,14:39:00,Cloudy,High,1,Meal,motorcycle,0,No,0.92,185.71,UPI,Delivered,,22.8
ORD103665,HYDRES44DEL08,27,4.0,Hyderabad,2026-06-23,14:39:00,Sunny,High,2,Buffet,bicycle,1,No,1.09,254.79,Wallet,Delivered,,33.2
ORD101818,BENRES19DEL07,31,4.6,Bengaluru,2026-06-23,15:07:00,Cloudy,Low,0,Snack,motorcycle,1,No,1.55,343.9,UPI,Cancelled,Customer Cancelled,
ORD103201,MUMRES13DEL05,23,4.2,Mumbai,2026-06-23,15:38:00,Windy,Jam,3,Snack,motorcycle,0,No,1.02,140.73,UPI,Delivered,,42.8
ORD100447,BENRES24DEL04,18,4.3,Bengaluru,2026-06-23,16:03:00,Cloudy,High,1,Snack,scooter,2,No,6.92,268.63,UPI,Delivered,,43.7
ORD100731,BENRES14DEL03,32,4.2,Bengaluru,2026-06-23,16:40:00,Fog,Low,2,Meal,motorcycle,1,No,1.83,505.48,Cash,Delivered,,29.2
ORD102224,HYDRES32DEL05,21,4.3,Hyderabad,2026-06-23,17:07:00,Sunny,Medium,1,Drinks,electric_scooter,2,No,8.1,218.76,Card,Delivered,,50.4
ORD100341,BENRES25DEL06,28,4.2,Bengaluru,2026-06-23,17:26:00,Sunny,High,3,Drinks,electric_scooter,1,No,1.07,294.07,UPI,Cancelled,Weather Disruption,
ORD105452,MUMRES26DEL01,30,4.4,Mumbai,2026-06-23,17:36:00,Windy,Medium,1,Snack,motorcycle,2,No,8.72,437.58,Cash,Delivered,,42.5
ORD105169,BENRES01DEL05,24,4.9,Bengaluru,2026-06-23,17:39:00,Sunny,Low,3,Snack,scooter,1,No,1.58,678.81,UPI,Delivered,,21.2
ORD102992,BENRES38DEL07,27,4.4,Bengaluru,2026-06-23,18:33:00,Sunny,Low,1,Buffet,scooter,1,No,6.25,545.86,UPI,Delivered,,27.8
ORD102261,KOLRES34DEL03,25,4.3,Kolkata,2026-06-23,18:46:00,Cloudy,Low,1,Buffet,motorcycle,0,No,6.63,216.08,Card,Delivered,,32.5
ORD102427,DELRES42DEL07,33,5.0,Delhi,2026-06-23,18:52:00,Stormy,High,0,Drinks,motorcycle,1,No,2.54,174.54,Card,Delivered,,48.7
ORD104664,BENRES38DEL06,30,5.0,Bengaluru,2026-06-23,19:10:00,Sunny,High,1,Drinks,motorcycle,0,No,5.25,237.63,Card,Delivered,,37.0
ORD102583,CHERES39DEL08,40,4.5,Chennai,2026-06-23,19:20:00,Cloudy,Jam,3,Drinks,scooter,1,No,5.47,352.88,UPI,Cancelled,Weather Disruption,
ORD103120,HYDRES40DEL07,24,4.3,Hyderabad,2026-06-23,19:25:00,Fog,Medium,3,Buffet,scooter,2,No,7.02,531.01,UPI,Delivered,,48.0
ORD100737,CHERES01DEL05,20,4.7,Chennai,2026-06-23,19:41:00,Cloudy,Low,1,Buffet,scooter,0,No,1.94,364.56,UPI,Delivered,,18.0
ORD102568,BENRES43DEL02,37,4.8,Bengaluru,2026-06-23,19:54:00,Cloudy,Low,2,Drinks,electric_scooter,1,No,25.0,623.56,Card,Delivered,,58.8
ORD104315,BENRES01DEL04,42,5.0,Bengaluru,2026-06-23,20:32:00,Sunny,Medium,0,Meal,scooter,0,No,3.61,334.35,UPI,Delivered,,30.4
ORD100054,BENRES39DEL03,31,4.6,Bengaluru,2026-06-23,20:34:00,Stormy,Low,1,Snack,electric_scooter,0,No,4.31,174.58,UPI,Delivered,,28.3
ORD105080,HYDRES36DEL08,29,4.0,Hyderabad,2026-06-23,20:36:00,Stormy,Jam,3,Buffet,scooter,0,No,6.01,93.51,UPI,Delivered,,54.7
ORD101128,PUNRES36DEL03,28,4.3,Pune,2026-06-23,20:44:00,Windy,Medium,2,Snack,motorcycle,1,No,1.61,632.75,Card,Delivered,,32.8
ORD105285,HYDRES22DEL08,22,4.8,Hyderabad,2026-06-23,20:50:00,Cloudy,Medium,1,Snack,electric_scooter,1,No,7.72,306.49,Cash,Delivered,,43.0
ORD104450,CHERES42DEL08,30,4.6,Chennai,2026-06-23,20:52:00,Windy,Medium,1,Snack,scooter,2,No,13.39,307.82,Card,Delivered,,50.1
ORD103128,BENRES39DEL07,25,3.9,Bengaluru,2026-06-23,21:33:00,Stormy,High,1,Buffet,scooter,0,No,3.59,281.65,UPI,Delivered,,42.4
ORD104263,BENRES18DEL07,25,4.3,Bengaluru,2026-06-23,21:35:00,Fog,Jam,3,Meal,electric_scooter,0,No,1.91,287.22,Cash,Delivered,,40.5
ORD103799,HYDRES14DEL06,31,4.6,Hyderabad,2026-06-23,21:44:00,Sunny,Low,0,Snack,electric_scooter,0,No,4.29,411.86,Card,Delivered,,22.1
ORD101092,HYDRES41DEL04,20,4.4,Hyderabad,2026-06-23,21:49:00,Windy,High,0,Snack,scooter,0,No,4.87,287.48,Cash,Delivered,,33.8
ORD105979,MUMRES33DEL05,21,4.0,Mumbai,2026-06-23,21:50:00,Sunny,High,2,Drinks,bicycle,1,No,6.98,307.57,UPI,Delivered,,39.2
ORD104909,HYDRES43DEL02,20,4.6,Hyderabad,2026-06-23,22:20:00,Stormy,Low,3,Drinks,motorcycle,1,No,1.66,762.39,UPI,Delivered,,37.6
ORD103867,HYDRES10DEL01,18,3.9,Hyderabad,2026-06-23,22:39:00,Sunny,Medium,0,Buffet,scooter,1,No,13.19,556.53,Card,Delivered,,46.4
ORD104934,PUNRES41DEL05,24,4.4,Pune,2026-06-23,22:46:00,Windy,Low,0,Buffet,scooter,0,No,11.58,271.02,Card,Delivered,,40.2
ORD102117,BENRES20DEL06,30,4.3,Bengaluru,2026-06-23,23:35:00,Stormy,High,3,Buffet,motorcycle,0,No,1.62,723.52,UPI,Delivered,,40.5
ORD102872,KOLRES12DEL05,20,4.1,Kolkata,2026-06-24,01:21:00,Fog,Medium,3,Snack,scooter,1,No,3.18,597.62,UPI,Delivered,,32.4
ORD103215,HYDRES06DEL05,25,4.6,Hyderabad,2026-06-24,05:12:00,Sunny,High,1,Meal,scooter,1,No,0.91,287.23,UPI,Delivered,,29.5
ORD104265,CHERES08DEL03,28,4.2,Chennai,2026-06-24,05:28:00,Sunny,Medium,2,Snack,motorcycle,0,No,14.91,393.03,Cash,Delivered,,47.2
ORD104041,MUMRES09DEL03,34,4.3,Mumbai,2026-06-24,07:27:00,Windy,Medium,1,Meal,motorcycle,3,No,1.47,146.05,Card,Delivered,,36.7
ORD103192,MUMRES06DEL06,35,4.2,Mumbai,2026-06-24,08:26:00,Fog,Medium,1,Buffet,motorcycle,2,No,6.95,926.97,UPI,Delivered,,49.5
ORD103792,MUMRES18DEL04,22,4.8,Mumbai,2026-06-24,09:08:00,Sandstorms,High,1,Drinks,scooter,1,No,3.06,215.73,Wallet,Delivered,,48.0
ORD105596,DELRES22DEL06,24,4.1,Delhi,2026-06-24,10:39:00,Sunny,High,1,Snack,motorcycle,1,No,4.05,242.62,UPI,Delivered,,40.4
ORD102940,BENRES27DEL07,25,4.4,Bengaluru,2026-06-24,10:58:00,Stormy,Medium,2,Buffet,motorcycle,0,No,2.32,199.57,Cash,Cancelled,Traffic Delay,
ORD104537,BENRES35DEL02,26,4.3,Bengaluru,2026-06-24,11:03:00,Sunny,Low,3,Meal,motorcycle,2,No,0.84,242.11,UPI,Delivered,,25.7
ORD102882,BENRES31DEL08,31,4.4,Bengaluru,2026-06-24,11:47:00,Windy,Low,1,Buffet,motorcycle,0,No,4.27,320.62,UPI,Delivered,,34.4
ORD101857,HYDRES38DEL06,24,4.7,Hyderabad,2026-06-24,11:53:00,Cloudy,Jam,0,Drinks,scooter,0,No,1.35,326.57,Card,Cancelled,Delivery Partner Unavailable,
ORD105798,BENRES07DEL08,23,4.6,Bengaluru,2026-06-24,12:06:00,Cloudy,Medium,1,Drinks,scooter,3,No,5.62,257.74,UPI,Delivered,,49.4
ORD100468,MUMRES01DEL02,21,3.9,Mumbai,2026-06-24,12:27:00,Sunny,Medium,1,Drinks,scooter,0,No,7.69,80.0,Wallet,Delivered,,37.5
ORD100942,DELRES06DEL06,31,4.1,Delhi,2026-06-24,12:31:00,Sunny,Low,3,Buffet,scooter,0,No,1.72,292.72,UPI,Delivered,,17.6
ORD100182,DELRES08DEL01,43,4.5,Delhi,2026-06-24,12:35:00,Stormy,Low,0,Drinks,scooter,1,No,3.63,700.41,Card,Delivered,,39.0
ORD100717,KOLRES28DEL04,24,3.9,Kolkata,2026-06-24,12:53:00,Sunny,Medium,0,Meal,scooter,1,No,2.87,335.84,Card,Delivered,,32.4
ORD104673,CHERES13DEL03,35,4.4,Chennai,2026-06-24,13:07:00,Cloudy,Jam,1,Snack,scooter,1,No,4.58,98.69,UPI,Delivered,,48.8
ORD102043,MUMRES22DEL02,18,4.3,Mumbai,2026-06-24,13:29:00,Stormy,High,2,Drinks,motorcycle,1,No,1.71,275.87,UPI,Delivered,,45.2
ORD104619,BENRES11DEL07,30,4.5,Bengaluru,2026-06-24,13:32:00,Sunny,Low,1,Drinks,electric_scooter,1,No,1.3,356.38,Cash,Delivered,,28.8
ORD102456,KOLRES34DEL06,33,4.7,Kolkata,2026-06-24,13:39:00,Sandstorms,High,2,Meal,motorcycle,0,No,11.08,285.28,Wallet,Delivered,,49.9
ORD101483,DELRES33DEL06,28,4.6,Delhi,2026-06-24,13:52:00,Stormy,High,3,Meal,electric_scooter,0,No,2.89,279.18,Cash,Cancelled,Restaurant Delay,
ORD102413,MUMRES13DEL06,21,4.5,Mumbai,2026-06-24,13:52:00,Sunny,High,0,Meal,motorcycle,0,No,2.25,420.44,Cash,Delivered,,31.4
ORD100480,CHERES03DEL03,38,4.2,Chennai,2026-06-24,13:53:00,Sunny,Low,3,Drinks,scooter,0,No,4.47,346.91,Card,Delivered,,29.0
ORD103728,KOLRES22DEL04,22,5.0,Kolkata,2026-06-24,13:53:00,Cloudy,High,0,Meal,electric_scooter,0,No,2.91,327.2,Wallet,Delivered,,32.0
ORD100591,BENRES03DEL06,30,4.8,Bengaluru,2026-06-24,13:57:00,Cloudy,High,0,Buffet,motorcycle,1,No,7.27,283.41,Card,Delivered,,43.3
ORD101791,CHERES42DEL06,24,3.5,Chennai,2026-06-24,14:22:00,Cloudy,Low,1,Snack,electric_scooter,0,No,8.66,670.54,Cash,Delivered,,33.7
ORD104345,CHERES05DEL08,29,3.7,Chennai,2026-06-24,14:38:00,Sunny,High,1,Meal,scooter,1,No,2.01,264.81,Cash,Delivered,,37.0
ORD100474,MUMRES25DEL03,31,4.6,Mumbai,2026-06-24,15:18:00,Cloudy,High,2,Meal,motorcycle,1,No,3.48,321.27,Cash,Delivered,,40.2
ORD104022,MUMRES27DEL01,31,4.7,Mumbai,2026-06-24,15:36:00,Sunny,High,0,Meal,motorcycle,0,No,0.83,287.05,Cash,Delivered,,27.7
ORD103929,DELRES27DEL03,28,4.7,Delhi,2026-06-24,15:54:00,Sunny,High,0,Meal,scooter,0,No,4.12,242.49,Cash,Delivered,,32.9
ORD101712,BENRES33DEL01,27,4.1,Bengaluru,2026-06-24,17:10:00,Sunny,Jam,1,Drinks,electric_scooter,0,No,11.53,402.43,Card,Cancelled,Restaurant Delay,
ORD102161,DELRES33DEL05,38,4.1,Delhi,2026-06-24,17:32:00,Sunny,Low,1,Drinks,electric_scooter,0,No,3.99,137.7,Card,Delivered,,25.6
ORD103978,DELRES04DEL08,31,4.4,Delhi,2026-06-24,18:36:00,Windy,Low,0,Buffet,electric_scooter,0,No,6.83,223.71,UPI,Delivered,,32.1
ORD101156,KOLRES42DEL07,38,4.7,Kolkata,2026-06-24,19:16:00,Sunny,Low,3,Snack,motorcycle,0,No,2.84,303.73,Cash,Delivered,,22.2
ORD102787,BENRES01DEL06,20,4.6,Bengaluru,2026-06-24,19:28:00,Sandstorms,High,2,Drinks,motorcycle,0,No,1.72,236.21,Cash,Delivered,,37.0
ORD104354,MUMRES05DEL08,24,4.8,Mumbai,2026-06-24,19:48:00,Fog,Medium,3,Meal,motorcycle,0,No,11.5,248.7,UPI,Delivered,,49.4
ORD102250,DELRES05DEL01,18,5.0,Delhi,2026-06-24,19:55:00,Sunny,Jam,3,Drinks,motorcycle,0,No,1.0,280.99,UPI,Delivered,,34.1
ORD104701,CHERES15DEL08,49,4.5,Chennai,2026-06-24,20:06:00,Windy,Jam,1,Drinks,motorcycle,0,No,4.56,272.89,Card,Delivered,,42.1
ORD102613,CHERES02DEL07,22,4.0,Chennai,2026-06-24,20:19:00,Cloudy,Low,2,Drinks,scooter,1,No,6.38,213.48,UPI,Delivered,,32.8
ORD104613,KOLRES41DEL05,30,4.4,Kolkata,2026-06-24,20:19:00,Sunny,Medium,2,Drinks,motorcycle,0,No,1.61,417.55,Card,Delivered,,26.3
ORD102371,BENRES17DEL04,40,4.6,Bengaluru,2026-06-24,20:21:00,Sandstorms,High,0,Meal,motorcycle,1,No,2.03,147.08,UPI,Delivered,,43.1
ORD103488,CHERES27DEL05,24,3.7,Chennai,2026-06-24,20:49:00,Sunny,Low,3,Buffet,motorcycle,0,No,2.75,313.88,UPI,Delivered,,21.6
ORD101728,BENRES08DEL04,19,4.6,Bengaluru,2026-06-24,20:52:00,Fog,Medium,1,Meal,motorcycle,0,No,0.8,288.67,Cash,Delivered,,26.5
ORD105109,BENRES43DEL06,33,3.8,Bengaluru,2026-06-24,20:58:00,Fog,Jam,0,Buffet,scooter,0,No,11.91,272.66,Cash,Delivered,,57.7
ORD104231,CHERES32DEL01,27,4.7,Chennai,2026-06-24,21:10:00,Cloudy,High,3,Drinks,motorcycle,1,No,0.87,211.72,UPI,Delivered,,35.5
ORD101195,KOLRES33DEL03,19,4.7,Kolkata,2026-06-24,21:32:00,Sunny,Medium,2,Buffet,motorcycle,0,No,8.97,409.12,Cash,Delivered,,32.6
ORD102791,BENRES44DEL01,31,5.0,Bengaluru,2026-06-24,21:32:00,Sunny,Medium,0,Buffet,motorcycle,2,No,1.41,444.97,Wallet,Delivered,,30.4
ORD100739,BENRES13DEL01,34,4.7,Bengaluru,2026-06-24,21:47:00,Sandstorms,Medium,2,Drinks,scooter,1,No,1.85,208.52,UPI,Delivered,,36.9
ORD103781,DELRES23DEL03,31,4.5,Delhi,2026-06-24,21:50:00,Windy,Low,0,Buffet,motorcycle,0,No,10.0,377.96,Cash,Delivered,,37.8
ORD102948,HYDRES40DEL08,34,3.5,Hyderabad,2026-06-24,21:54:00,Cloudy,Medium,2,Drinks,motorcycle,1,No,9.16,223.5,UPI,Delivered,,41.8
ORD104919,CHERES27DEL07,31,4.2,Chennai,2026-06-24,22:10:00,Cloudy,Jam,2,Snack,motorcycle,0,No,2.1,309.24,UPI,Delivered,,34.0
ORD100569,PUNRES33DEL08,27,4.3,Pune,2026-06-25,07:01:00,Sunny,Low,2,Buffet,motorcycle,0,No,4.15,353.29,Cash,Delivered,,24.6
ORD102411,BENRES34DEL03,25,4.3,Bengaluru,2026-06-25,07:44:00,Windy,Jam,0,Drinks,scooter,1,No,9.87,568.06,UPI,Delivered,,58.4
ORD102350,HYDRES04DEL04,30,5.0,Hyderabad,2026-06-25,08:06:00,Sunny,High,2,Snack,motorcycle,1,No,6.74,338.17,UPI,Delivered,,44.3
ORD104358,PUNRES17DEL07,31,3.7,Pune,2026-06-25,08:20:00,Sunny,High,0,Meal,electric_scooter,0,No,1.07,431.2,Cash,Delivered,,29.6
ORD102875,CHERES23DEL08,23,4.6,Chennai,2026-06-25,08:46:00,Sunny,Low,1,Drinks,bicycle,0,No,1.59,207.95,UPI,Delivered,,24.4
ORD100565,MUMRES25DEL03,27,3.9,Mumbai,2026-06-25,08:54:00,Sunny,Low,3,Snack,electric_scooter,0,No,17.15,316.44,UPI,Delivered,,44.5
ORD100368,BENRES27DEL01,33,3.5,Bengaluru,2026-06-25,09:36:00,Fog,Medium,2,Meal,scooter,0,No,8.67,249.14,UPI,Delivered,,42.7
ORD101737,BENRES26DEL01,28,5.0,Bengaluru,2026-06-25,10:19:00,Cloudy,High,1,Drinks,scooter,3,No,1.72,151.06,UPI,Delivered,,46.8
ORD102542,HYDRES31DEL06,23,4.1,Hyderabad,2026-06-25,10:25:00,Sunny,High,3,Snack,scooter,0,No,4.92,218.11,Cash,Delivered,,32.7
ORD103316,MUMRES15DEL01,35,4.6,Mumbai,2026-06-25,10:39:00,Fog,Medium,3,Snack,motorcycle,2,No,1.75,578.38,UPI,Delivered,,40.0
ORD102265,BENRES25DEL03,23,4.3,Bengaluru,2026-06-25,10:53:00,Windy,Low,1,Meal,motorcycle,1,No,7.63,319.11,Wallet,Delivered,,35.4
ORD101665,BENRES39DEL01,30,4.7,Bengaluru,2026-06-25,11:59:00,Sandstorms,Medium,0,Snack,motorcycle,0,No,1.36,311.53,UPI,Delivered,,35.9
ORD104113,DELRES32DEL06,19,3.7,Delhi,2026-06-25,12:09:00,Stormy,Jam,0,Snack,electric_scooter,0,No,2.25,194.34,Cash,Delivered,,50.4
ORD100930,MUMRES10DEL02,32,4.5,Mumbai,2026-06-25,12:14:00,Sunny,Jam,2,Meal,scooter,0,No,3.56,270.96,UPI,Delivered,,40.0
ORD101611,BENRES10DEL08,20,4.4,Bengaluru,2026-06-25,13:11:00,Windy,Medium,1,Buffet,scooter,0,No,0.95,278.66,UPI,Delivered,,28.9
ORD102289,HYDRES08DEL01,45,4.7,Hyderabad,2026-06-25,13:55:00,Sunny,Medium,0,Snack,scooter,0,No,5.1,628.72,Cash,Delivered,,28.1
ORD101510,BENRES02DEL03,39,3.6,Bengaluru,2026-06-25,15:12:00,Sunny,Jam,1,Meal,motorcycle,1,No,10.47,861.05,Wallet,Delivered,,50.2
ORD101425,MUMRES41DEL06,37,4.6,Mumbai,2026-06-25,15:37:00,Cloudy,High,3,Buffet,bicycle,1,No,2.53,379.66,UPI,Delivered,,36.1
ORD101130,HYDRES33DEL06,30,4.6,Hyderabad,2026-06-25,15:44:00,Fog,Medium,1,Buffet,motorcycle,0,No,12.5,276.57,Wallet,Delivered,,49.8
ORD103794,BENRES39DEL04,20,4.7,Bengaluru,2026-06-25,16:02:00,Sunny,Medium,2,Buffet,electric_scooter,1,No,4.69,289.11,Wallet,Delivered,,40.0
ORD103841,HYDRES01DEL04,25,4.5,Hyderabad,2026-06-25,16:08:00,Sunny,Medium,1,Meal,bicycle,0,No,14.19,456.36,Cash,Delivered,,41.8
ORD103459,DELRES18DEL07,24,4.3,Delhi,2026-06-25,16:18:00,Sunny,Low,2,Meal,motorcycle,2,No,2.97,329.65,UPI,Delivered,,39.6
ORD101238,HYDRES23DEL01,28,4.8,Hyderabad,2026-06-25,16:59:00,Sunny,Medium,1,Snack,motorcycle,0,No,3.76,394.32,UPI,Delivered,,30.1
ORD103918,MUMRES23DEL06,33,4.3,Mumbai,2026-06-25,17:05:00,Stormy,Low,1,Snack,motorcycle,1,No,5.99,265.04,Wallet,Delivered,,40.9
ORD104239,DELRES07DEL01,26,4.2,Delhi,2026-06-25,17:40:00,Cloudy,Low,2,Snack,scooter,0,No,2.6,393.76,Card,Delivered,,21.4
ORD105478,MUMRES39DEL07,31,5.0,Mumbai,2026-06-25,17:44:00,Cloudy,Jam,2,Drinks,scooter,0,No,7.2,340.85,Cash,Delivered,,44.5
ORD105256,BENRES32DEL02,30,4.7,Bengaluru,2026-06-25,18:02:00,Cloudy,High,1,Buffet,bicycle,0,No,7.51,184.25,UPI,Cancelled,Customer Cancelled,
ORD102175,MUMRES03DEL07,34,4.1,Mumbai,2026-06-25,18:04:00,Sunny,Low,2,Snack,scooter,0,No,8.08,279.6,UPI,Delivered,,27.2
ORD104700,DELRES22DEL01,32,3.7,Delhi,2026-06-25,18:22:00,Sunny,High,3,Drinks,motorcycle,0,No,2.21,404.45,UPI,Delivered,,30.5
ORD101019,BENRES21DEL05,32,4.2,Bengaluru,2026-06-25,18:46:00,Fog,Medium,0,Drinks,motorcycle,0,No,13.9,346.42,Card,Delivered,,47.5
ORD103280,PUNRES26DEL08,38,4.8,Pune,2026-06-25,18:55:00,Sunny,Low,0,Drinks,electric_scooter,0,No,4.16,259.11,UPI,Delivered,,26.0
ORD104489,HYDRES40DEL01,26,4.5,Hyderabad,2026-06-25,19:03:00,Stormy,Medium,3,Drinks,motorcycle,1,No,2.03,278.25,Card,Delivered,,48.7
ORD104803,BENRES25DEL07,34,4.0,Bengaluru,2026-06-25,19:10:00,Windy,Low,2,Drinks,motorcycle,3,No,5.71,444.46,UPI,Delivered,,40.0
ORD101164,BENRES01DEL04,41,4.9,Bengaluru,2026-06-25,19:27:00,Sunny,Low,3,Drinks,scooter,0,No,4.19,359.28,UPI,Delivered,,19.7
ORD104507,HYDRES18DEL06,31,4.5,Hyderabad,2026-06-25,19:41:00,Cloudy,Low,1,Buffet,scooter,0,No,3.84,269.13,UPI,Delivered,,16.5
ORD101194,BENRES19DEL01,23,4.7,Bengaluru,2026-06-25,19:50:00,Windy,Jam,1,Buffet,electric_scooter,1,No,20.17,420.69,Card,Delivered,,74.6
ORD100614,PUNRES03DEL02,25,4.3,Pune,2026-06-25,19:56:00,Windy,Low,1,Drinks,electric_scooter,0,No,5.4,249.68,UPI,Delivered,,31.5
ORD105072,KOLRES04DEL05,29,4.6,Kolkata,2026-06-25,20:12:00,Sandstorms,High,0,Meal,electric_scooter,1,No,1.72,161.24,UPI,Delivered,,37.3
ORD103663,BENRES22DEL03,40,4.2,Bengaluru,2026-06-25,20:43:00,Fog,High,3,Snack,motorcycle,1,No,1.2,173.27,Cash,Delivered,,35.7
ORD105097,CHERES20DEL06,31,4.5,Chennai,2026-06-25,20:47:00,Windy,Low,3,Snack,scooter,0,No,3.24,261.94,UPI,Delivered,,24.1
ORD104096,BENRES03DEL08,27,4.3,Bengaluru,2026-06-25,20:54:00,Cloudy,Medium,2,Meal,motorcycle,1,No,2.89,418.76,UPI,Delivered,,35.4
ORD101607,CHERES12DEL04,31,4.4,Chennai,2026-06-25,20:58:00,Sunny,High,0,Snack,scooter,0,No,1.17,372.34,UPI,Cancelled,Traffic Delay,
ORD105258,PUNRES22DEL03,33,4.6,Pune,2026-06-25,20:58:00,Sunny,Medium,2,Snack,motorcycle,0,No,1.63,357.71,Cash,Delivered,,23.1
ORD103183,KOLRES23DEL06,36,3.4,Kolkata,2026-06-25,21:16:00,Cloudy,Jam,3,Drinks,electric_scooter,2,No,1.78,661.29,Wallet,Delivered,,41.3
ORD100797,DELRES28DEL02,26,4.3,Delhi,2026-06-25,21:22:00,Cloudy,Low,2,Buffet,scooter,0,No,7.53,498.67,Wallet,Delivered,,23.5
ORD103937,CHERES06DEL07,28,3.4,Chennai,2026-06-25,21:30:00,Fog,Medium,3,Drinks,electric_scooter,0,No,25.0,229.46,UPI,Delivered,,68.5
ORD100370,HYDRES23DEL04,34,4.6,Hyderabad,2026-06-25,22:06:00,Cloudy,High,3,Buffet,electric_scooter,0,No,1.95,560.67,Card,Delivered,,30.4
ORD101355,BENRES18DEL07,31,4.2,Bengaluru,2026-06-25,22:18:00,Windy,Low,0,Meal,motorcycle,0,No,8.48,335.96,UPI,Delivered,,34.6
ORD101473,PUNRES30DEL05,31,4.3,Pune,2026-06-25,22:24:00,Fog,Low,1,Buffet,motorcycle,0,No,12.66,303.08,Card,Delivered,,44.9
ORD101054,MUMRES31DEL04,33,4.6,Mumbai,2026-06-25,22:36:00,Cloudy,Medium,3,Meal,motorcycle,2,No,6.42,372.32,UPI,Delivered,,43.3
ORD104993,MUMRES20DEL04,29,4.5,Mumbai,2026-06-25,23:31:00,Windy,High,2,Snack,scooter,1,No,6.8,146.94,UPI,Delivered,,42.5
ORD104478,CHERES34DEL07,24,4.6,Chennai,2026-06-26,07:15:00,Sunny,High,0,Drinks,scooter,2,No,1.08,139.9,Card,Delivered,,36.2
ORD104377,HYDRES42DEL04,33,4.7,Hyderabad,2026-06-26,07:16:00,Sunny,Medium,0,Snack,motorcycle,1,No,1.45,376.72,UPI,Delivered,,25.4
ORD100323,DELRES16DEL05,19,4.6,Delhi,2026-06-26,08:19:00,Cloudy,Medium,2,Meal,motorcycle,0,No,3.62,151.65,Wallet,Delivered,,31.3
ORD103032,BENRES43DEL05,29,3.4,Bengaluru,2026-06-26,08:57:00,Sandstorms,High,3,Drinks,scooter,1,No,9.35,415.05,UPI,Delivered,,52.9
ORD102676,DELRES17DEL08,24,4.5,Delhi,2026-06-26,09:29:00,Sunny,Jam,0,Meal,electric_scooter,1,No,9.69,214.33,UPI,Delivered,,50.6
ORD100952,BENRES22DEL01,31,4.3,Bengaluru,2026-06-26,10:02:00,Sandstorms,High,2,Drinks,motorcycle,0,No,2.37,206.04,UPI,Cancelled,Customer Cancelled,
ORD100537,DELRES05DEL01,19,3.8,Delhi,2026-06-26,10:25:00,Sunny,Low,3,Buffet,scooter,2,No,4.24,306.31,UPI,Delivered,,43.3
ORD101760,PUNRES26DEL08,19,4.7,Pune,2026-06-26,10:26:00,Stormy,High,2,Drinks,scooter,0,No,7.78,278.18,Cash,Delivered,,51.7
ORD105895,HYDRES07DEL04,30,4.3,Hyderabad,2026-06-26,11:09:00,Sunny,High,3,Snack,scooter,1,No,2.55,173.0,Card,Delivered,,37.1
ORD103112,DELRES26DEL01,34,4.4,Delhi,2026-06-26,11:23:00,Sunny,Low,0,Buffet,motorcycle,1,No,1.81,249.93,Cash,Cancelled,Customer Cancelled,
ORD105668,BENRES42DEL01,35,4.9,Bengaluru,2026-06-26,11:25:00,Cloudy,Low,0,Snack,motorcycle,0,No,11.23,443.94,UPI,Delivered,,35.5
ORD101835,BENRES04DEL02,33,4.6,Bengaluru,2026-06-26,12:41:00,Cloudy,Medium,1,Drinks,motorcycle,2,No,1.13,390.08,Cash,Delivered,,35.4
ORD101892,HYDRES35DEL04,29,4.7,Hyderabad,2026-06-26,12:45:00,Fog,Medium,1,Meal,bicycle,3,No,3.4,530.82,UPI,Delivered,,43.4
ORD102309,PUNRES01DEL05,32,4.4,Pune,2026-06-26,13:41:00,Cloudy,High,1,Snack,motorcycle,2,No,2.92,294.7,Card,Delivered,,40.6
ORD100685,BENRES40DEL01,22,4.1,Bengaluru,2026-06-26,14:11:00,Windy,Jam,3,Meal,electric_scooter,0,No,9.45,259.05,UPI,Delivered,,51.5
ORD105257,KOLRES05DEL02,31,4.3,Kolkata,2026-06-26,14:19:00,Cloudy,High,0,Drinks,scooter,0,No,0.89,533.03,UPI,Delivered,,27.6
ORD101783,CHERES25DEL02,27,4.4,Chennai,2026-06-26,14:56:00,Cloudy,High,2,Buffet,motorcycle,1,No,4.25,328.59,Cash,Delivered,,45.3
ORD103884,BENRES26DEL03,27,4.4,Bengaluru,2026-06-26,15:13:00,Windy,Medium,3,Meal,motorcycle,1,No,18.22,470.61,Cash,Delivered,,53.9
ORD105504,DELRES19DEL07,24,4.0,Delhi,2026-06-26,15:17:00,Cloudy,Jam,2,Meal,motorcycle,0,No,4.44,250.2,UPI,Delivered,,43.9
ORD100202,DELRES32DEL07,18,4.2,Delhi,2026-06-26,15:20:00,Cloudy,Medium,1,Snack,scooter,2,No,5.61,124.28,UPI,Delivered,,46.8
ORD101250,BENRES02DEL02,22,3.8,Bengaluru,2026-06-26,16:08:00,Windy,High,0,Meal,motorcycle,0,No,3.9,281.13,UPI,Delivered,,39.4
ORD102507,DELRES13DEL02,20,4.7,Delhi,2026-06-26,16:23:00,Fog,Low,3,Drinks,motorcycle,0,No,2.06,350.58,UPI,Delivered,,30.5
ORD104805,DELRES43DEL02,29,4.4,Delhi,2026-06-26,16:32:00,Cloudy,High,0,Meal,scooter,1,No,2.61,153.47,UPI,Delivered,,34.2
ORD102489,BENRES22DEL04,29,3.7,Bengaluru,2026-06-26,16:39:00,Sunny,Low,3,Snack,motorcycle,0,No,9.81,334.36,UPI,Delivered,,30.4
ORD103760,BENRES11DEL05,30,4.9,Bengaluru,2026-06-26,16:44:00,Fog,Low,2,Snack,motorcycle,1,No,7.07,278.59,Card,Delivered,,41.8
ORD102646,BENRES13DEL04,22,4.5,Bengaluru,2026-06-26,17:08:00,Windy,Low,2,Buffet,bicycle,0,No,7.57,456.81,Card,Delivered,,20.8
ORD102277,MUMRES06DEL05,30,4.4,Mumbai,2026-06-26,17:33:00,Sunny,Medium,1,Drinks,motorcycle,2,No,1.57,150.33,Cash,Delivered,,35.4
ORD103649,BENRES24DEL08,29,5.0,Bengaluru,2026-06-26,17:41:00,Stormy,Medium,3,Snack,scooter,0,No,3.76,250.22,Wallet,Delivered,,38.8
ORD104155,BENRES31DEL06,30,3.8,Bengaluru,2026-06-26,18:03:00,Stormy,High,3,Snack,electric_scooter,0,No,2.59,842.1,UPI,Delivered,,32.6
ORD100639,HYDRES22DEL03,29,4.7,Hyderabad,2026-06-26,18:10:00,Cloudy,Low,1,Meal,electric_scooter,3,No,3.73,458.08,UPI,Delivered,,31.0
ORD101778,MUMRES29DEL02,33,4.3,Mumbai,2026-06-26,18:57:00,Stormy,Medium,0,Snack,motorcycle,0,No,6.42,468.31,Card,Cancelled,Customer Cancelled,
ORD105155,CHERES39DEL07,27,5.0,Chennai,2026-06-26,18:57:00,Cloudy,Jam,1,Meal,motorcycle,0,No,6.71,700.04,UPI,Delivered,,51.7
ORD105587,HYDRES15DEL04,25,4.5,Hyderabad,2026-06-26,18:57:00,Sandstorms,Medium,3,Meal,motorcycle,0,No,7.29,355.77,UPI,Delivered,,39.5
ORD105760,CHERES11DEL05,37,4.8,Chennai,2026-06-26,19:00:00,Sunny,Medium,1,Drinks,scooter,0,No,15.9,261.04,Card,Delivered,,49.3
ORD101046,BENRES37DEL05,31,4.4,Bengaluru,2026-06-26,19:19:00,Cloudy,Low,2,Snack,motorcycle,0,No,4.21,551.1,Card,Delivered,,25.8
ORD104728,MUMRES11DEL08,33,4.9,Mumbai,2026-06-26,19:41:00,Cloudy,Medium,3,Buffet,motorcycle,1,No,15.51,400.7,UPI,Delivered,,51.1
ORD104102,DELRES34DEL05,25,4.4,Delhi,2026-06-26,19:44:00,Sunny,High,3,Buffet,motorcycle,0,No,3.76,341.0,Cash,Delivered,,25.4
ORD103877,HYDRES31DEL06,28,4.6,Hyderabad,2026-06-26,19:52:00,Cloudy,Medium,3,Drinks,motorcycle,0,No,23.88,319.11,UPI,Delivered,,65.8
ORD104876,KOLRES28DEL08,21,4.1,Kolkata,2026-06-26,20:00:00,Sunny,Jam,3,Drinks,motorcycle,0,No,3.88,265.81,UPI,Delivered,,42.5
ORD105837,MUMRES06DEL08,39,4.7,Mumbai,2026-06-26,20:05:00,Cloudy,Low,0,Drinks,scooter,0,No,25.0,319.78,UPI,Delivered,,55.9
ORD102570,HYDRES10DEL08,27,4.8,Hyderabad,2026-06-26,20:09:00,Sunny,Medium,3,Snack,scooter,1,No,1.98,80.0,Cash,Delivered,,33.0
ORD102174,BENRES37DEL02,27,5.0,Bengaluru,2026-06-26,20:20:00,Sunny,Medium,1,Buffet,scooter,0,No,8.3,146.04,UPI,Delivered,,41.7
ORD105636,HYDRES40DEL01,26,4.0,Hyderabad,2026-06-26,20:22:00,Sunny,Medium,2,Snack,motorcycle,1,No,3.52,162.65,Cash,Delivered,,28.7
ORD101677,BENRES12DEL06,26,3.9,Bengaluru,2026-06-26,20:26:00,Cloudy,Low,1,Drinks,scooter,0,No,5.71,391.12,Cash,Delivered,,23.5
ORD103920,KOLRES41DEL04,28,3.8,Kolkata,2026-06-26,20:36:00,Sunny,High,1,Buffet,motorcycle,2,No,2.78,548.42,Cash,Delivered,,44.9
ORD102078,DELRES14DEL07,26,4.1,Delhi,2026-06-26,20:54:00,Stormy,Medium,2,Meal,motorcycle,2,No,16.69,179.93,Wallet,Delivered,,67.5
ORD102202,CHERES39DEL08,27,4.9,Chennai,2026-06-26,21:00:00,Sunny,High,1,Snack,motorcycle,0,No,2.63,353.38,Card,Cancelled,Delivery Partner Unavailable,
ORD101047,HYDRES18DEL03,22,4.5,Hyderabad,2026-06-26,21:22:00,Sunny,Medium,3,Drinks,motorcycle,1,No,4.93,225.48,Cash,Delivered,,35.8
ORD104732,KOLRES44DEL08,23,4.4,Kolkata,2026-06-26,21:23:00,Sunny,Low,1,Snack,scooter,0,No,21.68,231.46,UPI,Delivered,,53.9
ORD100432,DELRES21DEL06,24,4.5,Delhi,2026-06-26,21:42:00,Cloudy,Low,3,Buffet,scooter,1,No,1.97,252.2,UPI,Delivered,,28.1
ORD103239,BENRES39DEL07,32,4.0,Bengaluru,2026-06-26,21:42:00,Sunny,High,3,Buffet,scooter,1,No,5.52,336.55,Cash,Delivered,,38.2
ORD103680,HYDRES21DEL05,24,3.8,Hyderabad,2026-06-26,22:07:00,Sunny,Low,2,Drinks,motorcycle,0,No,9.16,88.88,UPI,Delivered,,39.9
ORD101243,MUMRES35DEL07,36,4.9,Mumbai,2026-06-26,22:56:00,Stormy,High,3,Drinks,motorcycle,0,No,2.88,470.82,Card,Cancelled,Delivery Partner Unavailable,
ORD105854,CHERES44DEL07,24,3.6,Chennai,2026-06-26,22:57:00,Stormy,High,0,Drinks,bicycle,0,No,9.16,164.08,UPI,Delivered,,47.0
ORD104776,BENRES39DEL07,24,4.3,Bengaluru,2026-06-27,00:07:00,Cloudy,Medium,3,Drinks,motorcycle,0,No,6.51,525.69,Cash,Cancelled,Traffic Delay,
ORD104860,BENRES17DEL03,27,4.7,Bengaluru,2026-06-27,01:55:00,Stormy,Low,2,Drinks,motorcycle,0,No,8.53,203.45,Cash,Delivered,,43.8
ORD103689,BENRES10DEL02,31,4.2,Bengaluru,2026-06-27,01:58:00,Cloudy,Low,3,Snack,motorcycle,0,No,2.16,277.52,UPI,Delivered,,20.2
ORD104387,MUMRES23DEL02,26,4.6,Mumbai,2026-06-27,05:19:00,Stormy,Medium,2,Meal,bicycle,0,No,1.21,195.52,Wallet,Delivered,,32.3
ORD104188,PUNRES24DEL05,24,4.2,Pune,2026-06-27,07:42:00,Sunny,Low,1,Buffet,motorcycle,1,No,12.93,405.47,UPI,Cancelled,Restaurant Delay,
ORD100618,BENRES40DEL07,24,3.8,Bengaluru,2026-06-27,08:15:00,Cloudy,Low,3,Meal,scooter,0,No,3.6,80.0,UPI,Delivered,,23.3
ORD104357,DELRES15DEL02,35,4.4,Delhi,2026-06-27,08:53:00,Sunny,Low,2,Buffet,scooter,3,No,21.73,343.0,Card,Delivered,,69.5
ORD105916,BENRES25DEL04,25,4.3,Bengaluru,2026-06-27,09:25:00,Windy,Low,0,Drinks,scooter,2,No,1.04,219.76,UPI,Delivered,,35.1
ORD100102,PUNRES37DEL03,20,4.2,Pune,2026-06-27,10:31:00,Stormy,Medium,0,Buffet,motorcycle,3,No,1.2,222.39,UPI,Delivered,,47.1
ORD102436,BENRES20DEL08,32,4.7,Bengaluru,2026-06-27,11:14:00,Sunny,Low,2,Meal,scooter,0,No,2.77,263.82,Cash,Delivered,,29.3
ORD100847,CHERES36DEL03,36,4.0,Chennai,2026-06-27,11:31:00,Fog,Medium,2,Meal,scooter,0,No,1.14,208.27,UPI,Delivered,,29.4
ORD104914,KOLRES28DEL03,32,4.9,Kolkata,2026-06-27,11:46:00,Sunny,Low,1,Drinks,scooter,0,No,1.29,424.48,UPI,Delivered,,23.4
ORD104031,PUNRES11DEL02,25,4.3,Pune,2026-06-27,12:08:00,Windy,Jam,1,Buffet,motorcycle,2,No,2.0,80.0,Card,Delivered,,47.5
ORD101265,HYDRES11DEL06,33,4.7,Hyderabad,2026-06-27,12:11:00,Windy,Jam,1,Snack,motorcycle,0,No,2.17,210.12,UPI,Delivered,,39.3
ORD102966,BENRES22DEL05,29,4.5,Bengaluru,2026-06-27,12:32:00,Sunny,Jam,2,Meal,motorcycle,0,No,14.07,153.26,UPI,Delivered,,58.9
ORD100001,PUNRES21DEL05,31,5.0,Pune,2026-06-27,13:04:00,Windy,Low,1,Snack,motorcycle,3,No,3.99,484.55,UPI,Delivered,,37.0
ORD100479,CHERES41DEL01,33,4.2,Chennai,2026-06-27,13:06:00,Cloudy,Low,0,Meal,electric_scooter,0,No,5.17,323.46,Cash,Delivered,,28.3
ORD103515,MUMRES20DEL06,23,5.0,Mumbai,2026-06-27,14:24:00,Windy,Medium,0,Drinks,motorcycle,1,No,2.63,297.5,UPI,Delivered,,29.5
ORD101853,CHERES41DEL01,36,4.5,Chennai,2026-06-27,15:45:00,Sunny,Jam,1,Buffet,scooter,1,No,6.75,284.12,Cash,Delivered,,44.5
ORD104371,MUMRES11DEL08,26,4.7,Mumbai,2026-06-27,16:13:00,Stormy,High,1,Snack,bicycle,0,No,3.65,355.52,UPI,Delivered,,43.9
ORD102554,MUMRES03DEL01,27,4.3,Mumbai,2026-06-27,16:31:00,Sunny,High,3,Buffet,motorcycle,3,No,1.67,234.33,UPI,Delivered,,41.0
ORD100260,BENRES29DEL04,31,4.3,Bengaluru,2026-06-27,17:06:00,Sunny,Low,2,Snack,bicycle,1,No,0.9,157.57,UPI,Delivered,,16.2
ORD100587,PUNRES40DEL02,27,4.2,Pune,2026-06-27,17:33:00,Cloudy,High,0,Snack,scooter,0,No,1.43,379.04,Wallet,Delivered,,24.3
ORD104490,MUMRES26DEL03,46,4.2,Mumbai,2026-06-27,17:36:00,Sunny,Jam,2,Drinks,motorcycle,0,No,1.35,243.1,Card,Delivered,,40.8
ORD103305,KOLRES17DEL04,31,4.8,Kolkata,2026-06-27,18:16:00,Sandstorms,High,2,Drinks,motorcycle,1,No,13.3,311.46,UPI,Delivered,,60.5
ORD100858,CHERES41DEL08,35,4.5,Chennai,2026-06-27,18:18:00,Cloudy,Low,0,Drinks,motorcycle,1,No,1.73,199.96,UPI,Cancelled,Restaurant Delay,
ORD103109,HYDRES29DEL07,33,4.2,Hyderabad,2026-06-27,18:35:00,Sandstorms,Low,0,Snack,motorcycle,2,No,1.18,335.43,UPI,Delivered,,34.4
ORD103372,DELRES08DEL04,24,4.5,Delhi,2026-06-27,18:45:00,Cloudy,Medium,2,Meal,bicycle,2,No,3.24,714.14,Wallet,Delivered,,35.7
ORD105963,BENRES05DEL05,31,4.6,Bengaluru,2026-06-27,18:48:00,Fog,Medium,1,Buffet,motorcycle,1,No,1.64,108.2,UPI,Delivered,,36.2
ORD103297,HYDRES03DEL05,33,4.2,Hyderabad,2026-06-27,19:05:00,Fog,Medium,3,Meal,motorcycle,3,No,1.75,431.59,Cash,Delivered,,40.2
ORD102058,HYDRES03DEL03,23,4.2,Hyderabad,2026-06-27,19:07:00,Stormy,Medium,1,Snack,motorcycle,2,No,2.19,221.89,UPI,Delivered,,41.0
ORD102122,MUMRES23DEL06,20,5.0,Mumbai,2026-06-27,19:26:00,Sunny,High,1,Snack,motorcycle,0,No,2.51,448.46,Card,Cancelled,Traffic Delay,
ORD102683,PUNRES41DEL08,19,4.0,Pune,2026-06-27,19:27:00,Stormy,High,0,Snack,scooter,0,No,2.79,282.91,UPI,Delivered,,46.3
ORD105223,HYDRES40DEL08,29,4.0,Hyderabad,2026-06-27,19:47:00,Cloudy,Medium,0,Snack,motorcycle,0,No,16.48,436.49,Cash,Delivered,,52.9
ORD103787,DELRES43DEL04,24,4.7,Delhi,2026-06-27,19:51:00,Cloudy,Medium,3,Snack,scooter,0,No,5.05,399.52,Wallet,Cancelled,Delivery Partner Unavailable,
ORD100552,PUNRES05DEL06,36,4.2,Pune,2026-06-27,19:59:00,Sunny,Low,0,Meal,bicycle,1,No,3.62,282.72,UPI,Delivered,,25.8
ORD100133,HYDRES21DEL05,24,4.4,Hyderabad,2026-06-27,20:12:00,Cloudy,Medium,1,Drinks,motorcycle,1,No,11.18,80.0,Cash,Delivered,,46.5
ORD105726,MUMRES44DEL07,32,4.9,Mumbai,2026-06-27,20:20:00,Sandstorms,Medium,3,Buffet,motorcycle,2,No,4.47,304.32,UPI,Delivered,,47.2
ORD103822,MUMRES14DEL05,25,4.3,Mumbai,2026-06-27,20:31:00,Windy,Jam,2,Drinks,motorcycle,1,No,6.44,591.7,UPI,Delivered,,50.8
ORD103859,MUMRES07DEL02,18,3.9,Mumbai,2026-06-27,20:44:00,Sunny,High,3,Drinks,scooter,0,No,7.21,316.07,UPI,Cancelled,Customer Cancelled,
ORD101537,PUNRES15DEL05,28,4.5,Pune,2026-06-27,21:04:00,Cloudy,Jam,3,Meal,motorcycle,0,No,7.9,314.57,Card,Delivered,,45.1
ORD102391,DELRES13DEL02,25,3.7,Delhi,2026-06-27,21:21:00,Fog,Medium,0,Drinks,bicycle,3,No,6.2,132.6,UPI,Delivered,,45.8
ORD100169,BENRES02DEL02,33,4.7,Bengaluru,2026-06-27,21:52:00,Stormy,Medium,2,Drinks,motorcycle,0,No,1.21,283.03,UPI,Delivered,,30.8
ORD103334,BENRES30DEL06,34,5.0,Bengaluru,2026-06-27,22:22:00,Fog,Medium,3,Snack,scooter,1,No,1.64,350.3,UPI,Delivered,,31.6
ORD102443,BENRES30DEL07,35,4.2,Bengaluru,2026-06-27,22:25:00,Cloudy,Medium,2,Buffet,motorcycle,0,No,1.3,411.27,Cash,Delivered,,32.6
ORD105372,MUMRES03DEL05,20,4.2,Mumbai,2026-06-27,22:25:00,Cloudy,Low,1,Drinks,motorcycle,1,No,7.65,284.93,Card,Delivered,,40.9
ORD101758,DELRES40DEL06,21,4.7,Delhi,2026-06-27,22:38:00,Sandstorms,Low,2,Drinks,motorcycle,0,No,8.94,125.61,UPI,Delivered,,42.6
ORD101945,MUMRES04DEL06,40,5.0,Mumbai,2026-06-27,22:44:00,Windy,High,1,Buffet,electric_scooter,0,No,5.08,80.0,UPI,Delivered,,40.2
ORD100531,MUMRES17DEL02,36,4.7,Mumbai,2026-06-27,23:00:00,Cloudy,Medium,2,Snack,scooter,1,No,3.52,123.39,Cash,Delivered,,38.8
ORD105461,CHERES30DEL04,43,4.8,Chennai,2026-06-27,23:44:00,Stormy,High,2,Buffet,motorcycle,1,No,1.58,623.87,UPI,Delivered,,43.4
ORD100917,MUMRES38DEL05,26,3.5,Mumbai,2026-06-28,03:07:00,Cloudy,High,2,Buffet,motorcycle,1,No,8.86,295.3,UPI,Delivered,,43.6
ORD103815,MUMRES32DEL06,32,4.7,Mumbai,2026-06-28,06:07:00,Sunny,Medium,1,Snack,scooter,1,No,16.87,363.97,Wallet,Delivered,,57.9
ORD100069,PUNRES03DEL03,23,4.1,Pune,2026-06-28,06:31:00,Sunny,Low,2,Snack,motorcycle,1,No,11.97,156.35,Cash,Delivered,,38.2
ORD104539,PUNRES03DEL06,21,4.8,Pune,2026-06-28,07:39:00,Windy,Low,2,Meal,scooter,3,No,0.83,503.16,UPI,Delivered,,30.0
ORD101170,CHERES10DEL05,37,4.6,Chennai,2026-06-28,07:46:00,Sandstorms,High,0,Meal,motorcycle,1,No,4.26,178.72,UPI,Delivered,,41.1
ORD103896,CHERES26DEL07,29,4.7,Chennai,2026-06-28,08:38:00,Fog,Medium,3,Snack,scooter,1,No,13.37,240.81,Cash,Delivered,,55.5
ORD101121,MUMRES32DEL02,34,4.2,Mumbai,2026-06-28,09:59:00,Sunny,Low,1,Buffet,scooter,0,No,3.08,275.09,UPI,Delivered,,18.4
ORD105117,BENRES36DEL03,29,3.9,Bengaluru,2026-06-28,10:48:00,Sunny,Medium,2,Buffet,electric_scooter,0,No,1.77,284.95,Cash,Delivered,,28.5
ORD101660,BENRES33DEL07,46,4.7,Bengaluru,2026-06-28,11:07:00,Cloudy,Jam,0,Drinks,bicycle,1,No,2.93,362.14,UPI,Delivered,,39.7
ORD103965,BENRES20DEL01,28,4.7,Bengaluru,2026-06-28,11:16:00,Cloudy,Low,1,Buffet,scooter,0,No,1.18,516.17,UPI,Cancelled,Customer Cancelled,
ORD103657,DELRES31DEL01,35,4.2,Delhi,2026-06-28,11:28:00,Sunny,Medium,0,Snack,motorcycle,0,No,2.3,299.6,UPI,Delivered,,31.2
ORD103341,DELRES22DEL06,25,4.4,Delhi,2026-06-28,12:07:00,Windy,Medium,1,Drinks,scooter,0,No,11.29,167.62,Cash,Delivered,,40.8
ORD105878,HYDRES14DEL04,43,4.5,Hyderabad,2026-06-28,12:44:00,Cloudy,Low,2,Snack,motorcycle,0,No,5.37,127.16,Cash,Delivered,,27.2
ORD100694,BENRES17DEL03,31,4.2,Bengaluru,2026-06-28,12:53:00,Windy,Low,1,Snack,motorcycle,0,No,2.15,140.87,Cash,Delivered,,19.8
ORD102798,HYDRES27DEL04,44,4.2,Hyderabad,2026-06-28,13:35:00,Cloudy,High,1,Meal,electric_scooter,0,No,6.23,281.25,UPI,Delivered,,47.0
ORD100937,HYDRES16DEL04,33,4.4,Hyderabad,2026-06-28,13:42:00,Cloudy,Jam,3,Snack,scooter,0,No,2.88,411.75,Card,Delivered,,37.8
ORD104314,DELRES38DEL06,26,4.4,Delhi,2026-06-28,15:02:00,Sunny,Medium,1,Buffet,electric_scooter,1,No,6.34,435.58,Cash,Delivered,,38.9
ORD102430,DELRES21DEL06,33,4.7,Delhi,2026-06-28,15:14:00,Sunny,High,0,Drinks,electric_scooter,0,No,4.12,506.2,UPI,Delivered,,32.3
ORD105789,MUMRES04DEL08,24,3.9,Mumbai,2026-06-28,16:06:00,Stormy,High,3,Snack,bicycle,0,No,8.06,105.11,Card,Delivered,,51.0
ORD103838,MUMRES02DEL08,45,4.2,Mumbai,2026-06-28,17:19:00,Fog,High,2,Meal,electric_scooter,0,No,4.07,483.41,Wallet,Delivered,,37.2
ORD105202,HYDRES43DEL01,40,4.8,Hyderabad,2026-06-28,17:20:00,Sandstorms,Low,1,Buffet,motorcycle,1,No,0.81,250.95,UPI,Delivered,,31.0
ORD105705,DELRES13DEL08,27,3.9,Delhi,2026-06-28,17:25:00,Sunny,Low,2,Buffet,electric_scooter,1,No,5.7,746.31,Wallet,Delivered,,26.8
ORD104104,HYDRES06DEL01,28,4.1,Hyderabad,2026-06-28,17:40:00,Sandstorms,Jam,0,Buffet,scooter,0,No,6.91,214.82,UPI,Delivered,,54.9
ORD102649,DELRES27DEL01,42,4.4,Delhi,2026-06-28,17:43:00,Cloudy,Jam,3,Snack,motorcycle,0,No,2.01,195.76,UPI,Delivered,,44.5
ORD103519,CHERES09DEL05,34,4.1,Chennai,2026-06-28,17:43:00,Sunny,Jam,1,Meal,motorcycle,2,No,1.11,123.68,Card,Delivered,,39.6
ORD103148,HYDRES23DEL05,30,3.7,Hyderabad,2026-06-28,18:37:00,Sunny,Jam,0,Snack,electric_scooter,0,No,14.88,101.69,Card,Delivered,,59.2
ORD103058,BENRES13DEL04,29,4.4,Bengaluru,2026-06-28,18:49:00,Cloudy,Medium,2,Buffet,bicycle,1,No,1.7,262.51,UPI,Delivered,,31.0
ORD100000,HYDRES03DEL01,29,4.8,Hyderabad,2026-06-28,18:53:00,Windy,Low,1,Buffet,motorcycle,0,No,1.49,436.05,Wallet,Delivered,,20.0
ORD103577,CHERES18DEL07,18,4.1,Chennai,2026-06-28,19:02:00,Windy,Medium,1,Drinks,motorcycle,1,No,1.18,536.06,Card,Delivered,,29.1
ORD101067,KOLRES27DEL02,28,4.1,Kolkata,2026-06-28,19:06:00,Sunny,Medium,3,Meal,motorcycle,0,No,7.02,243.19,Cash,Delivered,,34.0
ORD100584,BENRES08DEL01,25,5.0,Bengaluru,2026-06-28,19:40:00,Sunny,High,2,Meal,motorcycle,1,No,1.17,359.49,UPI,Delivered,,27.1
ORD104059,DELRES11DEL02,22,4.4,Delhi,2026-06-28,19:53:00,Fog,Jam,3,Drinks,scooter,1,No,1.8,207.39,Wallet,Delivered,,53.4
ORD103942,BENRES40DEL05,20,5.0,Bengaluru,2026-06-28,19:55:00,Cloudy,Low,0,Meal,scooter,0,No,1.87,160.25,UPI,Delivered,,24.5
ORD100490,HYDRES31DEL03,36,4.3,Hyderabad,2026-06-28,19:57:00,Cloudy,Low,2,Drinks,electric_scooter,1,No,5.45,291.74,Wallet,Delivered,,28.7
ORD100625,DELRES01DEL08,30,4.6,Delhi,2026-06-28,20:00:00,Fog,High,3,Meal,motorcycle,0,No,11.22,372.65,UPI,Delivered,,49.3
ORD103500,BENRES12DEL05,23,4.9,Bengaluru,2026-06-28,20:00:00,Fog,High,0,Buffet,motorcycle,0,No,4.2,435.25,UPI,Delivered,,41.3
ORD102131,BENRES39DEL06,19,4.3,Bengaluru,2026-06-28,20:24:00,Fog,High,3,Buffet,motorcycle,0,No,2.13,192.91,UPI,Delivered,,35.1
ORD101315,MUMRES27DEL04,25,4.6,Mumbai,2026-06-28,20:30:00,Windy,Medium,1,Snack,motorcycle,2,No,2.5,325.62,Cash,Cancelled,Customer Cancelled,
ORD101613,MUMRES31DEL04,18,4.7,Mumbai,2026-06-28,20:30:00,Stormy,Low,0,Buffet,scooter,0,No,15.81,80.0,Wallet,Delivered,,49.0
ORD105411,DELRES30DEL05,37,4.5,Delhi,2026-06-28,20:42:00,Sunny,Medium,0,Buffet,scooter,0,No,8.88,256.39,UPI,Delivered,,34.6
ORD102851,PUNRES24DEL08,30,4.7,Pune,2026-06-28,20:49:00,Stormy,Medium,3,Snack,motorcycle,3,No,6.72,527.77,UPI,Cancelled,Weather Disruption,
ORD103404,PUNRES04DEL07,31,4.5,Pune,2026-06-28,20:54:00,Windy,High,0,Snack,motorcycle,0,No,11.96,313.9,UPI,Delivered,,52.2
ORD101996,PUNRES10DEL05,26,4.1,Pune,2026-06-28,21:50:00,Cloudy,Medium,1,Snack,motorcycle,1,No,2.24,144.16,Cash,Delivered,,33.5
ORD103143,BENRES40DEL08,27,4.0,Bengaluru,2026-06-28,21:52:00,Sunny,Medium,0,Snack,motorcycle,1,No,6.57,354.06,Card,Delivered,,36.4
ORD105469,CHERES08DEL01,37,3.8,Chennai,2026-06-28,21:59:00,Stormy,Low,0,Drinks,motorcycle,1,No,9.51,350.01,Cash,Delivered,,47.5
ORD103527,HYDRES32DEL02,29,4.6,Hyderabad,2026-06-28,23:24:00,Sunny,Medium,2,Meal,motorcycle,0,No,4.7,357.31,Card,Delivered,,33.9
ORD103620,MUMRES15DEL04,20,4.6,Mumbai,2026-06-28,23:53:00,Fog,Medium,2,Meal,motorcycle,1,No,8.04,190.93,UPI,Delivered,,45.7
ORD104998,DELRES39DEL01,43,4.3,Delhi,2026-06-29,06:52:00,Cloudy,Low,1,Meal,motorcycle,1,Yes,1.52,245.61,Wallet,Delivered,,32.5
ORD102446,HYDRES20DEL08,21,4.5,Hyderabad,2026-06-29,09:38:00,Cloudy,High,1,Snack,bicycle,1,Yes,2.32,688.2,UPI,Delivered,,38.8
ORD101417,MUMRES25DEL08,27,4.7,Mumbai,2026-06-29,10:10:00,Sunny,Medium,3,Snack,motorcycle,1,Yes,13.97,197.86,UPI,Delivered,,56.1
ORD100161,BENRES05DEL02,28,4.4,Bengaluru,2026-06-29,10:47:00,Windy,High,0,Meal,scooter,0,Yes,1.53,317.5,UPI,Delivered,,38.1
ORD101720,HYDRES37DEL05,31,4.0,Hyderabad,2026-06-29,10:50:00,Sunny,Medium,1,Snack,scooter,3,Yes,4.8,578.37,Cash,Delivered,,52.4
ORD103696,KOLRES13DEL07,24,4.2,Kolkata,2026-06-29,10:58:00,Sunny,Low,3,Drinks,scooter,0,Yes,5.01,447.59,UPI,Delivered,,37.4
ORD104370,BENRES15DEL04,30,4.5,Bengaluru,2026-06-29,11:02:00,Stormy,Medium,2,Drinks,electric_scooter,0,Yes,1.88,82.15,Wallet,Delivered,,40.5
ORD102297,DELRES36DEL08,36,3.8,Delhi,2026-06-29,11:04:00,Sunny,High,3,Drinks,motorcycle,0,Yes,3.59,289.98,UPI,Delivered,,39.9
ORD103933,MUMRES05DEL07,38,3.6,Mumbai,2026-06-29,11:07:00,Windy,Medium,3,Drinks,scooter,1,Yes,3.92,587.12,UPI,Delivered,,41.6
ORD105997,MUMRES05DEL08,36,4.6,Mumbai,2026-06-29,12:00:00,Cloudy,Jam,0,Drinks,scooter,2,Yes,25.0,301.58,Card,Delivered,,90.0
ORD102372,HYDRES28DEL01,38,4.2,Hyderabad,2026-06-29,12:02:00,Windy,Low,3,Meal,motorcycle,0,Yes,1.77,100.65,UPI,Delivered,,22.4
ORD103224,CHERES10DEL01,22,4.1,Chennai,2026-06-29,12:13:00,Sunny,Low,1,Meal,scooter,0,Yes,4.43,191.63,Cash,Delivered,,34.5
ORD103827,BENRES09DEL04,22,3.9,Bengaluru,2026-06-29,13:05:00,Cloudy,Low,1,Meal,electric_scooter,2,Yes,7.48,268.89,Cash,Delivered,,42.3
ORD103992,BENRES27DEL06,37,4.5,Bengaluru,2026-06-29,13:06:00,Sunny,High,3,Meal,scooter,2,Yes,1.85,391.3,UPI,Cancelled,Traffic Delay,
ORD103775,HYDRES09DEL07,40,4.7,Hyderabad,2026-06-29,15:14:00,Sunny,Low,1,Drinks,scooter,0,Yes,5.62,437.3,UPI,Delivered,,34.0
ORD104484,PUNRES23DEL05,18,4.6,Pune,2026-06-29,15:20:00,Sunny,Medium,3,Snack,bicycle,2,Yes,2.59,120.47,UPI,Delivered,,42.9
ORD101498,DELRES42DEL03,37,4.0,Delhi,2026-06-29,17:08:00,Fog,High,3,Meal,motorcycle,3,Yes,2.18,232.75,UPI,Delivered,,58.0
ORD100137,BENRES21DEL01,31,4.3,Bengaluru,2026-06-29,17:15:00,Windy,Low,1,Snack,electric_scooter,0,Yes,1.7,510.83,Cash,Delivered,,20.4
ORD103413,KOLRES10DEL07,38,4.6,Kolkata,2026-06-29,17:36:00,Cloudy,Medium,2,Meal,electric_scooter,2,Yes,5.7,265.04,Cash,Delivered,,50.1
ORD103901,BENRES27DEL05,39,5.0,Bengaluru,2026-06-29,17:42:00,Windy,Low,2,Meal,motorcycle,0,Yes,1.63,464.57,UPI,Delivered,,33.5
ORD105429,PUNRES32DEL04,20,4.7,Pune,2026-06-29,17:42:00,Windy,Low,0,Snack,scooter,0,Yes,4.75,407.51,Cash,Delivered,,38.6
ORD103834,BENRES20DEL01,36,4.2,Bengaluru,2026-06-29,17:46:00,Cloudy,High,2,Drinks,scooter,0,Yes,16.57,137.26,Wallet,Delivered,,61.5
ORD102003,KOLRES09DEL08,28,4.5,Kolkata,2026-06-29,18:25:00,Cloudy,High,2,Snack,motorcycle,0,Yes,3.66,640.71,UPI,Delivered,,44.6
ORD102915,KOLRES09DEL05,23,4.2,Kolkata,2026-06-29,18:32:00,Cloudy,Medium,2,Snack,motorcycle,0,Yes,1.19,207.45,UPI,Cancelled,Restaurant Delay,
ORD100835,DELRES24DEL08,25,4.2,Delhi,2026-06-29,18:37:00,Sunny,Low,0,Drinks,electric_scooter,1,Yes,3.17,241.11,UPI,Delivered,,34.6
ORD104616,BENRES13DEL01,28,4.6,Bengaluru,2026-06-29,18:58:00,Fog,Jam,1,Snack,motorcycle,0,Yes,11.13,296.74,UPI,Delivered,,66.6
ORD101744,CHERES01DEL07,26,4.2,Chennai,2026-06-29,19:05:00,Windy,Medium,0,Buffet,electric_scooter,0,Yes,3.08,508.08,Cash,Delivered,,36.6
ORD102305,DELRES44DEL05,36,3.7,Delhi,2026-06-29,19:07:00,Sunny,Low,0,Buffet,motorcycle,0,Yes,2.65,526.19,UPI,Delivered,,23.4
ORD102218,MUMRES09DEL01,27,4.9,Mumbai,2026-06-29,19:15:00,Sunny,Low,1,Meal,bicycle,0,Yes,2.84,274.63,UPI,Delivered,,34.5
ORD100367,BENRES38DEL01,36,4.2,Bengaluru,2026-06-29,19:26:00,Windy,High,2,Buffet,motorcycle,1,Yes,2.66,704.79,Wallet,Cancelled,Traffic Delay,
ORD103654,PUNRES30DEL07,40,5.0,Pune,2026-06-29,19:49:00,Sunny,Medium,2,Meal,scooter,0,Yes,5.16,317.5,UPI,Delivered,,38.0
ORD101247,BENRES08DEL03,31,4.1,Bengaluru,2026-06-29,20:23:00,Cloudy,Jam,2,Buffet,scooter,1,Yes,10.61,333.61,UPI,Cancelled,Customer Cancelled,
ORD104846,DELRES25DEL06,23,4.2,Delhi,2026-06-29,20:32:00,Sunny,High,3,Drinks,scooter,0,Yes,6.38,306.18,UPI,Delivered,,40.7
ORD104221,DELRES24DEL04,21,4.9,Delhi,2026-06-29,20:45:00,Cloudy,Medium,2,Meal,motorcycle,1,Yes,3.16,336.99,UPI,Cancelled,Customer Cancelled,
ORD100624,PUNRES18DEL05,33,4.7,Pune,2026-06-29,20:46:00,Cloudy,Low,0,Drinks,scooter,2,Yes,15.75,258.57,UPI,Delivered,,60.1
ORD101624,PUNRES32DEL07,33,4.0,Pune,2026-06-29,21:02:00,Sandstorms,Jam,0,Meal,motorcycle,2,Yes,7.27,413.54,UPI,Delivered,,73.4
ORD102920,DELRES04DEL04,27,4.6,Delhi,2026-06-29,21:05:00,Stormy,High,1,Drinks,scooter,0,Yes,4.1,270.21,UPI,Cancelled,Delivery Partner Unavailable,
ORD101515,CHERES21DEL05,24,4.3,Chennai,2026-06-29,21:13:00,Fog,Low,0,Snack,motorcycle,1,Yes,9.94,306.16,Card,Delivered,,50.5
ORD100506,BENRES11DEL01,38,4.5,Bengaluru,2026-06-29,21:26:00,Sunny,High,3,Meal,scooter,1,Yes,6.86,295.93,Card,Delivered,,49.2
ORD101504,MUMRES35DEL07,32,4.2,Mumbai,2026-06-29,21:32:00,Fog,High,0,Buffet,motorcycle,0,Yes,5.12,272.97,Cash,Delivered,,52.7
ORD103849,DELRES40DEL02,19,4.2,Delhi,2026-06-29,21:40:00,Sunny,Jam,1,Snack,motorcycle,1,Yes,6.73,464.45,UPI,Delivered,,50.0
ORD101554,PUNRES43DEL07,19,4.5,Pune,2026-06-29,21:52:00,Windy,Low,0,Drinks,motorcycle,0,Yes,1.59,535.64,UPI,Delivered,,24.2
ORD101345,HYDRES35DEL03,28,4.8,Hyderabad,2026-06-29,21:54:00,Stormy,Medium,2,Snack,motorcycle,0,Yes,6.09,119.89,UPI,Delivered,,47.0
ORD105324,PUNRES41DEL08,25,4.9,Pune,2026-06-29,22:24:00,Sunny,Jam,0,Drinks,motorcycle,0,Yes,1.46,182.37,UPI,Delivered,,40.4
ORD102361,PUNRES12DEL07,32,4.1,Pune,2026-06-29,22:41:00,Cloudy,High,2,Buffet,motorcycle,3,Yes,3.78,380.38,UPI,Delivered,,55.2
ORD101240,BENRES13DEL08,42,4.3,Bengaluru,2026-06-29,22:55:00,Sunny,Medium,1,Snack,motorcycle,1,Yes,5.24,194.96,UPI,Delivered,,38.1
ORD103436,KOLRES04DEL05,32,4.3,Kolkata,2026-06-29,23:43:00,Stormy,Low,0,Buffet,scooter,2,Yes,1.85,254.89,UPI,Cancelled,Restaurant Delay,
ORD105272,BENRES23DEL02,41,4.2,Bengaluru,2026-06-30,02:23:00,Cloudy,Jam,3,Drinks,scooter,0,No,2.45,228.14,UPI,Delivered,,39.8
ORD103146,MUMRES18DEL02,37,4.1,Mumbai,2026-06-30,08:28:00,Cloudy,Jam,3,Meal,motorcycle,1,No,2.09,118.32,Cash,Cancelled,Restaurant Delay,
ORD103987,HYDRES41DEL02,28,4.4,Hyderabad,2026-06-30,09:28:00,Sunny,Low,2,Meal,motorcycle,1,No,11.64,210.35,UPI,Delivered,,44.1
ORD105775,BENRES38DEL04,31,4.5,Bengaluru,2026-06-30,10:08:00,Sunny,High,3,Meal,motorcycle,2,No,2.89,168.27,Card,Delivered,,44.9
ORD103434,BENRES37DEL05,31,4.8,Bengaluru,2026-06-30,11:01:00,Sunny,Medium,0,Meal,scooter,1,No,3.61,246.68,UPI,Delivered,,30.0
ORD101599,MUMRES24DEL08,41,4.2,Mumbai,2026-06-30,11:08:00,Sunny,High,1,Buffet,scooter,1,No,7.22,80.0,Wallet,Delivered,,45.0
ORD104779,KOLRES20DEL03,29,4.6,Kolkata,2026-06-30,11:41:00,Cloudy,Medium,1,Buffet,motorcycle,0,No,1.81,217.14,Card,Delivered,,26.0
ORD101184,BENRES02DEL07,31,4.5,Bengaluru,2026-06-30,11:51:00,Stormy,High,1,Drinks,bicycle,0,No,9.98,261.46,Cash,Delivered,,49.2
ORD100850,HYDRES22DEL08,38,3.8,Hyderabad,2026-06-30,12:08:00,Windy,Medium,2,Meal,motorcycle,0,No,3.67,796.67,UPI,Delivered,,33.7
ORD102108,MUMRES19DEL02,30,4.4,Mumbai,2026-06-30,12:09:00,Sunny,Low,2,Meal,motorcycle,0,No,2.15,262.68,Card,Delivered,,25.2
ORD104222,PUNRES07DEL01,27,3.9,Pune,2026-06-30,12:47:00,Cloudy,Medium,1,Buffet,motorcycle,0,No,2.32,342.11,UPI,Delivered,,25.7
ORD105467,CHERES04DEL02,22,4.4,Chennai,2026-06-30,12:52:00,Cloudy,Low,3,Meal,motorcycle,0,No,1.89,335.42,UPI,Delivered,,17.9
ORD100644,DELRES27DEL06,37,3.8,Delhi,2026-06-30,12:54:00,Stormy,Jam,2,Snack,motorcycle,0,No,9.6,247.22,Cash,Delivered,,53.4
ORD104637,MUMRES03DEL06,29,4.3,Mumbai,2026-06-30,13:35:00,Windy,High,1,Buffet,motorcycle,0,No,2.66,228.35,Cash,Delivered,,31.2
ORD100996,MUMRES19DEL02,31,4.0,Mumbai,2026-06-30,13:36:00,Sunny,Low,1,Drinks,scooter,0,No,6.19,181.16,UPI,Delivered,,34.1
ORD105582,MUMRES12DEL05,30,4.7,Mumbai,2026-06-30,14:07:00,Cloudy,Low,0,Drinks,motorcycle,2,No,5.66,305.67,Wallet,Delivered,,44.8
ORD102092,HYDRES16DEL05,33,4.1,Hyderabad,2026-06-30,14:24:00,Cloudy,Medium,3,Buffet,scooter,2,No,6.2,343.23,UPI,Delivered,,45.4
ORD100352,PUNRES18DEL02,29,4.3,Pune,2026-06-30,14:49:00,Stormy,Low,0,Drinks,motorcycle,3,No,15.42,612.48,UPI,Delivered,,63.1
ORD100154,DELRES18DEL05,18,4.8,Delhi,2026-06-30,14:54:00,Windy,High,1,Meal,electric_scooter,0,No,2.58,494.64,UPI,Delivered,,32.4
ORD100448,CHERES18DEL06,34,3.6,Chennai,2026-06-30,15:30:00,Cloudy,High,0,Buffet,electric_scooter,0,No,0.88,199.69,UPI,Delivered,,26.8
ORD101270,MUMRES24DEL06,35,4.1,Mumbai,2026-06-30,15:39:00,Cloudy,Low,1,Meal,motorcycle,0,No,1.04,335.48,UPI,Delivered,,19.5
ORD105965,DELRES06DEL03,22,4.3,Delhi,2026-06-30,15:53:00,Windy,Medium,3,Snack,motorcycle,0,No,15.66,156.26,UPI,Delivered,,49.6
ORD100243,MUMRES41DEL08,26,4.8,Mumbai,2026-06-30,16:29:00,Windy,Medium,2,Snack,bicycle,0,No,3.14,413.33,Cash,Delivered,,26.3
ORD102150,DELRES26DEL06,34,4.4,Delhi,2026-06-30,16:48:00,Cloudy,High,0,Buffet,motorcycle,1,No,1.16,228.91,UPI,Delivered,,33.8
ORD100697,MUMRES20DEL05,26,4.4,Mumbai,2026-06-30,17:30:00,Windy,Medium,1,Drinks,motorcycle,0,No,1.84,424.24,UPI,Delivered,,26.5
ORD102128,BENRES06DEL04,30,4.7,Bengaluru,2026-06-30,17:49:00,Sunny,Low,0,Buffet,motorcycle,1,No,7.4,296.3,Cash,Delivered,,35.1
ORD104168,PUNRES33DEL06,31,4.8,Pune,2026-06-30,17:52:00,Sunny,Medium,1,Drinks,scooter,1,No,15.37,182.36,UPI,Delivered,,41.1
ORD104044,PUNRES27DEL03,40,3.9,Pune,2026-06-30,17:55:00,Cloudy,High,0,Snack,bicycle,1,No,2.1,349.57,UPI,Delivered,,33.3
ORD100833,MUMRES07DEL04,34,4.9,Mumbai,2026-06-30,17:58:00,Fog,High,0,Drinks,scooter,1,No,12.13,416.93,UPI,Delivered,,52.4
ORD100705,DELRES07DEL05,22,4.2,Delhi,2026-06-30,18:42:00,Sandstorms,Low,1,Drinks,electric_scooter,2,No,2.38,123.54,Card,Delivered,,48.7
ORD104758,HYDRES20DEL02,31,4.5,Hyderabad,2026-06-30,19:08:00,Sunny,Jam,2,Meal,electric_scooter,0,No,5.57,296.24,UPI,Delivered,,40.9
ORD103639,DELRES36DEL06,25,4.6,Delhi,2026-06-30,19:22:00,Sandstorms,Jam,2,Meal,motorcycle,0,No,4.35,278.45,UPI,Cancelled,Weather Disruption,
ORD100273,MUMRES18DEL08,18,4.2,Mumbai,2026-06-30,19:25:00,Sunny,Medium,3,Snack,scooter,2,No,3.54,517.14,UPI,Delivered,,38.4
ORD105700,MUMRES26DEL01,25,4.5,Mumbai,2026-06-30,19:30:00,Stormy,Medium,0,Meal,scooter,0,No,7.38,266.62,Cash,Delivered,,49.4
ORD103445,DELRES13DEL04,29,4.6,Delhi,2026-06-30,20:15:00,Sunny,Medium,1,Drinks,motorcycle,0,No,1.21,182.52,UPI,Delivered,,17.1
ORD105785,MUMRES18DEL04,25,4.5,Mumbai,2026-06-30,20:34:00,Sunny,Low,0,Drinks,motorcycle,0,No,3.82,556.35,UPI,Delivered,,27.0
ORD105522,KOLRES14DEL01,28,4.5,Kolkata,2026-06-30,20:36:00,Sunny,High,3,Buffet,bicycle,0,No,8.26,459.51,Wallet,Delivered,,40.2
ORD103778,BENRES25DEL07,44,4.5,Bengaluru,2026-06-30,20:40:00,Sunny,Medium,0,Meal,bicycle,1,No,4.62,181.61,Cash,Cancelled,Weather Disruption,
ORD102367,BENRES23DEL08,25,4.3,Bengaluru,2026-06-30,20:46:00,Cloudy,Low,3,Drinks,scooter,1,No,1.92,304.91,Cash,Cancelled,Weather Disruption,
ORD100080,KOLRES07DEL07,32,3.9,Kolkata,2026-06-30,20:56:00,Sunny,High,1,Drinks,electric_scooter,0,No,1.3,241.15,UPI,Delivered,,28.2
ORD102659,MUMRES38DEL04,31,4.2,Mumbai,2026-06-30,20:58:00,Cloudy,High,1,Drinks,motorcycle,0,No,1.69,487.12,Card,Delivered,,32.1
ORD101129,BENRES11DEL04,36,5.0,Bengaluru,2026-06-30,21:07:00,Sunny,Low,3,Buffet,scooter,0,No,1.42,324.93,Card,Delivered,,13.5
ORD100064,BENRES30DEL05,30,4.3,Bengaluru,2026-06-30,21:13:00,Sunny,Medium,2,Snack,electric_scooter,1,No,4.07,134.03,Wallet,Delivered,,32.0
ORD103850,HYDRES21DEL04,32,4.7,Hyderabad,2026-06-30,21:13:00,Stormy,Medium,0,Drinks,bicycle,0,No,7.42,776.33,UPI,Delivered,,34.9
ORD102112,PUNRES06DEL01,25,4.5,Pune,2026-06-30,21:50:00,Windy,Jam,0,Drinks,electric_scooter,0,No,16.0,171.62,UPI,Cancelled,Weather Disruption,
ORD103124,CHERES26DEL05,26,4.0,Chennai,2026-06-30,21:55:00,Sandstorms,Low,1,Meal,motorcycle,0,No,2.26,326.62,Wallet,Cancelled,Weather Disruption,
ORD105188,BENRES08DEL08,32,4.0,Bengaluru,2026-06-30,22:37:00,Windy,High,1,Meal,scooter,0,No,4.74,247.98,UPI,Delivered,,34.4
ORD105043,BENRES43DEL02,34,4.7,Bengaluru,2026-06-30,22:58:00,Sandstorms,High,1,Drinks,motorcycle,0,No,7.16,384.39,UPI,Delivered,,42.5
ORD100925,KOLRES17DEL02,31,4.5,Kolkata,2026-06-30,23:00:00,Sunny,Low,3,Meal,motorcycle,0,No,21.27,302.52,Wallet,Delivered,,52.5
ORD104255,BENRES32DEL04,26,4.5,Bengaluru,2026-06-30,23:46:00,Fog,Medium,1,Buffet,motorcycle,0,No,2.95,170.47,UPI,Delivered,,26.1
